date,campus,level,record_type,address,zip,status,violation_count,violations
2026-08-28,HARTMAN MIDDLE SCHOOL,Middle / Jr. High,grease_trap,7111 WESTOVER HOUSTON TX,77087,OPEN,0,
2026-08-28,HARTMAN MIDDLE SCHOOL,Middle / Jr. High,inspection,7111 WESTOVER HOUSTON TX,77087,OPEN,1,1 Houston Ordinance Violation: 5-205.15 (Violation Repeat)
2026-08-27,ENERGY INSTITUTE HIGH SCHOOL,High School,inspection,3501 SOUTHMORE BLVD HOUSTON TX,77004,OPEN,3,1 Houston Ordinance Violation: 6-202.15(D) (Violation) | 2 Houston Ordinance Violation: 6-501.111(B) (Violation) | 3 Houston Ordinance Violation: 6-304.11 (Violation Repeat)
2026-08-27,ENERGY INSTITUTE HIGH SCHOOL,High School,grease_trap,3501 SOUTHMORE BLVD HOUSTON TX,77004,OPEN,0,
2026-08-27,ALDINE HIGH SCHOOL,High School,grease_trap,11101 AIRLINE DR HOUSTON TX,77037,OPEN,0,
2026-08-26,GREGORY-LINCOLN EDUCATION CENTER,Middle / Jr. High,inspection,1101 TAFT HOUSTON TX,77019,OPEN,3,1 Houston Ordinance Violation: 8-304.11(K) (Violation Corrected On Site) | 2 Houston Ordinance Violation: TAC-228.32 (Violation Corrected On Site) | 3 Houston Ordinance Violation: 4-601.11(C) (Violation)
2026-08-26,GREGORY-LINCOLN EDUCATION CENTER,Middle / Jr. High,grease_trap,1101 TAFT HOUSTON TX,77019,OPEN,0,
2026-08-26,BRAZOS SCHOOL FOR INQUIRY & CREATIVITY,Elementary,inspection,1055 W TIDWELL HOUSTON TX,77091,OPEN,2,1 Houston Ordinance Violation: 4-204.112(A) (Violation Repeat) | 2 Houston Ordinance Violation: 4-501.19 (Violation Corrected On Site Repeat)
2026-08-25,DANIEL ORTIZ MIDDLE SCHOOL,Middle / Jr. High,inspection,6767 TELEPHONE HOUSTON TX,77061,OPEN,0,
2026-08-25,DANIEL ORTIZ MIDDLE SCHOOL,Middle / Jr. High,grease_trap,6767 TELEPHONE HOUSTON TX,77061,OPEN,0,
2026-08-25,Carver High School @ EISENHOWER 9TH GRADE,High School,inspection,3550 W GULF BANK HOUSTON TX,77088,OPEN,4,1 Houston Ordinance Violation: 8-304.11(K) (Violation Corrected On Site) | 2 Houston Ordinance Violation: 4-402.11(A)(3) (Violation) | 3 Houston Ordinance Violation: 6-201.17(B) (Violation Repeat) | 4 Houston Ordinance Violation: 6-501.14(A) (Violation)
2026-08-25,Carver High School @ EISENHOWER 9TH GRADE,High School,grease_trap,3550 W GULF BANK HOUSTON TX,77088,OPEN,0,
2026-08-24,EISENHOWER HIGH SCHOOL,High School,inspection,7922 ANTOINE HOUSTON TX,77088,OPEN,3,1 Houston Ordinance Violation: 8-304.11(K) (Violation) | 2 Houston Ordinance Violation: 4-402.11(A)(3) (Violation) | 3 Houston Ordinance Violation: 6-101.11(A)(3) (Violation)
2026-08-24,EISENHOWER HIGH SCHOOL,High School,grease_trap,7922 ANTOINE HOUSTON TX,77088,OPEN,0,
2026-08-24,BUSH ELEMENTARY,Elementary,grease_trap,9730 STROUD HOUSTON TX,77036,OPEN,0,
2026-08-21,ANDERSON ACADEMY,Elementary,inspection,7401 WHEATLEY HOUSTON TX,77088,OPEN,6,1 Houston Ordinance Violation: 8-304.11(K) (Violation) | 2 Houston Ordinance Violation: 3-501.17(A) (Violation Corrected On Site) | 3 Houston Ordinance Violation: 2-402.11 (Violation Corrected On Site) | 4 Houston Ordinance Violation: 4-402.11(A)(3) (Violation) | 5 Houston Ordinance Violation: 5-501.15(A) (Violation Repeat) | 6 Houston Ordinance Violation: 6-201.17(B) (Violation)
2026-08-21,ANDERSON ACADEMY,Elementary,grease_trap,7401 WHEATLEY HOUSTON TX,77088,OPEN,0,
2026-08-20,BRAZOS SCHOOL FOR INQUIRY & CREATIVITY,Elementary,grease_trap,1055 W TIDWELL HOUSTON TX,77091,OPEN,0,
2026-08-20,BRAZOS SCHOOL FOR INQUIRY & CREATIVITY,Elementary,inspection,1055 W TIDWELL HOUSTON TX,77091,OPEN,5,2 Houston Ordinance Violation: 8-304.11(K) (Violation) | 24 Houston Ordinance Violation: TAC-228.32 (Violation) | 31 Houston Ordinance Violation: 4-204.112(A) (Violation Corrected On Site) | 44 Houston Ordinance Violation: 4-501.19 (Violation) | 48 Houston Ordinance Violation: 5-205.15 (Violation)
2026-08-19,WHARTON ELEMENTARY SCHOOL,Elementary,inspection,900 W GRAY ST HOUSTON TX,77019,OPEN,3,1 Houston Ordinance Violation: 8-304.11(K) (Violation) | 2 Houston Ordinance Violation: TAC-228.32 (Violation) | 3 Houston Ordinance Violation: 4-601.11(C) (Violation Corrected On Site Repeat)
2026-08-19,WHARTON ELEMENTARY SCHOOL,Elementary,grease_trap,900 W GRAY ST HOUSTON TX,77019,OPEN,0,
2026-08-17,ERMEL ELEMENTARY,Elementary,inspection,7103 WOODSMAN TRAIL HOUSTON TX,77040,OPEN,4,1 Houston Ordinance Violation: 3-501.16(A)(1) (Violation Corrected On Site) | 2 Houston Ordinance Violation: 6-202.15(A) (Violation) | 3 Houston Ordinance Violation: 4-601.11(C) (Violation) | 4 Houston Ordinance Violation: 6-501.11 (Violation)
2026-08-17,ERMEL ELEMENTARY,Elementary,grease_trap,7103 WOODSMAN TRAIL HOUSTON TX,77040,OPEN,0,
2026-08-14,WOODVIEW ELEMENTARY SCHOOL,Elementary,inspection,9749 CEDARDALE DR HOUSTON TX,77055,OPEN,1,1 Houston Ordinance Violation: COH-47-512(b) (Violation)
2026-08-14,WOODVIEW ELEMENTARY SCHOOL,Elementary,inspection,9749 CEDARDALE DR HOUSTON TX,77055,OPEN,0,
2026-08-14,WOODVIEW ELEMENTARY SCHOOL,Elementary,inspection,9749 CEDARDALE DR HOUSTON TX,77055,OPEN,2,1 Houston Ordinance Violation: TAC-228.32 (Violation Corrected On Site) | 2 Houston Ordinance Violation: 3-304.14(B) (Violation Corrected On Site)
2026-08-13,GOODMAN ELEMENTARY,Elementary,inspection,9325 DEER TRAIL HOUSTON TX,77088,OPEN,3,1 Houston Ordinance Violation: 8-304.11(K) (Violation Corrected On Site) | 2 Houston Ordinance Violation: 3-501.16(A)(1) (Violation Corrected On Site Repeat) | 3 Houston Ordinance Violation: 4-204.19 (Violation)
2026-08-13,GOODMAN ELEMENTARY,Elementary,grease_trap,9325 DEER TRAIL HOUSTON TX,77088,OPEN,0,
2026-08-11,OSBORNE ELEMENTARY,Elementary,inspection,800 RINGOLD ST HOUSTON TX,77088,OPEN,4,1 Houston Ordinance Violation: 8-304.11(K) (Violation) | 2 Houston Ordinance Violation: 3-305.12 (Violation Repeat) | 3 Houston Ordinance Violation: 4-601.11(C) (Violation) | 4 Houston Ordinance Violation: 5-501.113 (Violation)
2026-08-11,OSBORNE ELEMENTARY,Elementary,grease_trap,800 RINGOLD ST HOUSTON TX,77088,OPEN,0,
2026-08-06,SECOND BAPTIST CHURCH MAIN,Middle / Jr. High,inspection,6400 WOODWAY HOUSTON TX,77057,OPEN,1,1 Houston Ordinance Violation: 4-204.112(A) (Violation Corrected On Site)
2026-08-04,BOOKER T. WASHINGTON HIGH SCHOOL,High School,inspection,4204 YALE ST HOUSTON TX,77018,OPEN,0,
2026-08-04,BOOKER T. WASHINGTON HIGH SCHOOL,High School,inspection,4204 YALE ST HOUSTON TX,77018,OPEN,0,
2026-07-21,BOOKER T. WASHINGTON HIGH SCHOOL,High School,grease_trap,4204 YALE ST HOUSTON TX,77018,OPEN,0,
2026-07-21,BOOKER T. WASHINGTON HIGH SCHOOL,High School,inspection,4204 YALE ST HOUSTON TX,77018,OPEN,1,1 Houston Ordinance Violation: 6-501.111(C) (Violation)
2026-07-21,BARRICK ELEMENTARY,Elementary,inspection,12001 WINFREY HOUSTON TX,77076,OPEN,2,1 Houston Ordinance Violation: 6-501.111(C) (Violation) | 2 Houston Ordinance Violation: 6-501.112 (Violation)
2026-07-20,YELLOWSTONE ACADEMY,Elementary,inspection,3000 TRULLEY ST HOUSTON TX,77004,OPEN,4,1 Houston Ordinance Violation: 6-202.15(A) (Violation) | 2 Houston Ordinance Violation: 4-402.11(A)(3) (Violation) | 3 Houston Ordinance Violation: 5-501.113 (Violation) | 4 Houston Ordinance Violation: 5-501.115 (Violation)
2026-06-09,THE DREAM CENTER HOUSTON,Middle / Jr. High,inspection,6651 HAWES HOUSTON TX,77396,OPEN,12,3 Houston Ordinance Violation: 6-301.11 (Violation) | 4 Houston Ordinance Violation: 6-301.12(B) (Violation Repeat) | 14 Houston Ordinance Violation: TAC-228.31(a) (Violation) | 25 Houston Ordinance Violation: TAC-228.32 (Violation Corrected On Site) | 32 Houston Ordinance Violation: 4-302.12 (Violation) | 44 Houston Ordinance Violation: 4-402.11(A)(3) (Violation Repeat) | 46 Houston Ordinance Violation: 4-601.11(C) (Violation) | 47 Houston Ordinance Violation: 2-501.11 (Violation) | 51 Houston Ordinance Violation: 5-501.17 (Violation) | 52 Houston Ordinance Violation: 6-501.12(A) (Violation Repeat) | 53 Houston Ordinance Violation: 6-501.11 (Violation) | 54 Houston Ordinance Violation: COH-21-244(a) (Violation Repeat)
2026-06-09,THE DREAM CENTER HOUSTON,Middle / Jr. High,inspection,6651 HAWES HOUSTON TX,77396,OPEN,0,
2026-06-04,SPRING BRANCH-EAST TRANSITION CENTER,Middle / Jr. High,inspection,8655 EMNORA LN HOUSTON TX,77080,OPEN,0,
2026-06-04,KATHERINE SMITH ELEMENTARY,Elementary,inspection,4802 CHRYSTELL HOUSTON TX,77092,OPEN,0,
2026-06-03,SUGAR GROVE ACADEMY,Middle / Jr. High,grease_trap,8405 BONHOMME HOUSTON TX,77074,OPEN,0,
2026-06-03,SUGAR GROVE ACADEMY,Middle / Jr. High,inspection,8405 BONHOMME HOUSTON TX,77074,OPEN,3,1 Houston Ordinance Violation: 5-205.11(B) (Violation Corrected On Site) | 2 Houston Ordinance Violation: 6-501.111(B) (Violation) | 3 Houston Ordinance Violation: 6-501.112 (Violation Corrected On Site)
2026-06-02,ARABIC IMMERSION MAGNET SCHOOL,Elementary,inspection,4001 STANFORD ST HOUSTON TX,77006,OPEN,3,1 Houston Ordinance Violation: 3-501.16(A)(1) (Violation Corrected On Site) | 2 Houston Ordinance Violation: 4-501.11(A) (Violation) | 3 Houston Ordinance Violation: 4-601.11(C) (Violation)
2026-06-02,ARABIC IMMERSION MAGNET SCHOOL,Elementary,inspection,4001 STANFORD ST HOUSTON TX,77006,OPEN,1,1 Houston Ordinance Violation: 5-501.15(A) (Violation)
2026-06-02,ARABIC IMMERSION MAGNET SCHOOL,Elementary,grease_trap,4001 STANFORD ST HOUSTON TX,77006,OPEN,0,
2026-06-01,MCNAMARA ELEMENTARY SCHOOL,Elementary,inspection,8714 MCAVOY HOUSTON TX,77074,OPEN,1,1 Houston Ordinance Violation: 6-501.112 (Violation Corrected On Site)
2026-06-01,LONG MIDDLE SCHOOL,Middle / Jr. High,inspection,6501 BELLAIRE BLVD HOUSTON TX,77074,OPEN,0,
2026-06-01,ALIEF HIGH SCHOOL ANNEX,High School,inspection,12501 HIGH STAR HOUSTON TX,77072,OPEN,0,
2026-06-01,ALIEF HIGH SCHOOL ANNEX,High School,grease_trap,12501 HIGH STAR HOUSTON TX,77072,OPEN,0,
2026-06-01,ALIEF HIGH SCHOOL ANNEX,High School,inspection,12501 HIGH STAR HOUSTON TX,77072,OPEN,0,
2026-05-29,MCNAMARA ELEMENTARY SCHOOL,Elementary,inspection,8714 MCAVOY HOUSTON TX,77074,OPEN,1,1 Houston Ordinance Violation: 6-501.18 (Violation)
2026-05-29,MCNAMARA ELEMENTARY SCHOOL,Elementary,grease_trap,8714 MCAVOY HOUSTON TX,77074,OPEN,0,
2026-05-29,MCNAMARA ELEMENTARY SCHOOL,Elementary,inspection,8714 MCAVOY HOUSTON TX,77074,OPEN,7,13 Houston Ordinance Violation: 2-102.12(A) (Violation Corrected On Site) | 15 Houston Ordinance Violation: 3-501.16(A)(1) (Violation Corrected On Site) | 33 Houston Ordinance Violation: 6-501.111(D) (Violation) | 43 Houston Ordinance Violation: 4-501.11(A) (Violation) | 44 Houston Ordinance Violation: 4-601.11(C) (Violation) | 50 Houston Ordinance Violation: 5-501.116(B) (Violation) | 51 Houston Ordinance Violation: 6-501.12(A) (Violation)
2026-05-29,ENERGIZED FOR STEM,High School,grease_trap,7055 BEECHNUT ST HOUSTON TX,77074,OPEN,0,
2026-05-29,ENERGIZED FOR STEM,High School,inspection,7055 BEECHNUT ST HOUSTON TX,77074,OPEN,3,33 Houston Ordinance Violation: 6-202.15(A) (Violation) | 48 Houston Ordinance Violation: 5-402.11(A) (Violation) | 51 Houston Ordinance Violation: 6-303.11(C) (Violation)
2026-05-29,BONHAM ELEMENTARY SCHOOL,Elementary,grease_trap,8302 BRAES RIVER HOUSTON TX,77074,OPEN,0,
2026-05-29,BONHAM ELEMENTARY SCHOOL,Elementary,inspection,8302 BRAES RIVER HOUSTON TX,77074,OPEN,0,
2026-05-29,BONHAM ELEMENTARY SCHOOL,Elementary,inspection,8302 BRAES RIVER HOUSTON TX,77074,OPEN,3,43 Houston Ordinance Violation: 4-501.11(A) (Violation) | 51 Houston Ordinance Violation: 5-501.115 (Violation) | 52 Houston Ordinance Violation: 6-501.11 (Violation)
2026-05-28,YOUNG WOMEN'S COLLEGE PREP ACADEMY,Middle / Jr. High,inspection,1906 CLEBURNE ST HOUSTON TX,77004,OPEN,1,1 Houston Ordinance Violation: 5-202.11(A)A (Violation)
2026-05-28,YOUNG WOMEN'S COLLEGE PREP ACADEMY,Middle / Jr. High,inspection,1906 CLEBURNE ST HOUSTON TX,77004,OPEN,2,29 Houston Ordinance Violation: 6-202.15(A) (Violation) | 47 Houston Ordinance Violation: 6-501.11 (Violation)
2026-05-28,YOUNG WOMEN'S COLLEGE PREP ACADEMY,Middle / Jr. High,grease_trap,1906 CLEBURNE ST HOUSTON TX,77004,OPEN,0,
2026-05-28,ROBERTS ELEMENTARY,Elementary,inspection,6000 GREENBRIAR HOUSTON TX,77030,OPEN,3,25 Houston Ordinance Violation: 6-202.15(A) (Violation) | 33 Houston Ordinance Violation: 4-501.11(A) (Violation) | 42 Houston Ordinance Violation: 6-501.11 (Violation Repeat)
2026-05-28,ROBERTS ELEMENTARY,Elementary,inspection,6000 GREENBRIAR HOUSTON TX,77030,OPEN,2,1 Houston Ordinance Violation: 6-202.15(A) (Violation) | 2 Houston Ordinance Violation: 6-501.11 (Violation)
2026-05-28,ROBERTS ELEMENTARY,Elementary,grease_trap,6000 GREENBRIAR HOUSTON TX,77030,OPEN,0,
2026-05-28,MARTINEZ EARLY LEARNING CENTER,Elementary,inspection,10807 BOONE LOOP RD HOUSTON TX,77099,OPEN,0,
2026-05-28,MARTINEZ EARLY LEARNING CENTER,Elementary,inspection,10807 BOONE LOOP RD HOUSTON TX,77099,OPEN,0,
2026-05-28,MARTINEZ EARLY LEARNING CENTER,Elementary,inspection,10807 BOONE LOOP RD HOUSTON TX,77099,OPEN,0,
2026-05-28,HOUSTON CAN ACADEMY,High School,grease_trap,10914 S GESSNER DR HOUSTON TX,77071,OPEN,1,1 Houston Ordinance Violation: COH-47-521 (Violation)
2026-05-28,HOUSTON CAN ACADEMY,High School,inspection,10914 S GESSNER DR HOUSTON TX,77071,OPEN,2,1 Houston Ordinance Violation: 6-202.15(A) (Violation) | 2 Houston Ordinance Violation: 6-501.12(A) (Violation)
2026-05-28,BAYLOR COLLEGE OF MEDICINE ACADEMY @ RYAN,Middle / Jr. High,grease_trap,2610 ELGIN HOUSTON TX,77004,OPEN,0,
2026-05-28,BAYLOR COLLEGE OF MEDICINE ACADEMY @ RYAN,Middle / Jr. High,inspection,2610 ELGIN HOUSTON TX,77004,OPEN,2,1 Houston Ordinance Violation: 4-601.11(C) (Violation) | 2 Houston Ordinance Violation: 5-202.13 (Violation)
2026-05-27,KIPP SW HS/MS/PS,Middle / Jr. High,grease_trap,10711 KIPP WAY HOUSTON TX,77099,OPEN,0,
2026-05-27,KIPP SW HS/MS/PS,Middle / Jr. High,grease_trap,10711 KIPP WAY HOUSTON TX,77099,OPEN,0,
2026-05-27,KIPP SW HS/MS/PS,Middle / Jr. High,grease_trap,10711 KIPP WAY HOUSTON TX,77099,OPEN,0,
2026-05-27,KIPP SW HS/MS/PS,Middle / Jr. High,inspection,10711 KIPP WAY HOUSTON TX,77099,OPEN,0,
2026-05-27,KIPP SW HS/MS/PS,Middle / Jr. High,inspection,10711 KIPP WAY HOUSTON TX,77099,OPEN,0,
2026-05-27,KIPP SW HS/MS/PS,Middle / Jr. High,inspection,10711 KIPP WAY HOUSTON TX,77099,OPEN,1,1 Houston Ordinance Violation: 4-501.11(A) (Violation)
2026-05-27,KIPP CONNECT PREP,High School,grease_trap,6700 BELLAIRE BLVD HOUSTON TX,77074,OPEN,0,
2026-05-27,KIPP CONNECT PREP,High School,inspection,6700 BELLAIRE BLVD HOUSTON TX,77074,OPEN,0,
2026-05-26,YES PREP ELEMENTARY- BRAYS OAKS,Elementary,inspection,9060 BENNING DR HOUSTON TX,77031,OPEN,1,1 Houston Ordinance Violation: COH-47-512(b) (Violation)
2026-05-26,YES PREP ELEMENTARY- BRAYS OAKS,Elementary,inspection,9060 BENNING DR HOUSTON TX,77031,OPEN,2,1 Houston Ordinance Violation: 4-101.19 (Violation) | 2 Houston Ordinance Violation: 5-501.113 (Violation)
2026-05-26,STEPPING STONE CHARTER SCHOOL,Middle / Jr. High,inspection,11001 S WILCREST HOUSTON TX,77099,OPEN,0,
2026-05-26,KIPP CONNECT PS,Middle / Jr. High,grease_trap,6700 BELLAIRE BLVD HOUSTON TX,77074,OPEN,0,
2026-05-26,KIPP CONNECT PS,Middle / Jr. High,inspection,6700 BELLAIRE BLVD HOUSTON TX,77074,OPEN,1,1 Houston Ordinance Violation: 6-501.111(C) (Violation)
2026-05-26,KELSO ELEMENTARY,Elementary,grease_trap,5800 SOUTHMUND HOUSTON TX,77033,OPEN,0,
2026-05-26,KELSO ELEMENTARY,Elementary,inspection,5800 SOUTHMUND HOUSTON TX,77033,OPEN,1,1 Houston Ordinance Violation: 5-501.11 (Violation)
2026-05-22,WESTBURY SENIOR HIGH,High School,inspection,11911 CHIMNEY ROCK RD HOUSTON TX,77035,OPEN,0,
2026-05-22,WESTBURY SENIOR HIGH,High School,grease_trap,11911 CHIMNEY ROCK RD HOUSTON TX,77035,OPEN,0,
2026-05-22,WESTBURY SENIOR HIGH,High School,inspection,11911 CHIMNEY ROCK RD HOUSTON TX,77035,OPEN,2,1 Houston Ordinance Violation: 5-501.115 (Violation) | 2 Houston Ordinance Violation: 6-501.12(A) (Violation)
2026-05-22,THE NEIGHBORHOOD SCHOOL OF SOUTHWEST HOUSTON,Elementary,inspection,10570 WESTPARK DR HOUSTON TX,77042,OPEN,2,1 Houston Ordinance Violation: 6-501.112 (Violation) | 2 Houston Ordinance Violation: 6-501.114(A) (Violation)
2026-05-22,JAMES HOLUB MIDDLE SCHOOL,Middle / Jr. High,grease_trap,9515 DAIRY ASHFORD HOUSTON TX,77099,OPEN,0,
2026-05-22,JAMES HOLUB MIDDLE SCHOOL,Middle / Jr. High,inspection,9515 DAIRY ASHFORD HOUSTON TX,77099,OPEN,0,
2026-05-22,JAMES HOLUB MIDDLE SCHOOL,Middle / Jr. High,inspection,9515 DAIRY ASHFORD HOUSTON TX,77099,OPEN,0,
2026-05-21,THE DRAW ACADEMY,Elementary,inspection,3920 STONEY BROOK HOUSTON TX,77063,OPEN,0,
2026-05-21,THE DRAW ACADEMY,Elementary,inspection,3920 STONEY BROOK HOUSTON TX,77063,OPEN,1,1 Houston Ordinance Violation: 6-301.14 (Violation)
2026-05-21,RICE SCHOOL,Middle / Jr. High,grease_trap,7550 SEUSS HOUSTON TX,77025,OPEN,0,
2026-05-21,RICE SCHOOL,Middle / Jr. High,inspection,7550 SEUSS HOUSTON TX,77025,OPEN,0,
2026-05-21,PYBURN ELEMENTARY SCHOOL,Elementary,inspection,12302 COULSON ST HOUSTON TX,77015,OPEN,2,1 Houston Ordinance Violation: 3-501.16(A)(1) (Violation Corrected On Site) | 2 Houston Ordinance Violation: 3-501.17(A) (Violation)
2026-05-21,PYBURN ELEMENTARY SCHOOL,Elementary,inspection,12302 COULSON ST HOUSTON TX,77015,OPEN,0,
2026-05-21,LONG MIDDLE SCHOOL,Middle / Jr. High,grease_trap,6501 BELLAIRE BLVD HOUSTON TX,77074,OPEN,0,
2026-05-21,LONG MIDDLE SCHOOL,Middle / Jr. High,inspection,6501 BELLAIRE BLVD HOUSTON TX,77074,OPEN,0,
2026-05-21,LONG MIDDLE SCHOOL,Middle / Jr. High,inspection,6501 BELLAIRE BLVD HOUSTON TX,77074,OPEN,0,
2026-05-21,KIPP NEXUS PS/MS,Middle / Jr. High,grease_trap,4211 WATONGA HOUSTON TX,77092,OPEN,0,
2026-05-21,KIPP NEXUS PS/MS,Middle / Jr. High,inspection,4211 WATONGA HOUSTON TX,77092,OPEN,1,3 Houston Ordinance Violation: 4-501.11(B) (Violation)
2026-05-21,CIMARRON ELEMENTARY,Elementary,inspection,816 CIMARRON HOUSTON TX,77015,OPEN,5,3 Houston Ordinance Violation: 6-301.12(A) (Violation) | 21 Houston Ordinance Violation: 7-102.11 (Violation) | 36 Houston Ordinance Violation: 3-304.14(B) (Violation) | 51 Houston Ordinance Violation: 6-501.12(A) (Violation) | 55 Houston Ordinance Violation: 2-301.12(C) (Violation)
2026-05-21,CIMARRON ELEMENTARY,Elementary,grease_trap,816 CIMARRON HOUSTON TX,77015,OPEN,0,
2026-05-20,WOODLAND ACRES MIDDLE SCHOOL,Middle / Jr. High,inspection,12947 MYRTLE HOUSTON TX,77015,OPEN,2,43 Houston Ordinance Violation: 4-402.11(A)(3) (Violation) | 44 Houston Ordinance Violation: 4-501.11(A) (Violation)
2026-05-20,WOODLAND ACRES MIDDLE SCHOOL,Middle / Jr. High,grease_trap,12947 MYRTLE HOUSTON TX,77015,OPEN,0,
2026-05-20,WOODLAND ACRES ELEMENTARY SCHOOL,Elementary,inspection,12936 SARAHS LN HOUSTON TX,77015,OPEN,5,3 Houston Ordinance Violation: 5-205.11(B) (Violation Corrected On Site) | 9 Houston Ordinance Violation: 4-602.12(A) (Violation) | 15 Houston Ordinance Violation: 3-501.16(A)(1) (Violation Corrected On Site) | 33 Houston Ordinance Violation: 6-202.15(C) (Violation) | 43 Houston Ordinance Violation: 4-201.11 (Violation)
2026-05-20,WOODLAND ACRES ELEMENTARY SCHOOL,Elementary,grease_trap,12936 SARAHS LN HOUSTON TX,77015,OPEN,0,
2026-05-20,VARNETT CHARTER SCHOOL,Elementary,inspection,8311 MESA DR HOUSTON TX,77028,OPEN,1,1 Houston Ordinance Violation: 6-501.12(A) (Violation)
2026-05-20,TINA WHIDBY ELEMENTARY,Elementary,inspection,7625 SPRINGHILL HOUSTON TX,77021,OPEN,4,1 Houston Ordinance Violation: 6-501.111(B) (Violation) | 2 Houston Ordinance Violation: 4-601.11(C) (Violation) | 3 Houston Ordinance Violation: 5-501.115 (Violation) | 4 Houston Ordinance Violation: 6-501.11 (Violation)
2026-05-20,TINA WHIDBY ELEMENTARY,Elementary,grease_trap,7625 SPRINGHILL HOUSTON TX,77021,OPEN,0,
2026-05-20,TINA WHIDBY ELEMENTARY,Elementary,inspection,7625 SPRINGHILL HOUSTON TX,77021,OPEN,2,1 Houston Ordinance Violation: 5-202.12(C) (Violation) | 2 Houston Ordinance Violation: 5-205.15 (Violation)
2026-05-20,RIPLEY MIDDLE SCHOOL,Middle / Jr. High,inspection,4414 NAVIGATION BLVD HOUSTON TX,77011,OPEN,4,1 Houston Ordinance Violation: TAC-228.32 (Violation Corrected On Site) | 2 Houston Ordinance Violation: 4-302.12 (Violation) | 3 Houston Ordinance Violation: 6-201.11 (Violation) | 4 Houston Ordinance Violation: 6-201.17(A) (Violation)
2026-05-20,KENNEDY ELEMENTARY SCHOOL,Elementary,inspection,10200 HUNTINGTON PL HOUSTON TX,77099,OPEN,0,
2026-05-20,KENNEDY ELEMENTARY SCHOOL,Elementary,grease_trap,10200 HUNTINGTON PL HOUSTON TX,77099,OPEN,0,
2026-05-20,KENNEDY ELEMENTARY SCHOOL,Elementary,inspection,10200 HUNTINGTON PL HOUSTON TX,77099,OPEN,0,
2026-05-20,JONES FUTURE ACADEMY,High School,grease_trap,7414 SAINT LO HOUSTON TX,77033,OPEN,0,
2026-05-20,JONES FUTURE ACADEMY,High School,inspection,7414 SAINT LO HOUSTON TX,77033,OPEN,0,
2026-05-20,ISAACS ELEMENTARY,Elementary,inspection,3830 PICKFAIR HOUSTON TX,77026,OPEN,5,1 Houston Ordinance Violation: 3-501.16(A)(1) (Violation Corrected On Site) | 2 Houston Ordinance Violation: 4-204.19 (Violation) | 3 Houston Ordinance Violation: 4-601.11(C) (Violation) | 4 Houston Ordinance Violation: 6-201.17(B) (Violation) | 5 Houston Ordinance Violation: 6-501.11 (Violation)
2026-05-20,ISAACS ELEMENTARY,Elementary,grease_trap,3830 PICKFAIR HOUSTON TX,77026,OPEN,0,
2026-05-20,HILLIARD ELEMENTARY SCHOOL,Elementary,inspection,8115 E HOUSTON RD HOUSTON TX,77028,OPEN,1,1 Houston Ordinance Violation: 4-601.11(C) (Violation Corrected On Site)
2026-05-20,HILLIARD ELEMENTARY SCHOOL,Elementary,grease_trap,8115 E HOUSTON RD HOUSTON TX,77028,OPEN,0,
2026-05-20,HARTSFIELD ELEMENTARY,Elementary,inspection,5001 PERRY HOUSTON TX,77021,OPEN,1,1 Houston Ordinance Violation: 6-501.11 (Violation Repeat)
2026-05-20,HARTSFIELD ELEMENTARY,Elementary,inspection,5001 PERRY HOUSTON TX,77021,OPEN,3,1 Houston Ordinance Violation: 4-602.11(E) (Violation) | 2 Houston Ordinance Violation: 4-501.11(A) (Violation) | 3 Houston Ordinance Violation: 6-501.11 (Violation)
2026-05-20,HARTSFIELD ELEMENTARY,Elementary,grease_trap,5001 PERRY HOUSTON TX,77021,OPEN,0,
2026-05-20,HARTMAN MIDDLE SCHOOL,Middle / Jr. High,inspection,7111 WESTOVER HOUSTON TX,77087,OPEN,2,1 Houston Ordinance Violation: 5-202.13 (Violation) | 2 Houston Ordinance Violation: 6-501.11 (Violation)
2026-05-20,HARTMAN MIDDLE SCHOOL,Middle / Jr. High,inspection,7111 WESTOVER HOUSTON TX,77087,OPEN,0,
2026-05-20,HARTMAN MIDDLE SCHOOL,Middle / Jr. High,grease_trap,7111 WESTOVER HOUSTON TX,77087,OPEN,0,
2026-05-20,CUMMINGS ELEMENTARY SCHOOL,Elementary,inspection,10455 S KIRKWOOD HOUSTON TX,77099,OPEN,0,
2026-05-20,CUMMINGS ELEMENTARY SCHOOL,Elementary,grease_trap,10455 S KIRKWOOD HOUSTON TX,77099,OPEN,0,
2026-05-20,CUMMINGS ELEMENTARY SCHOOL,Elementary,inspection,10455 S KIRKWOOD HOUSTON TX,77099,OPEN,0,
2026-05-20,BANE ELEMENTARY SCHOOL,Elementary,inspection,5805 KAISER HOUSTON TX,77040,OPEN,1,1 Houston Ordinance Violation: 5-202.12(A) (Violation)
2026-05-20,BANE ELEMENTARY SCHOOL,Elementary,grease_trap,5805 KAISER HOUSTON TX,77040,OPEN,1,1 Houston Ordinance Violation: COH-47-522 (Violation)
2026-05-20,ALCOTT ELEMENTARY SCHOOL,Elementary,grease_trap,5859 BELLFORT HOUSTON TX,77033,OPEN,0,
2026-05-20,ALCOTT ELEMENTARY SCHOOL,Elementary,inspection,5859 BELLFORT HOUSTON TX,77033,OPEN,0,
2026-05-19,WISDOM HIGH SCHOOL,High School,inspection,6529 BEVERLY HILL HOUSTON TX,77057,OPEN,2,1 Houston Ordinance Violation: 4-501.11(A) (Violation) | 2 Houston Ordinance Violation: 6-501.11 (Violation Corrected On Site)
2026-05-19,WISDOM HIGH SCHOOL,High School,grease_trap,6529 BEVERLY HILL HOUSTON TX,77057,OPEN,0,
2026-05-19,WISDOM HIGH SCHOOL,High School,inspection,6529 BEVERLY HILL HOUSTON TX,77057,OPEN,1,1 Houston Ordinance Violation: 3-501.16(A)(1) (Violation Corrected On Site)
2026-05-19,KIPP VOYAGE,Middle / Jr. High,inspection,9616 MESA RD HOUSTON TX,77078,OPEN,3,51 Houston Ordinance Violation: 5-501.16(A) (Violation) | 52 Houston Ordinance Violation: 5-501.113 (Violation) | 54 Houston Ordinance Violation: COH-21-244(a) (Violation)
2026-05-19,KIPP VOYAGE,Middle / Jr. High,grease_trap,9616 MESA RD HOUSTON TX,77078,OPEN,0,
2026-05-19,KIPP Polaris,Middle / Jr. High,inspection,9636 MESA DR HOUSTON TX,77078,OPEN,9,1 Houston Ordinance Violation: 3-501.16(A)(1) (Violation Corrected On Site) | 2 Houston Ordinance Violation: 3-501.16(A)(2) (Violation Corrected On Site) | 3 Houston Ordinance Violation: 2-402.11 (Violation Corrected On Site) | 4 Houston Ordinance Violation: 4-402.11(A)(3) (Violation) | 5 Houston Ordinance Violation: 5-501.16(A) (Violation) | 6 Houston Ordinance Violation: 5-501.113 (Violation) | 7 Houston Ordinance Violation: 6-201.17(B) (Violation) | 8 Houston Ordinance Violation: 6-501.11 (Violation) | 9 Houston Ordinance Violation: COH-21-244(a) (Violation)
2026-05-19,KIPP Polaris,Middle / Jr. High,grease_trap,9636 MESA DR HOUSTON TX,77078,OPEN,0,
2026-05-19,KIPP Northeast College Prep HS,High School,inspection,9680 MESA DR HOUSTON TX,77078,OPEN,4,16 Houston Ordinance Violation: 3-501.16(A)(2) (Violation Corrected On Site) | 36 Houston Ordinance Violation: 3-304.14(B) (Violation Corrected On Site) | 50 Houston Ordinance Violation: 5-501.16(A) (Violation) | 51 Houston Ordinance Violation: 5-501.113 (Violation)
2026-05-19,KIPP Northeast College Prep HS,High School,grease_trap,9680 MESA DR HOUSTON TX,77078,OPEN,0,
2026-05-19,DEAN JR HIGH SCHOOL,Middle / Jr. High,inspection,14104 REO HOUSTON TX,77040,OPEN,0,
2026-05-19,DEAN JR HIGH SCHOOL,Middle / Jr. High,grease_trap,14104 REO HOUSTON TX,77040,OPEN,1,1 Houston Ordinance Violation: COH-47-521 (Violation)
2026-05-19,DEAN JR HIGH SCHOOL,Middle / Jr. High,inspection,14104 REO HOUSTON TX,77040,OPEN,2,15 Houston Ordinance Violation: 3-501.16(A)(1) (Violation) | 41 Houston Ordinance Violation: 4-903.11(C) (Violation)
2026-05-19,CUNNINGHAM ELEMENTARY,Elementary,grease_trap,5100 GULFTON HOUSTON TX,77081,OPEN,0,
2026-05-19,CUNNINGHAM ELEMENTARY,Elementary,inspection,5100 GULFTON HOUSTON TX,77081,OPEN,3,3 Houston Ordinance Violation: 6-301.11 (Violation) | 50 Houston Ordinance Violation: 5-501.17 (Violation Repeat) | 52 Houston Ordinance Violation: 6-501.11 (Violation)
2026-05-19,CUNNINGHAM ELEMENTARY,Elementary,inspection,5100 GULFTON HOUSTON TX,77081,OPEN,2,50 Houston Ordinance Violation: 6-501.19 (Violation Corrected On Site) | 51 Houston Ordinance Violation: 5-501.114 (Violation)
2026-05-18,YES PREP PUBLIC SCHOOLS - SOUTHSIDE ELEMENTARY,Elementary,inspection,5515 SOUTH LOOP EAST HOUSTON TX,77033,OPEN,0,
2026-05-18,YES PREP PUBLIC SCHOOLS - SOUTHSIDE ELEMENTARY,Elementary,inspection,5515 SOUTH LOOP EAST HOUSTON TX,77033,OPEN,2,40 Houston Ordinance Violation: 4-501.11(A) (Violation) | 49 Houston Ordinance Violation: 6-501.12(A) (Violation)
2026-05-18,YES PREP PUBLIC SCHOOLS - SOUTHSIDE ELEMENTARY,Elementary,inspection,5515 SOUTH LOOP EAST HOUSTON TX,77033,OPEN,1,1 Houston Ordinance Violation: COH-47-512(b) (Violation)
2026-05-18,T.H.ROGERS SCHOOL,Middle / Jr. High,inspection,5840 SAN FELIPE HOUSTON TX,77057,OPEN,0,
2026-05-18,T.H.ROGERS SCHOOL,Middle / Jr. High,inspection,5840 SAN FELIPE HOUSTON TX,77057,OPEN,3,1 Houston Ordinance Violation: 3-501.16(A)(1) (Violation Corrected On Site) | 2 Houston Ordinance Violation: 4-501.11(A) (Violation) | 3 Houston Ordinance Violation: 5-501.16(C) (Violation)
2026-05-18,T.H.ROGERS SCHOOL,Middle / Jr. High,grease_trap,5840 SAN FELIPE HOUSTON TX,77057,OPEN,0,
2026-05-18,EDISON JR. HIGH SCHOOL,Middle / Jr. High,grease_trap,6901 AVENUE I HOUSTON TX,77011,OPEN,0,
2026-05-18,EDISON JR. HIGH SCHOOL,Middle / Jr. High,inspection,6901 AVENUE I HOUSTON TX,77011,OPEN,3,2 Houston Ordinance Violation: 5-205.15 (Violation) | 3 Houston Ordinance Violation: 6-201.11 (Violation) | 4 Houston Ordinance Violation: 6-501.12(A) (Violation)
2026-05-15,YES PREP NORTHWEST SECONDARY,Middle / Jr. High,inspection,14741 YORKTOWN PLAZA DR HOUSTON TX,77040,OPEN,0,
2026-05-15,YES PREP NORTHWEST SECONDARY,Middle / Jr. High,inspection,14741 YORKTOWN PLAZA DR HOUSTON TX,77040,OPEN,0,
2026-05-15,LILLIE HOLBROOK SCHOOL,Elementary,grease_trap,6402 LANGFIELD HOUSTON TX,77092,OPEN,0,
2026-05-15,LILLIE HOLBROOK SCHOOL,Elementary,inspection,6402 LANGFIELD HOUSTON TX,77092,OPEN,1,1 Houston Ordinance Violation: 6-501.18 (Violation)
2026-05-15,LILLIE HOLBROOK SCHOOL,Elementary,inspection,6402 LANGFIELD HOUSTON TX,77092,OPEN,0,
2026-05-14,KILLOUGH MIDDLE SCHOOL,Middle / Jr. High,inspection,7600 SYNOTT HOUSTON TX,77083,OPEN,0,
2026-05-14,KILLOUGH MIDDLE SCHOOL,Middle / Jr. High,grease_trap,7600 SYNOTT HOUSTON TX,77083,OPEN,0,
2026-05-14,KILLOUGH MIDDLE SCHOOL,Middle / Jr. High,inspection,7600 SYNOTT HOUSTON TX,77083,OPEN,0,
2026-05-14,HIGH SCHOOL FOR THE PERFORMING & VISUAL ARTS,High School,grease_trap,790 AUSTIN HOUSTON TX,77002,OPEN,0,
2026-05-14,HIGH SCHOOL FOR THE PERFORMING & VISUAL ARTS,High School,inspection,790 AUSTIN HOUSTON TX,77002,OPEN,0,
2026-05-14,HIGH SCHOOL FOR LAW & JUSTICE,High School,grease_trap,3505 COYLE ST HOUSTON TX,77003,OPEN,0,
2026-05-14,HIGH SCHOOL FOR LAW & JUSTICE,High School,inspection,3505 COYLE ST HOUSTON TX,77003,OPEN,0,
2026-05-14,GOLFCREST ELEMENTARY,Elementary,inspection,7414 FAIRWAY HOUSTON TX,77087,OPEN,2,1 Houston Ordinance Violation: 5-202.12(C) (Violation) | 3 Houston Ordinance Violation: 6-501.11 (Violation)
2026-05-14,GOLFCREST ELEMENTARY,Elementary,grease_trap,7414 FAIRWAY HOUSTON TX,77087,OPEN,0,
2026-05-14,GOLFCREST ELEMENTARY,Elementary,inspection,7414 FAIRWAY HOUSTON TX,77087,OPEN,1,52 Houston Ordinance Violation: 6-501.11 (Violation)
2026-05-14,CORNELIUS ELEMENTARY,Elementary,inspection,7475 WESTOVER HOUSTON TX,77087,OPEN,0,
2026-05-14,BRIARGROVE ELEMENTARY SCHOOL,Elementary,inspection,6145 SAN FELIPE HOUSTON TX,77057,OPEN,2,1 Houston Ordinance Violation: 6-501.112 (Violation) | 2 Houston Ordinance Violation: 4-501.11(A) (Violation Repeat)
2026-05-14,BRIARGROVE ELEMENTARY SCHOOL,Elementary,inspection,6145 SAN FELIPE HOUSTON TX,77057,OPEN,2,1 Houston Ordinance Violation: 3-501.16(A)(1) (Violation Corrected On Site) | 2 Houston Ordinance Violation: 4-501.11(A) (Violation)
2026-05-14,BRIARGROVE ELEMENTARY SCHOOL,Elementary,grease_trap,6145 SAN FELIPE HOUSTON TX,77057,OPEN,0,
2026-05-13,YOUNGBLOOD INTERMEDIATE SCHOOL,Middle / Jr. High,inspection,8410 DAIRYVIEW HOUSTON TX,77072,OPEN,1,1 Houston Ordinance Violation: 3-501.16(A)(1) (Violation Corrected On Site)
2026-05-13,YOUNGBLOOD INTERMEDIATE SCHOOL,Middle / Jr. High,inspection,8410 DAIRYVIEW HOUSTON TX,77072,OPEN,0,
2026-05-13,YOUNGBLOOD INTERMEDIATE SCHOOL,Middle / Jr. High,grease_trap,8410 DAIRYVIEW HOUSTON TX,77072,OPEN,0,
2026-05-13,WHEATLEY HIGH (4801 Providence Entrance),High School,inspection,4900 MARKET ST HOUSTON TX,77020,OPEN,0,
2026-05-13,WHEATLEY HIGH (4801 Providence Entrance),High School,inspection,4900 MARKET ST HOUSTON TX,77020,OPEN,0,
2026-05-13,WHEATLEY HIGH (4801 Providence Entrance),High School,grease_trap,4900 MARKET ST HOUSTON TX,77020,OPEN,0,
2026-05-13,WHEATLEY HIGH (4801 Providence Entrance),High School,grease_trap,4900 MARKET ST HOUSTON TX,77020,OPEN,0,
2026-05-13,WHEATLEY HIGH (4801 Providence Entrance),High School,inspection,4900 MARKET ST HOUSTON TX,77020,OPEN,0,
2026-05-13,SECONDARY D.A.E.P.,Middle / Jr. High,inspection,1510 JENSEN DR HOUSTON TX,77020,OPEN,0,
2026-05-13,SECONDARY D.A.E.P.,Middle / Jr. High,grease_trap,1510 JENSEN DR HOUSTON TX,77020,OPEN,0,
2026-05-13,SECONDARY D.A.E.P.,Middle / Jr. High,inspection,1510 JENSEN DR HOUSTON TX,77020,OPEN,3,1 Houston Ordinance Violation: 6-501.111(B) (Violation) | 4 Houston Ordinance Violation: 6-501.16 (Violation) | 5 Houston Ordinance Violation: 6-201.17(A) (Violation)
2026-05-13,MADISON SR. HIGH,High School,inspection,13719 WHITE HEATHER HOUSTON TX,77045,OPEN,1,1 Houston Ordinance Violation: 5-205.15 (Violation)
2026-05-13,MADISON SR. HIGH,High School,inspection,13719 WHITE HEATHER HOUSTON TX,77045,OPEN,4,1 Houston Ordinance Violation: 5-202.12(A) (Violation) | 3 Houston Ordinance Violation: 6-501.111(B) (Violation) | 4 Houston Ordinance Violation: 5-501.113 (Violation) | 5 Houston Ordinance Violation: 6-501.11 (Violation)
2026-05-13,MADISON SR. HIGH,High School,grease_trap,13719 WHITE HEATHER HOUSTON TX,77045,OPEN,0,
2026-05-13,HOLLAND MIDDLE SCHOOL,Middle / Jr. High,inspection,1600 GELLHORN HOUSTON TX,77029,OPEN,6,1 Houston Ordinance Violation: 5-202.12(A) (Violation) | 3 Houston Ordinance Violation: 6-501.112 (Violation Corrected On Site) | 4 Houston Ordinance Violation: 4-501.11(A) (Violation) | 5 Houston Ordinance Violation: 5-205.15 (Violation) | 6 Houston Ordinance Violation: 6-501.12(A) (Violation) | 7 Houston Ordinance Violation: 6-303.11(B) (Violation)
2026-05-13,HOLLAND MIDDLE SCHOOL,Middle / Jr. High,grease_trap,1600 GELLHORN HOUSTON TX,77029,OPEN,0,
2026-05-13,HASTINGS SR HIGH NORTH / SOUTH,High School,grease_trap,12301 HIGH STAR HOUSTON TX,77072,OPEN,0,
2026-05-13,HASTINGS SR HIGH NORTH / SOUTH,High School,grease_trap,12301 HIGH STAR HOUSTON TX,77072,OPEN,0,
2026-05-13,HASTINGS SR HIGH NORTH / SOUTH,High School,inspection,12301 HIGH STAR HOUSTON TX,77072,OPEN,1,1 Houston Ordinance Violation: 3-501.16(A)(1) (Violation Corrected On Site)
2026-05-13,HASTINGS SR HIGH NORTH / SOUTH,High School,inspection,12301 HIGH STAR HOUSTON TX,77072,OPEN,2,1 Houston Ordinance Violation: 6-301.11 (Violation Corrected On Site) | 2 Houston Ordinance Violation: 6-501.11 (Violation Corrected On Site)
2026-05-13,HASTINGS SR HIGH NORTH / SOUTH,High School,inspection,12301 HIGH STAR HOUSTON TX,77072,OPEN,0,
2026-05-13,BRIARMEADOW CHARTER SCHOOL,Elementary,inspection,3601 DUNVALE HOUSTON TX,77063,OPEN,2,1 Houston Ordinance Violation: 6-301.12(A) (Violation) | 2 Houston Ordinance Violation: 7-102.11 (Violation)
2026-05-13,BRIARMEADOW CHARTER SCHOOL,Elementary,grease_trap,3601 DUNVALE HOUSTON TX,77063,OPEN,0,
2026-05-13,BIOTECH ACADEMY AT RUSK MIDDLE SCHOOL,Elementary,inspection,2805 GARROW HOUSTON TX,77003,OPEN,1,1 Houston Ordinance Violation: 6-202.16 (Violation)
2026-05-13,BIOTECH ACADEMY AT RUSK MIDDLE SCHOOL,Elementary,grease_trap,2805 GARROW HOUSTON TX,77003,OPEN,0,
2026-05-12,WILLOWRIDGE HIGH SCHOOL,High School,inspection,16301 CHIMNEY ROCK HOUSTON TX,77053,OPEN,1,1 Houston Ordinance Violation: 5-202.12(C) (Violation)
2026-05-12,WILLOWRIDGE HIGH SCHOOL,High School,inspection,16301 CHIMNEY ROCK HOUSTON TX,77053,OPEN,5,1 Houston Ordinance Violation: 6-501.111(B) (Violation) | 2 Houston Ordinance Violation: 4-402.11(A)(3) (Violation) | 3 Houston Ordinance Violation: 4-601.11(C) (Violation) | 4 Houston Ordinance Violation: 5-501.11 (Violation) | 5 Houston Ordinance Violation: 6-501.11 (Violation)
2026-05-12,WILLOWRIDGE HIGH SCHOOL,High School,grease_trap,16301 CHIMNEY ROCK HOUSTON TX,77053,OPEN,1,1 Houston Ordinance Violation: COH-47-512(b) (Violation)
2026-05-12,TALMMEDGE HEFLIN ELEMENTARY SCHOOL,Elementary,inspection,3303 SYNOTT HOUSTON TX,77082,OPEN,1,1 Houston Ordinance Violation: 6-301.11 (Violation Corrected On Site)
2026-05-12,TALMMEDGE HEFLIN ELEMENTARY SCHOOL,Elementary,grease_trap,3303 SYNOTT HOUSTON TX,77082,OPEN,0,
2026-05-12,TALMMEDGE HEFLIN ELEMENTARY SCHOOL,Elementary,inspection,3303 SYNOTT HOUSTON TX,77082,OPEN,0,
2026-05-12,Secondary DAEP,Middle / Jr. High,inspection,5910 MARKET HOUSTON TX,77020,OPEN,1,1 Houston Ordinance Violation: 4-501.11(A) (Violation Repeat)
2026-05-12,Secondary DAEP,Middle / Jr. High,inspection,5910 MARKET HOUSTON TX,77020,OPEN,1,1 Houston Ordinance Violation: 4-501.11(A) (Violation)
2026-05-12,Secondary DAEP,Middle / Jr. High,grease_trap,5910 MARKET HOUSTON TX,77020,OPEN,0,
2026-05-12,SNEED ELEMENTARY,Elementary,inspection,9855 PAGEWOOD HOUSTON TX,77042,OPEN,0,
2026-05-12,SNEED ELEMENTARY,Elementary,grease_trap,9855 PAGEWOOD HOUSTON TX,77042,OPEN,0,
2026-05-12,SINCLAIR ELEMENTARY SCHOOL,Elementary,inspection,6410 GROVEWOOD HOUSTON TX,77008,OPEN,2,3 Houston Ordinance Violation: 6-202.15(A) (Violation Repeat) | 4 Houston Ordinance Violation: 6-501.11 (Violation Repeat)
2026-05-12,MICKEY LELAND COLLEGE PREP FOR YOUNG MEN,Middle / Jr. High,inspection,1700 GREGG ST HOUSTON TX,77020,OPEN,1,1 Houston Ordinance Violation: 6-303.11(A) (Violation)
2026-05-12,MICKEY LELAND COLLEGE PREP FOR YOUNG MEN,Middle / Jr. High,grease_trap,1700 GREGG ST HOUSTON TX,77020,OPEN,0,
2026-05-12,MICKEY LELAND COLLEGE PREP FOR YOUNG MEN,Middle / Jr. High,inspection,1700 GREGG ST HOUSTON TX,77020,OPEN,0,
2026-05-12,MARTINEZ ELEMENTARY,Elementary,inspection,7211 MARKET ST HOUSTON TX,77020,OPEN,2,1 Houston Ordinance Violation: 6-501.111(B) (Violation) | 2 Houston Ordinance Violation: 6-201.17(A) (Violation)
2026-05-12,MARTINEZ ELEMENTARY,Elementary,grease_trap,7211 MARKET ST HOUSTON TX,77020,OPEN,0,
2026-05-12,MARTINEZ ELEMENTARY,Elementary,inspection,7211 MARKET ST HOUSTON TX,77020,OPEN,2,1 Houston Ordinance Violation: 4-501.11(A) (Violation) | 2 Houston Ordinance Violation: 6-501.16 (Violation Repeat)
2026-05-12,LAMAR HIGH SCHOOL HISD,High School,grease_trap,3325 WESTHEIMER RD HOUSTON TX,77098,OPEN,0,
2026-05-12,LAMAR HIGH SCHOOL HISD,High School,inspection,3325 WESTHEIMER RD HOUSTON TX,77098,OPEN,0,
2026-05-12,CORNELIUS ELEMENTARY,Elementary,inspection,7475 WESTOVER HOUSTON TX,77087,OPEN,5,7 Houston Ordinance Violation: 3-101.11 (Violation Corrected On Site) | 16 Houston Ordinance Violation: 3-501.16(A)(1) (Violation Corrected On Site) | 34 Houston Ordinance Violation: 6-501.111(B) (Violation) | 37 Houston Ordinance Violation: 5-501.114 (Violation) | 38 Houston Ordinance Violation: 6-501.11 (Violation)
2026-05-12,CORNELIUS ELEMENTARY,Elementary,inspection,7475 WESTOVER HOUSTON TX,77087,OPEN,2,1 Houston Ordinance Violation: 6-301.12(C) (Violation) | 2 Houston Ordinance Violation: 6-501.11 (Violation)
2026-05-12,CORNELIUS ELEMENTARY,Elementary,grease_trap,7475 WESTOVER HOUSTON TX,77087,OPEN,0,
2026-05-12,CHRISTA MCAULIFFE MIDDLE SCHOOL,Middle / Jr. High,inspection,16650 S POST OAK HOUSTON TX,77053,OPEN,2,1 Houston Ordinance Violation: 5-202.12(C) (Violation Repeat) | 2 Houston Ordinance Violation: 5-205.15 (Violation)
2026-05-12,CHRISTA MCAULIFFE MIDDLE SCHOOL,Middle / Jr. High,inspection,16650 S POST OAK HOUSTON TX,77053,OPEN,7,1 Houston Ordinance Violation: 5-202.12(C) (Violation) | 2 Houston Ordinance Violation: TAC-228.31(a) (Violation Corrected On Site) | 3 Houston Ordinance Violation: 3-501.18(A) (Violation Corrected On Site) | 4 Houston Ordinance Violation: TAC-228.32 (Violation) | 5 Houston Ordinance Violation: 6-501.112 (Violation Corrected On Site) | 6 Houston Ordinance Violation: 5-501.113 (Violation Corrected On Site) | 7 Houston Ordinance Violation: 6-501.11 (Violation)
2026-05-12,CHRISTA MCAULIFFE MIDDLE SCHOOL,Middle / Jr. High,grease_trap,16650 S POST OAK HOUSTON TX,77053,OPEN,1,1 Houston Ordinance Violation: COH-47-512(b) (Violation)
2026-05-12,BROOKLINE ELEMENTARY,Elementary,inspection,6301 S 610 LOOP E HOUSTON TX,77087,OPEN,2,1 Houston Ordinance Violation: 6-202.15(A) (Violation) | 2 Houston Ordinance Violation: 4-501.11(A) (Violation)
2026-05-12,BROOKLINE ELEMENTARY,Elementary,inspection,6301 S 610 LOOP E HOUSTON TX,77087,OPEN,1,21 Houston Ordinance Violation: 7-102.11 (Violation Corrected On Site)
2026-05-12,BROOKLINE ELEMENTARY,Elementary,grease_trap,6301 S 610 LOOP E HOUSTON TX,77087,OPEN,0,
2026-05-12,ALIEF LEARNING CENTER,Middle / Jr. High,inspection,4427 BELLE PARK HOUSTON TX,77072,OPEN,0,
2026-05-12,ALIEF LEARNING CENTER,Middle / Jr. High,inspection,4427 BELLE PARK HOUSTON TX,77072,OPEN,1,1 Houston Ordinance Violation: 6-501.11 (Violation)
2026-05-12,ALIEF LEARNING CENTER,Middle / Jr. High,grease_trap,4427 BELLE PARK HOUSTON TX,77072,OPEN,0,
2026-05-11,MADING ELEMENTARY,Elementary,grease_trap,8511 CRESTMONT HOUSTON TX,77033,OPEN,0,
2026-05-11,MADING ELEMENTARY,Elementary,inspection,8511 CRESTMONT HOUSTON TX,77033,OPEN,1,1 Houston Ordinance Violation: 5-205.15 (Violation)
2026-05-11,KIPP Sunnyside HS/MS/PS,Middle / Jr. High,inspection,11000 SCOTT ST HOUSTON TX,77047,OPEN,3,1 Houston Ordinance Violation: 4-903.11(A) (Violation) | 2 Houston Ordinance Violation: 4-101.19 (Violation) | 3 Houston Ordinance Violation: 6-501.11 (Violation)
2026-05-11,KIPP Sunnyside HS/MS/PS,Middle / Jr. High,grease_trap,11000 SCOTT ST HOUSTON TX,77047,OPEN,0,
2026-05-11,KIPP Sunnyside HS/MS/PS,Middle / Jr. High,inspection,11000 SCOTT ST HOUSTON TX,77047,OPEN,3,1 Houston Ordinance Violation: 4-602.11(E) (Violation Corrected On Site) | 2 Houston Ordinance Violation: 4-402.11(A)(3) (Violation) | 3 Houston Ordinance Violation: 6-501.11 (Violation)
2026-05-11,KIPP Sunnyside HS/MS/PS,Middle / Jr. High,grease_trap,11000 SCOTT ST HOUSTON TX,77047,OPEN,0,
2026-05-11,KIPP Sunnyside HS/MS/PS,Middle / Jr. High,inspection,11000 SCOTT ST HOUSTON TX,77047,OPEN,3,1 Houston Ordinance Violation: 5-202.12(C) (Violation) | 2 Houston Ordinance Violation: 4-402.11(A)(3) (Violation) | 3 Houston Ordinance Violation: 5-205.15 (Violation)
2026-05-11,KIPP Sunnyside HS/MS/PS,Middle / Jr. High,inspection,11000 SCOTT ST HOUSTON TX,77047,OPEN,1,1 Houston Ordinance Violation: 5-202.12(C) (Violation)
2026-05-11,KIPP Sunnyside HS/MS/PS,Middle / Jr. High,inspection,11000 SCOTT ST HOUSTON TX,77047,OPEN,2,1 Houston Ordinance Violation: 5-202.12(C) (Violation) | 2 Houston Ordinance Violation: 5-205.15 (Violation)
2026-05-11,KIPP Sunnyside HS/MS/PS,Middle / Jr. High,inspection,11000 SCOTT ST HOUSTON TX,77047,OPEN,1,1 Houston Ordinance Violation: 6-501.11 (Violation)
2026-05-11,KIPP Sunnyside HS/MS/PS,Middle / Jr. High,grease_trap,11000 SCOTT ST HOUSTON TX,77047,OPEN,0,
2026-05-11,ENERGIZED FOR EXCELLENCE,Elementary,inspection,6201 BISSONNET HOUSTON TX,77081,OPEN,1,1 Houston Ordinance Violation: 5-403.11 (Violation Corrected On Site)
2026-05-11,ENERGIZED FOR EXCELLENCE,Elementary,grease_trap,6201 BISSONNET HOUSTON TX,77081,OPEN,0,
2026-05-11,ENERGIZED FOR EXCELLENCE,Elementary,inspection,6201 BISSONNET HOUSTON TX,77081,OPEN,2,1 Houston Ordinance Violation: 5-202.12(A) (Violation) | 2 Houston Ordinance Violation: 4-101.19 (Violation Repeat)
2026-05-11,ELSIK HIGH SCHOOL,High School,inspection,12601 HIGH STAR HOUSTON TX,77072,OPEN,1,1 Houston Ordinance Violation: 4-501.11(A) (Violation)
2026-05-11,ELSIK HIGH SCHOOL,High School,grease_trap,12601 HIGH STAR HOUSTON TX,77072,OPEN,0,
2026-05-11,ELSIK HIGH SCHOOL,High School,inspection,12601 HIGH STAR HOUSTON TX,77072,OPEN,0,
2026-05-08,YES PREP NORTHLINE,Middle / Jr. High,inspection,441 LITTLE YORK RD HOUSTON TX,77076,OPEN,0,
2026-05-08,YES PREP NORTHLINE,Middle / Jr. High,inspection,441 LITTLE YORK RD HOUSTON TX,77076,OPEN,0,
2026-05-08,YES PREP NORTHLINE,Middle / Jr. High,inspection,441 LITTLE YORK RD HOUSTON TX,77076,OPEN,1,15 Houston Ordinance Violation: 3-501.16(A)(1) (Violation Corrected On Site)
2026-05-08,YES PREP AIRLINE ELEMENTARY,Elementary,inspection,5815 AIRLINE DR HOUSTON TX,77076,OPEN,0,
2026-05-08,YES PREP AIRLINE ELEMENTARY,Elementary,inspection,5815 AIRLINE DR HOUSTON TX,77076,OPEN,0,
2026-05-08,YES PREP AIRLINE ELEMENTARY,Elementary,inspection,5815 AIRLINE DR HOUSTON TX,77076,OPEN,2,14 Houston Ordinance Violation: 3-501.16(A)(1) (Violation Corrected On Site) | 50 Houston Ordinance Violation: 5-501.113 (Violation)
2026-05-08,BRAEBURN ELEMENTARY SCHOOL,Elementary,grease_trap,5550 PINE ST HOUSTON TX,77081,OPEN,0,
2026-05-08,BRAEBURN ELEMENTARY SCHOOL,Elementary,grease_trap,5550 PINE ST HOUSTON TX,77081,OPEN,0,
2026-05-08,BRAEBURN ELEMENTARY SCHOOL,Elementary,inspection,5550 PINE ST HOUSTON TX,77081,OPEN,4,1 Houston Ordinance Violation: 5-205.11(B) (Violation) | 2 Houston Ordinance Violation: 3-501.16(A)(2) (Violation) | 3 Houston Ordinance Violation: 3-501.17(A) (Violation) | 6 Houston Ordinance Violation: 3-304.12(A) (Violation)
2026-05-07,MARK WHITE ELEMENTARY,Elementary,inspection,2515 OLD FARMS RD HOUSTON TX,77063,OPEN,0,
2026-05-07,KIPP North HS/MS/PS,Elementary,inspection,500 TIDWELL RD HOUSTON TX,77022,OPEN,2,37 Houston Ordinance Violation: 3-304.14(B) (Violation Corrected On Site) | 48 Houston Ordinance Violation: 5-202.13 (Violation)
2026-05-07,KIPP North HS/MS/PS,Elementary,grease_trap,500 TIDWELL RD HOUSTON TX,77022,OPEN,0,
2026-05-07,KIPP North HS/MS/PS,Elementary,inspection,500 TIDWELL RD HOUSTON TX,77022,OPEN,2,48 Houston Ordinance Violation: 5-202.13 (Violation) | 52 Houston Ordinance Violation: 6-501.12(A) (Violation)
2026-05-07,KIPP North HS/MS/PS,Elementary,grease_trap,500 TIDWELL RD HOUSTON TX,77022,OPEN,0,
2026-05-07,KIPP North HS/MS/PS,Elementary,grease_trap,500 TIDWELL RD HOUSTON TX,77022,OPEN,0,
2026-05-07,KIPP North HS/MS/PS,Elementary,inspection,500 TIDWELL RD HOUSTON TX,77022,OPEN,3,47 Houston Ordinance Violation: 5-202.13 (Violation) | 51 Houston Ordinance Violation: 6-501.12(A) (Violation) | 55 Houston Ordinance Violation: 2-301.12(C) (Violation Corrected On Site)
2026-05-07,HIGH SCHOOL AHEAD ACADEMY,Middle / Jr. High,inspection,5320 YALE HOUSTON TX,77091,OPEN,0,
2026-05-07,HIGH SCHOOL AHEAD ACADEMY,Middle / Jr. High,grease_trap,5320 YALE HOUSTON TX,77091,OPEN,0,
2026-05-07,HIGH SCHOOL AHEAD ACADEMY,Middle / Jr. High,inspection,5320 YALE HOUSTON TX,77091,OPEN,0,
2026-05-07,HEIGHTS HS,High School,inspection,413 E 13TH ST HOUSTON TX,77008,OPEN,0,
2026-05-07,ENERGIZED FOR EXCELLENCE,Middle / Jr. High,inspection,6107 BISSONNET HOUSTON TX,77081,OPEN,0,
2026-05-07,ENERGIZED FOR EXCELLENCE,Middle / Jr. High,grease_trap,6107 BISSONNET HOUSTON TX,77081,OPEN,0,
2026-05-07,ENERGIZED FOR EXCELLENCE,Middle / Jr. High,inspection,6107 BISSONNET HOUSTON TX,77081,OPEN,0,
2026-05-07,DEAR MAMA SUSIE'S,High School,inspection,2101 W LITTLE YORK RD HOUSTON TX,77091,OPEN,0,
2026-05-07,CHALLENGE EARLY COLLEGE HIGH SCHOOL,High School,inspection,5601 W 610 LOOP S HOUSTON TX,77081,OPEN,5,3 Houston Ordinance Violation: 6-301.12(A) (Violation) | 9 Houston Ordinance Violation: 4-601.11(A) (Violation) | 33 Houston Ordinance Violation: 6-501.112 (Violation) | 44 Houston Ordinance Violation: 4-101.11(D) (Violation) | 53 Houston Ordinance Violation: 6-501.114(A) (Violation)
2026-05-07,BOOKER T. WASHINGTON HIGH SCHOOL,High School,inspection,4204 YALE ST HOUSTON TX,77018,OPEN,2,3 Houston Ordinance Violation: 6-301.12(A) (Violation Corrected On Site) | 51 Houston Ordinance Violation: 5-501.113 (Violation Corrected On Site)
2026-05-07,BOOKER T. WASHINGTON HIGH SCHOOL,High School,grease_trap,4204 YALE ST HOUSTON TX,77018,OPEN,0,
2026-05-07,BOOKER T. WASHINGTON HIGH SCHOOL,High School,inspection,4204 YALE ST HOUSTON TX,77018,OPEN,0,
2026-05-07,BENBROOK ELEMENTARY SCHOOL,Elementary,inspection,4026 BOLIN HOUSTON TX,77092,OPEN,2,2 Houston Ordinance Violation: 3-101.11 (Violation Corrected On Site) | 4 Houston Ordinance Violation: 6-501.114(A) (Violation)
2026-05-07,BELL ELEMENTARY SCHOOL,Elementary,inspection,12323 SHAFTSBURY HOUSTON TX,77031,OPEN,2,1 Houston Ordinance Violation: 5-403.11 (Violation) | 2 Houston Ordinance Violation: 6-202.19 (Violation)
2026-05-07,BELL ELEMENTARY SCHOOL,Elementary,inspection,12323 SHAFTSBURY HOUSTON TX,77031,OPEN,0,
2026-05-07,BELL ELEMENTARY SCHOOL,Elementary,inspection,12323 SHAFTSBURY HOUSTON TX,77031,OPEN,1,1 Houston Ordinance Violation: 5-103.11(A) (Violation)
2026-05-06,GARDEN OAKS ELEMENTARY,Middle / Jr. High,inspection,901 SUE BARNETT HOUSTON TX,77018,OPEN,0,
2026-05-06,GARDEN OAKS ELEMENTARY,Middle / Jr. High,inspection,901 SUE BARNETT HOUSTON TX,77018,OPEN,0,
2026-05-06,GARDEN OAKS ELEMENTARY,Middle / Jr. High,grease_trap,901 SUE BARNETT HOUSTON TX,77018,OPEN,0,
2026-05-06,ALMEDA ELEMENTARY,Elementary,inspection,14226 ALMEDA SCHOOL RD HOUSTON TX,77047,OPEN,0,
2026-05-05,WALNUT BEND ELEMENTARY,Elementary,inspection,10620 BRIAR FOREST HOUSTON TX,77042,OPEN,0,
2026-05-05,WALNUT BEND ELEMENTARY,Elementary,grease_trap,10620 BRIAR FOREST HOUSTON TX,77042,OPEN,0,
2026-05-05,TIJERINA ELEMENTARY SCHOOL,Elementary,inspection,6501 SHERMAN HOUSTON TX,77011,OPEN,1,1 Houston Ordinance Violation: 3-501.16(A)(1) (Violation Corrected On Site)
2026-05-05,TIJERINA ELEMENTARY SCHOOL,Elementary,inspection,6501 SHERMAN HOUSTON TX,77011,OPEN,0,
2026-05-05,TIJERINA ELEMENTARY SCHOOL,Elementary,grease_trap,6501 SHERMAN HOUSTON TX,77011,OPEN,0,
2026-05-05,TANGLEWOOD MS,Middle / Jr. High,grease_trap,5215 SAN FELIPE HOUSTON TX,77056,OPEN,0,
2026-05-05,TANGLEWOOD MS,Middle / Jr. High,inspection,5215 SAN FELIPE HOUSTON TX,77056,OPEN,1,1 Houston Ordinance Violation: 5-205.15 (Violation)
2026-05-05,TANGLEWOOD MS,Middle / Jr. High,inspection,5215 SAN FELIPE HOUSTON TX,77056,OPEN,1,1 Houston Ordinance Violation: 4-502.11(A) (Violation)
2026-05-05,SYLVAN RODRIGUEZ ELEM SCHOOL,Elementary,inspection,5858 CHIMNEY ROCK HOUSTON TX,77081,OPEN,0,
2026-05-05,SYLVAN RODRIGUEZ ELEM SCHOOL,Elementary,grease_trap,5858 CHIMNEY ROCK HOUSTON TX,77081,OPEN,0,
2026-05-05,SYLVAN RODRIGUEZ ELEM SCHOOL,Elementary,inspection,5858 CHIMNEY ROCK HOUSTON TX,77081,OPEN,1,1 Houston Ordinance Violation: 5-202.12(A) (Violation)
2026-05-05,ST GEORGE ELEMENTARY,Elementary,inspection,5430 HIDALGO HOUSTON TX,77056,OPEN,0,
2026-05-05,ST GEORGE ELEMENTARY,Elementary,grease_trap,5430 HIDALGO HOUSTON TX,77056,OPEN,0,
2026-05-05,ST GEORGE ELEMENTARY,Elementary,inspection,5430 HIDALGO HOUSTON TX,77056,OPEN,1,1 Houston Ordinance Violation: 3-501.16(A)(1) (Violation Corrected On Site)
2026-05-05,PORT HOUSTON ELEMENTARY,Elementary,inspection,1800 MCCARTY HOUSTON TX,77029,OPEN,2,1 Houston Ordinance Violation: 6-501.16 (Violation Repeat) | 2 Houston Ordinance Violation: 6-201.17(A) (Violation Repeat)
2026-05-05,PORT HOUSTON ELEMENTARY,Elementary,inspection,1800 MCCARTY HOUSTON TX,77029,OPEN,5,1 Houston Ordinance Violation: TAC-228.31(a) (Violation) | 2 Houston Ordinance Violation: 3-501.16(A)(1) (Violation Corrected On Site) | 3 Houston Ordinance Violation: 6-202.15(A) (Violation) | 4 Houston Ordinance Violation: 4-501.11(A) (Violation) | 5 Houston Ordinance Violation: 6-201.17(A) (Violation)
2026-05-05,PORT HOUSTON ELEMENTARY,Elementary,grease_trap,1800 MCCARTY HOUSTON TX,77029,OPEN,0,
2026-05-05,HOFFMAN MIDDLE SCHOOL,Middle / Jr. High,grease_trap,6101 W LITTLE YORK RD HOUSTON TX,77091,OPEN,0,
2026-05-05,HOFFMAN MIDDLE SCHOOL,Middle / Jr. High,inspection,6101 W LITTLE YORK RD HOUSTON TX,77091,OPEN,0,
2026-05-05,HOFFMAN MIDDLE SCHOOL,Middle / Jr. High,inspection,6101 W LITTLE YORK RD HOUSTON TX,77091,OPEN,0,
2026-05-05,CULLEN JUNIOR HIGH SCHOOL,Middle / Jr. High,inspection,6900 SCOTT ST HOUSTON TX,77021,OPEN,2,1 Houston Ordinance Violation: 4-501.11(A) (Violation) | 2 Houston Ordinance Violation: 6-501.11 (Violation)
2026-05-05,CULLEN JUNIOR HIGH SCHOOL,Middle / Jr. High,inspection,6900 SCOTT ST HOUSTON TX,77021,OPEN,5,3 Houston Ordinance Violation: 6-301.12(A) (Violation Corrected On Site) | 41 Houston Ordinance Violation: 4-101.19 (Violation Corrected On Site) | 49 Houston Ordinance Violation: 5-501.113 (Violation Corrected On Site) | 50 Houston Ordinance Violation: 5-501.11 (Violation) | 51 Houston Ordinance Violation: 6-501.11 (Violation)
2026-05-05,CULLEN JUNIOR HIGH SCHOOL,Middle / Jr. High,grease_trap,6900 SCOTT ST HOUSTON TX,77021,OPEN,0,
2026-05-05,BENAVIDEZ ELEMENTARY,Elementary,inspection,6262 GULFTON HOUSTON TX,77081,OPEN,2,1 Houston Ordinance Violation: 6-202.15(A) (Violation) | 2 Houston Ordinance Violation: 6-501.11 (Violation)
2026-05-05,BENAVIDEZ ELEMENTARY,Elementary,inspection,6262 GULFTON HOUSTON TX,77081,OPEN,6,1 Houston Ordinance Violation: 5-202.12(A) (Violation) | 2 Houston Ordinance Violation: 6-501.112 (Violation Repeat) | 3 Houston Ordinance Violation: 3-305.11(B) (Violation Corrected On Site) | 5 Houston Ordinance Violation: 6-501.12(A) (Violation Repeat) | 6 Houston Ordinance Violation: 6-305.11(B) (Violation) | 7 Houston Ordinance Violation: 6-303.11(B) (Violation)
2026-05-05,ALMEDA ELEMENTARY,Elementary,inspection,14226 ALMEDA SCHOOL RD HOUSTON TX,77047,OPEN,5,1 Houston Ordinance Violation: 6-501.111(B) (Violation Repeat) | 2 Houston Ordinance Violation: 6-202.15(A) (Violation Repeat) | 3 Houston Ordinance Violation: 4-601.11(C) (Violation Repeat) | 4 Houston Ordinance Violation: 6-501.11 (Violation Repeat) | 5 Houston Ordinance Violation: 6-501.12(A) (Violation Repeat)
2026-05-04,WORTHING HIGH SCHOOL-NUTRITION SERVICES,High School,inspection,9215 SCOTT ST HOUSTON TX,77051,OPEN,1,1 Houston Ordinance Violation: 5-205.15 (Violation)
2026-05-04,WORTHING HIGH SCHOOL-NUTRITION SERVICES,High School,inspection,9215 SCOTT ST HOUSTON TX,77051,OPEN,3,1 Houston Ordinance Violation: 5-202.12(A) (Violation) | 2 Houston Ordinance Violation: 4-601.11(C) (Violation) | 3 Houston Ordinance Violation: 6-501.11 (Violation)
2026-05-04,WORTHING HIGH SCHOOL-NUTRITION SERVICES,High School,grease_trap,9215 SCOTT ST HOUSTON TX,77051,OPEN,0,
2026-05-04,SCROGGINS ELEMENTARY,Elementary,inspection,400 BOYLES HOUSTON TX,77020,OPEN,1,1 Houston Ordinance Violation: 6-201.11 (Violation)
2026-05-04,SCROGGINS ELEMENTARY,Elementary,grease_trap,400 BOYLES HOUSTON TX,77020,OPEN,0,
2026-05-04,SCROGGINS ELEMENTARY,Elementary,inspection,400 BOYLES HOUSTON TX,77020,OPEN,5,1 Houston Ordinance Violation: 7-102.11 (Violation Repeat) | 2 Houston Ordinance Violation: 4-501.11(A) (Violation) | 3 Houston Ordinance Violation: 4-601.11(C) (Violation) | 4 Houston Ordinance Violation: 6-201.17(A) (Violation) | 5 Houston Ordinance Violation: 6-303.11(A) (Violation Repeat)
2026-05-04,PUGH ELEMENTARY SCHOOL,Elementary,grease_trap,1147 KRESS HOUSTON TX,77020,OPEN,0,
2026-05-04,PUGH ELEMENTARY SCHOOL,Elementary,inspection,1147 KRESS HOUSTON TX,77020,OPEN,1,1 Houston Ordinance Violation: 6-201.17(A) (Violation Repeat)
2026-05-04,PUGH ELEMENTARY SCHOOL,Elementary,inspection,1147 KRESS HOUSTON TX,77020,OPEN,1,1 Houston Ordinance Violation: 6-201.17(A) (Violation)
2026-05-04,MEYERLAND MS,Middle / Jr. High,grease_trap,10410 MANHATTAN HOUSTON TX,77096,OPEN,0,
2026-05-04,MEYERLAND MS,Middle / Jr. High,inspection,10410 MANHATTAN HOUSTON TX,77096,OPEN,3,1 Houston Ordinance Violation: 4-601.11(C) (Violation) | 2 Houston Ordinance Violation: 5-501.114 (Violation) | 3 Houston Ordinance Violation: 6-201.17(A) (Violation)
2026-05-04,MANDARIN IMMERSION MAGNATE SCHOOL,Middle / Jr. High,inspection,5445 W ALABAMA ST HOUSTON TX,77056,OPEN,2,1 Houston Ordinance Violation: 6-202.15(A) (Violation Repeat) | 2 Houston Ordinance Violation: 6-501.11 (Violation Repeat)
2026-05-04,MANDARIN IMMERSION MAGNATE SCHOOL,Middle / Jr. High,grease_trap,5445 W ALABAMA ST HOUSTON TX,77056,OPEN,0,
2026-05-04,MANDARIN IMMERSION MAGNATE SCHOOL,Middle / Jr. High,inspection,5445 W ALABAMA ST HOUSTON TX,77056,OPEN,1,1 Houston Ordinance Violation: 6-501.11 (Violation Repeat)
2026-05-04,JUDSON ROBINSON ELEMENTARY SCHOOL,Elementary,grease_trap,12425 WOODFOREST BLVD HOUSTON TX,77013,OPEN,0,
2026-05-04,JUDSON ROBINSON ELEMENTARY SCHOOL,Elementary,inspection,12425 WOODFOREST BLVD HOUSTON TX,77013,OPEN,0,
2026-05-04,J.R. REYNOLDS ELEMENTARY SCHOOL,Elementary,inspection,9601 ROSEHAVEN DR HOUSTON TX,77051,OPEN,2,1 Houston Ordinance Violation: 5-202.12(C) (Violation) | 2 Houston Ordinance Violation: 5-205.15 (Violation Repeat)
2026-05-04,J.R. REYNOLDS ELEMENTARY SCHOOL,Elementary,inspection,9601 ROSEHAVEN DR HOUSTON TX,77051,OPEN,3,1 Houston Ordinance Violation: 4-402.11(A)(3) (Violation) | 2 Houston Ordinance Violation: 5-205.15 (Violation) | 3 Houston Ordinance Violation: 6-501.11 (Violation)
2026-05-04,J.R. REYNOLDS ELEMENTARY SCHOOL,Elementary,grease_trap,9601 ROSEHAVEN DR HOUSTON TX,77051,OPEN,0,
2026-05-04,HUFFMAN ELEMENTARY SCHOOL,Elementary,inspection,24405 E LAKE HOUSTON PKWY HUFFMAN TX,77336,OPEN,10,9 Houston Ordinance Violation: 4-602.12(A) (Violation) | 13 Houston Ordinance Violation: 2-102.12(A) (Violation) | 15 Houston Ordinance Violation: 3-501.16(A)(1) (Violation Corrected On Site) | 37 Houston Ordinance Violation: 3-304.14(B) (Violation Corrected On Site) | 43 Houston Ordinance Violation: 4-402.11(A)(3) (Violation) | 44 Houston Ordinance Violation: 4-501.11(A) (Violation) | 46 Houston Ordinance Violation: 4-601.11(C) (Violation) | 53 Houston Ordinance Violation: 6-201.17(B) (Violation) | 54 Houston Ordinance Violation: 6-501.11 (Violation) | 55 Houston Ordinance Violation: 6-501.110(B) (Violation Corrected On Site)
2026-05-04,HUFFMAN ELEMENTARY SCHOOL,Elementary,grease_trap,24405 E LAKE HOUSTON PKWY HUFFMAN TX,77336,OPEN,1,1 Houston Ordinance Violation: COH-47-512(b) (Violation)
2026-05-04,ASKEW ELEMENTARY,Elementary,grease_trap,11200 WOOD LODGE HOUSTON TX,77077,OPEN,0,
2026-05-04,ASKEW ELEMENTARY,Elementary,inspection,11200 WOOD LODGE HOUSTON TX,77077,OPEN,0,
2026-05-04,ASKEW ELEMENTARY,Elementary,inspection,11200 WOOD LODGE HOUSTON TX,77077,OPEN,0,
2026-05-04,ALMEDA ELEMENTARY,Elementary,inspection,14226 ALMEDA SCHOOL RD HOUSTON TX,77047,OPEN,3,1 Houston Ordinance Violation: 5-202.12(C) (Violation) | 2 Houston Ordinance Violation: 5-205.15 (Violation) | 3 Houston Ordinance Violation: 6-501.11 (Violation Repeat)
2026-05-04,ALMEDA ELEMENTARY,Elementary,inspection,14226 ALMEDA SCHOOL RD HOUSTON TX,77047,OPEN,6,1 Houston Ordinance Violation: 6-501.111(B) (Violation) | 2 Houston Ordinance Violation: 6-202.15(A) (Violation) | 3 Houston Ordinance Violation: 4-501.11(B) (Violation) | 4 Houston Ordinance Violation: 4-601.11(C) (Violation) | 5 Houston Ordinance Violation: 6-501.12(A) (Violation) | 6 Houston Ordinance Violation: 6-501.11 (Violation)
2026-05-04,ALMEDA ELEMENTARY,Elementary,grease_trap,14226 ALMEDA SCHOOL RD HOUSTON TX,77047,OPEN,0,
2026-05-01,MILNE ELEMENTARY SCHOOL,Elementary,grease_trap,7800 PORTAL HOUSTON TX,77071,OPEN,0,
2026-05-01,MILNE ELEMENTARY SCHOOL,Elementary,inspection,7800 PORTAL HOUSTON TX,77071,OPEN,0,
2026-05-01,MILNE ELEMENTARY SCHOOL,Elementary,inspection,7800 PORTAL HOUSTON TX,77071,OPEN,0,
2026-05-01,EMERSON ELEMENTARY SCHOOL,Elementary,inspection,9533 SKYLINE HOUSTON TX,77063,OPEN,0,
2026-05-01,EMERSON ELEMENTARY SCHOOL,Elementary,inspection,9533 SKYLINE HOUSTON TX,77063,OPEN,2,1 Houston Ordinance Violation: 4-501.11(A) (Violation) | 2 Houston Ordinance Violation: 6-501.11 (Violation)
2026-05-01,EMERSON ELEMENTARY SCHOOL,Elementary,grease_trap,9533 SKYLINE HOUSTON TX,77063,OPEN,0,
2026-04-30,VALLEY WEST ELEMENTARY SCHOOL,Elementary,grease_trap,10707 S GESSNER HOUSTON TX,77071,OPEN,0,
2026-04-30,VALLEY WEST ELEMENTARY SCHOOL,Elementary,inspection,10707 S GESSNER HOUSTON TX,77071,OPEN,0,
2026-04-30,VALLEY WEST ELEMENTARY SCHOOL,Elementary,inspection,10707 S GESSNER HOUSTON TX,77071,OPEN,0,
2026-04-30,ST. PETER'S CATHOLIC HIGH SCHOOL,Middle / Jr. High,inspection,6220 LA SALETTE DR HOUSTON TX,77021,OPEN,0,
2026-04-30,ST. PETER'S CATHOLIC HIGH SCHOOL,Middle / Jr. High,grease_trap,6220 LA SALETTE DR HOUSTON TX,77021,OPEN,0,
2026-04-30,ST. PETER'S CATHOLIC HIGH SCHOOL,Middle / Jr. High,inspection,6220 LA SALETTE DR HOUSTON TX,77021,OPEN,0,
2026-04-30,PILGRIM ELEMENTARY SCHOOL,Elementary,inspection,6302 SKYLINE HOUSTON TX,77057,OPEN,1,1 Houston Ordinance Violation: 6-301.12(A) (Violation)
2026-04-30,PILGRIM ELEMENTARY SCHOOL,Elementary,grease_trap,6302 SKYLINE HOUSTON TX,77057,OPEN,0,
2026-04-30,PILGRIM ELEMENTARY SCHOOL,Elementary,inspection,6302 SKYLINE HOUSTON TX,77057,OPEN,0,
2026-04-30,PAUL REVERE MIDDLE SCHOOL,Middle / Jr. High,inspection,10502 BRIAR FOREST HOUSTON TX,77042,OPEN,0,
2026-04-30,PAUL REVERE MIDDLE SCHOOL,Middle / Jr. High,grease_trap,10502 BRIAR FOREST HOUSTON TX,77042,OPEN,0,
2026-04-29,YES PREP SOUTHEAST ELEMENTARY,Elementary,inspection,507 CRENSHAW RD HOUSTON TX,77034,OPEN,2,1 Houston Ordinance Violation: 3-501.16(A)(1) (Violation Corrected On Site) | 2 Houston Ordinance Violation: 5-501.114 (Violation)
2026-04-29,YES PREP SOUTHEAST ELEMENTARY,Elementary,grease_trap,507 CRENSHAW RD HOUSTON TX,77034,OPEN,0,
2026-04-29,YES PREP SOUTHEAST ELEMENTARY,Elementary,inspection,507 CRENSHAW RD HOUSTON TX,77034,OPEN,0,
2026-04-29,WOODSON SCHOOL,Middle / Jr. High,inspection,10720 SOUTHVIEW HOUSTON TX,77047,OPEN,3,1 Houston Ordinance Violation: 6-501.112 (Violation Corrected On Site) | 2 Houston Ordinance Violation: 4-402.11(A)(3) (Violation) | 3 Houston Ordinance Violation: 4-601.11(C) (Violation Corrected On Site)
2026-04-29,WOODSON SCHOOL,Middle / Jr. High,grease_trap,10720 SOUTHVIEW HOUSTON TX,77047,OPEN,0,
2026-04-29,WOODSON SCHOOL,Middle / Jr. High,inspection,10720 SOUTHVIEW HOUSTON TX,77047,OPEN,2,1 Houston Ordinance Violation: 5-202.12(C) (Violation) | 2 Houston Ordinance Violation: 5-205.15 (Violation)
2026-04-29,WELCH MIDDLE SCHOOL,Middle / Jr. High,grease_trap,11544 S GESSNER HOUSTON TX,77071,OPEN,0,
2026-04-29,WELCH MIDDLE SCHOOL,Middle / Jr. High,inspection,11544 S GESSNER HOUSTON TX,77071,OPEN,0,
2026-04-29,WELCH MIDDLE SCHOOL,Middle / Jr. High,inspection,11544 S GESSNER HOUSTON TX,77071,OPEN,0,
2026-04-29,OATES ELEMENTARY,Elementary,grease_trap,10044 WALLISVILLE HOUSTON TX,77013,OPEN,0,
2026-04-29,OATES ELEMENTARY,Elementary,inspection,10044 WALLISVILLE HOUSTON TX,77013,OPEN,3,1 Houston Ordinance Violation: 4-402.11(B)(1) (Violation Repeat) | 2 Houston Ordinance Violation: 5-203.12 (Violation) | 3 Houston Ordinance Violation: 6-501.12(A) (Violation)
2026-04-29,LAW ELEMENTARY,Elementary,inspection,12401 S COAST HOUSTON TX,77047,OPEN,1,1 Houston Ordinance Violation: 5-202.12(C) (Violation)
2026-04-29,LAW ELEMENTARY,Elementary,inspection,12401 S COAST HOUSTON TX,77047,OPEN,9,1 Houston Ordinance Violation: TAC-228.31(b) (Violation) | 2 Houston Ordinance Violation: 6-501.111(B) (Violation) | 3 Houston Ordinance Violation: 4-501.11(B) (Violation) | 4 Houston Ordinance Violation: 4-402.11(A)(3) (Violation) | 5 Houston Ordinance Violation: 5-501.113 (Violation) | 6 Houston Ordinance Violation: 6-201.13(B) (Violation) | 7 Houston Ordinance Violation: 6-101.11(A)(3) (Violation) | 8 Houston Ordinance Violation: 6-501.16 (Violation Corrected On Site) | 9 Houston Ordinance Violation: 6-501.12(A) (Violation)
2026-04-29,LAW ELEMENTARY,Elementary,grease_trap,12401 S COAST HOUSTON TX,77047,OPEN,0,
2026-04-29,HOUSTON CAN ACADEMY,High School,inspection,9020 GULF FWY HOUSTON TX,77017,OPEN,0,
2026-04-29,HOUSTON CAN ACADEMY,High School,inspection,9020 GULF FWY HOUSTON TX,77017,OPEN,4,12 Houston Ordinance Violation: TAC-228.31(d) (Violation) | 46 Houston Ordinance Violation: 5-202.13 (Violation) | 50 Houston Ordinance Violation: 6-501.11 (Violation) | 51 Houston Ordinance Violation: 6-501.12(A) (Violation)
2026-04-29,HOUSTON CAN ACADEMY,High School,grease_trap,9020 GULF FWY HOUSTON TX,77017,OPEN,0,
2026-04-29,GARFIELD ELEMENTARY,Elementary,inspection,10301 HARTSOOK HOUSTON TX,77034,OPEN,2,1 Houston Ordinance Violation: 4-501.11(A) (Violation) | 2 Houston Ordinance Violation: 5-501.114 (Violation)
2026-04-29,GARFIELD ELEMENTARY,Elementary,grease_trap,10301 HARTSOOK HOUSTON TX,77034,OPEN,0,
2026-04-29,GARFIELD ELEMENTARY,Elementary,inspection,10301 HARTSOOK HOUSTON TX,77034,OPEN,0,
2026-04-29,FURR SENIOR HIGH,High School,grease_trap,520 MERCURY DR HOUSTON TX,77013,OPEN,0,
2026-04-29,FURR SENIOR HIGH,High School,inspection,520 MERCURY DR HOUSTON TX,77013,OPEN,0,
2026-04-29,DEADY MIDDLE SCHOOL,Middle / Jr. High,inspection,2500 BROADWAY HOUSTON TX,77012,OPEN,2,1 Houston Ordinance Violation: 4-501.11(A) (Violation) | 2 Houston Ordinance Violation: 6-501.11 (Violation Repeat)
2026-04-29,DEADY MIDDLE SCHOOL,Middle / Jr. High,inspection,2500 BROADWAY HOUSTON TX,77012,OPEN,1,1 Houston Ordinance Violation: 6-201.13(A) (Violation)
2026-04-29,DEADY MIDDLE SCHOOL,Middle / Jr. High,grease_trap,2500 BROADWAY HOUSTON TX,77012,OPEN,0,
2026-04-29,A.B.FREEMAN ELEMENTARY,Elementary,inspection,2323 THETA HOUSTON TX,77034,OPEN,2,1 Houston Ordinance Violation: 4-402.11(A)(3) (Violation) | 2 Houston Ordinance Violation: 5-501.114 (Violation)
2026-04-29,A.B.FREEMAN ELEMENTARY,Elementary,grease_trap,2323 THETA HOUSTON TX,77034,OPEN,0,
2026-04-29,A.B.FREEMAN ELEMENTARY,Elementary,inspection,2323 THETA HOUSTON TX,77034,OPEN,0,
2026-04-28,SUTTON ELEMENTARY,Elementary,grease_trap,7402 ALBACORE HOUSTON TX,77074,OPEN,0,
2026-04-28,SUTTON ELEMENTARY,Elementary,inspection,7402 ALBACORE HOUSTON TX,77074,OPEN,0,
2026-04-28,SUTTON ELEMENTARY,Elementary,inspection,7402 ALBACORE HOUSTON TX,77074,OPEN,0,
2026-04-28,PINEY POINT ELEMENTARY,Elementary,inspection,8921 PAGEWOOD HOUSTON TX,77063,OPEN,1,1 Houston Ordinance Violation: 6-501.11 (Violation)
2026-04-28,PINEY POINT ELEMENTARY,Elementary,inspection,8921 PAGEWOOD HOUSTON TX,77063,OPEN,1,2 Houston Ordinance Violation: 6-501.114(A) (Violation)
2026-04-28,PINEY POINT ELEMENTARY,Elementary,grease_trap,8921 PAGEWOOD HOUSTON TX,77063,OPEN,0,
2026-04-28,BROWNING ELEMENTARY,Elementary,inspection,607 NORTHWOOD HOUSTON TX,77009,OPEN,3,6 Houston Ordinance Violation: 3-202.15 (Violation Corrected On Site) | 33 Houston Ordinance Violation: 6-501.112 (Violation) | 43 Houston Ordinance Violation: 4-201.11 (Violation)
2026-04-28,BROWNING ELEMENTARY,Elementary,grease_trap,607 NORTHWOOD HOUSTON TX,77009,OPEN,0,
2026-04-27,STEVENSON MIDDLE SCHOOL,Middle / Jr. High,grease_trap,9595 WINKLER HOUSTON TX,77017,OPEN,0,
2026-04-27,STEVENSON MIDDLE SCHOOL,Middle / Jr. High,inspection,9595 WINKLER HOUSTON TX,77017,OPEN,2,33 Houston Ordinance Violation: 6-202.15(A) (Violation) | 52 Houston Ordinance Violation: 6-501.11 (Violation)
2026-04-27,STEVENSON MIDDLE SCHOOL,Middle / Jr. High,inspection,9595 WINKLER HOUSTON TX,77017,OPEN,1,1 Houston Ordinance Violation: 6-202.15(A) (Violation)
2026-04-27,SHARPSTOWN HIGH SCHOOL,High School,grease_trap,7504 BISSONNET HOUSTON TX,77074,OPEN,0,
2026-04-27,SHARPSTOWN HIGH SCHOOL,High School,inspection,7504 BISSONNET HOUSTON TX,77074,OPEN,0,
2026-04-27,SHARPSTOWN HIGH SCHOOL,High School,inspection,7504 BISSONNET HOUSTON TX,77074,OPEN,0,
2026-04-27,RED ELEMENTARY,Elementary,grease_trap,4520 TONAWANDA HOUSTON TX,77035,OPEN,0,
2026-04-27,RED ELEMENTARY,Elementary,inspection,4520 TONAWANDA HOUSTON TX,77035,OPEN,0,
2026-04-27,LOVETT ELEMENTARY,Elementary,grease_trap,8814 S RICE BLVD HOUSTON TX,77096,OPEN,0,
2026-04-27,LOVETT ELEMENTARY,Elementary,inspection,8814 S RICE BLVD HOUSTON TX,77096,OPEN,1,1 Houston Ordinance Violation: 2-501.11 (Violation)
2026-04-27,LOOSCAN ELEMENTARY,Elementary,inspection,3800 ROBERTSON HOUSTON TX,77009,OPEN,3,33 Houston Ordinance Violation: 6-501.112 (Violation Corrected On Site) | 34 Houston Ordinance Violation: 6-501.111(B) (Violation) | 52 Houston Ordinance Violation: 5-501.113 (Violation)
2026-04-27,LOOSCAN ELEMENTARY,Elementary,grease_trap,3800 ROBERTSON HOUSTON TX,77009,OPEN,0,
2026-04-27,KASHMERE GARDENS ELEMENTARY,Elementary,grease_trap,4901 LOCKWOOD HOUSTON TX,77026,OPEN,0,
2026-04-27,KASHMERE GARDENS ELEMENTARY,Elementary,inspection,4901 LOCKWOOD HOUSTON TX,77026,OPEN,1,1 Houston Ordinance Violation: 6-501.11 (Violation Repeat)
2026-04-27,JEFFERSON ELEMENTARY,Elementary,inspection,5000 SHARMAN HOUSTON TX,77009,OPEN,0,
2026-04-27,JEFFERSON ELEMENTARY,Elementary,grease_trap,5000 SHARMAN HOUSTON TX,77009,OPEN,0,
2026-04-27,HELMS ELEMENTARY,Elementary,grease_trap,503 W 21ST ST HOUSTON TX,77008,OPEN,0,
2026-04-27,HELMS ELEMENTARY,Elementary,inspection,503 W 21ST ST HOUSTON TX,77008,OPEN,0,
2026-04-27,HELMS ELEMENTARY,Elementary,inspection,503 W 21ST ST HOUSTON TX,77008,OPEN,0,
2026-04-27,HEIGHTS HS,High School,inspection,413 E 13TH ST HOUSTON TX,77008,OPEN,0,
2026-04-27,GALLEGOS ELEMENTARY SCHOOL,Elementary,inspection,7415 HARRISBURG HOUSTON TX,77011,OPEN,0,
2026-04-27,GALLEGOS ELEMENTARY SCHOOL,Elementary,grease_trap,7415 HARRISBURG HOUSTON TX,77011,OPEN,0,
2026-04-27,FRANKLIN ELEMENTARY,Elementary,grease_trap,7101 CANAL HOUSTON TX,77011,OPEN,0,
2026-04-27,FRANKLIN ELEMENTARY,Elementary,inspection,7101 CANAL HOUSTON TX,77011,OPEN,2,1 Houston Ordinance Violation: 6-202.15(A) (Violation) | 2 Houston Ordinance Violation: 6-201.17(A) (Violation)
2026-04-27,FRANKLIN ELEMENTARY,Elementary,inspection,7101 CANAL HOUSTON TX,77011,OPEN,1,1 Houston Ordinance Violation: 7-102.11 (Violation Corrected On Site)
2026-04-27,B.C. ELMORE ELEMENTARY,Elementary,grease_trap,8200 TATE HOUSTON TX,77028,OPEN,0,
2026-04-27,B.C. ELMORE ELEMENTARY,Elementary,inspection,8200 TATE HOUSTON TX,77028,OPEN,2,1 Houston Ordinance Violation: 5-501.112(B) (Violation) | 2 Houston Ordinance Violation: 6-501.11 (Violation)
2026-04-27,ANDERSON ELEMENTARY SCHOOL,Elementary,grease_trap,5727 LUDINGTON HOUSTON TX,77035,OPEN,0,
2026-04-27,ANDERSON ELEMENTARY SCHOOL,Elementary,inspection,5727 LUDINGTON HOUSTON TX,77035,OPEN,0,
2026-04-24,YES PREP ELEMENTARY-WEST CAMPUS,Elementary,inspection,9910 1/2 SHARPCREST HOUSTON TX,77036,OPEN,0,
2026-04-24,YES PREP ELEMENTARY-WEST CAMPUS,Elementary,inspection,9910 1/2 SHARPCREST HOUSTON TX,77036,OPEN,0,
2026-04-23,ST AUGUSTINE SCHOOL,Middle / Jr. High,inspection,5500 LAUREL CREEK HOUSTON TX,77017,OPEN,2,31 Houston Ordinance Violation: 6-202.15(A) (Violation Repeat) | 50 Houston Ordinance Violation: 6-501.11 (Violation Repeat)
2026-04-23,ST AUGUSTINE SCHOOL,Middle / Jr. High,inspection,5500 LAUREL CREEK HOUSTON TX,77017,OPEN,2,1 Houston Ordinance Violation: 6-202.15(A) (Violation) | 2 Houston Ordinance Violation: 6-501.11 (Violation)
2026-04-23,ST AUGUSTINE SCHOOL,Middle / Jr. High,grease_trap,5500 LAUREL CREEK HOUSTON TX,77017,OPEN,0,
2026-04-23,QUEENS INTERMEDIATE,Middle / Jr. High,inspection,1452 QUEENS RD HOUSTON TX,77017,OPEN,1,42 Houston Ordinance Violation: 4-402.11(A)(3) (Violation Repeat)
2026-04-23,QUEENS INTERMEDIATE,Middle / Jr. High,inspection,1452 QUEENS RD HOUSTON TX,77017,OPEN,0,
2026-04-23,QUEENS INTERMEDIATE,Middle / Jr. High,grease_trap,1452 QUEENS RD HOUSTON TX,77017,OPEN,0,
2026-04-23,LAURA BUSH ELEMENTARY,Elementary,inspection,9100 BLACKHAWK BLVD HOUSTON TX,77075,OPEN,0,
2026-04-23,LAURA BUSH ELEMENTARY,Elementary,inspection,9100 BLACKHAWK BLVD HOUSTON TX,77075,OPEN,0,
2026-04-23,LAURA BUSH ELEMENTARY,Elementary,grease_trap,9100 BLACKHAWK BLVD HOUSTON TX,77075,OPEN,0,
2026-04-23,JESSUP ELEMENTARY SCHOOL,Elementary,inspection,9301 ALMEDA GENOA HOUSTON TX,77075,OPEN,2,1 Houston Ordinance Violation: 4-501.11(A) (Violation) | 2 Houston Ordinance Violation: 6-501.11 (Violation Repeat)
2026-04-23,JESSUP ELEMENTARY SCHOOL,Elementary,inspection,9301 ALMEDA GENOA HOUSTON TX,77075,OPEN,1,1 Houston Ordinance Violation: 6-501.11 (Violation)
2026-04-23,JESSUP ELEMENTARY SCHOOL,Elementary,grease_trap,9301 ALMEDA GENOA HOUSTON TX,77075,OPEN,0,
2026-04-23,JAMES E. STUCHBERY ELEMENTARY,Elementary,inspection,11210 HUGHES HOUSTON TX,77089,OPEN,5,1 Houston Ordinance Violation: 6-501.111(B) (Violation) | 2 Houston Ordinance Violation: 4-501.11(A) (Violation) | 3 Houston Ordinance Violation: 6-501.11 (Violation) | 4 Houston Ordinance Violation: 6-501.12(A) (Violation) | 5 Houston Ordinance Violation: 6-201.13(A) (Violation)
2026-04-23,JAMES E. STUCHBERY ELEMENTARY,Elementary,inspection,11210 HUGHES HOUSTON TX,77089,OPEN,0,
2026-04-23,JAMES E. STUCHBERY ELEMENTARY,Elementary,grease_trap,11210 HUGHES HOUSTON TX,77089,OPEN,0,
2026-04-23,FRAZIER ELEMENTARY SCHOOL,Elementary,inspection,10503 HUGHES HOUSTON TX,77089,OPEN,0,
2026-04-23,FRAZIER ELEMENTARY SCHOOL,Elementary,inspection,10503 HUGHES HOUSTON TX,77089,OPEN,0,
2026-04-23,FRAZIER ELEMENTARY SCHOOL,Elementary,grease_trap,10503 HUGHES HOUSTON TX,77089,OPEN,0,
2026-04-22,FOREST BROOK MIDDLE SCHOOL,Middle / Jr. High,grease_trap,7525 TIDWELL RD HOUSTON TX,77016,OPEN,0,
2026-04-22,FOREST BROOK MIDDLE SCHOOL,Middle / Jr. High,inspection,7525 TIDWELL RD HOUSTON TX,77016,OPEN,3,1 Houston Ordinance Violation: 5-501.114 (Violation) | 2 Houston Ordinance Violation: 5-501.112(B) (Violation) | 3 Houston Ordinance Violation: 6-101.11(A)(1) (Violation)
2026-04-22,ALLEN ALDRIDGE JR. ELEMENTARY SCHOOL,Elementary,inspection,15817 BLUE RIDGE RD MISSOURI CITY TX,77489,OPEN,0,
2026-04-22,ALLEN ALDRIDGE JR. ELEMENTARY SCHOOL,Elementary,inspection,15817 BLUE RIDGE RD MISSOURI CITY TX,77489,OPEN,7,1 Houston Ordinance Violation: 5-202.12(C) (Violation) | 2 Houston Ordinance Violation: TAC-228.31(a) (Violation) | 3 Houston Ordinance Violation: TAC-228.32 (Violation) | 4 Houston Ordinance Violation: 4-101.16 (Violation) | 5 Houston Ordinance Violation: 4-402.11(A)(3) (Violation) | 6 Houston Ordinance Violation: 5-501.114 (Violation) | 7 Houston Ordinance Violation: 6-501.11 (Violation)
2026-04-22,ALLEN ALDRIDGE JR. ELEMENTARY SCHOOL,Elementary,grease_trap,15817 BLUE RIDGE RD MISSOURI CITY TX,77489,OPEN,1,1 Houston Ordinance Violation: COH-47-522 (Violation)
2026-04-22,ALDINE NINTH GRADE,Middle / Jr. High,grease_trap,10650 NORTH FWY HOUSTON TX,77037,OPEN,0,
2026-04-22,ALDINE NINTH GRADE,Middle / Jr. High,inspection,10650 NORTH FWY HOUSTON TX,77037,OPEN,0,
2026-04-22,ALDINE NINTH GRADE,Middle / Jr. High,inspection,10650 NORTH FWY HOUSTON TX,77037,OPEN,2,46 Houston Ordinance Violation: 5-501.113 (Violation) | 47 Houston Ordinance Violation: 5-501.114 (Violation)
2026-04-22,ACCELERATED INTERMEDIATE ACADEMY,Elementary,inspection,12829 SUMMIT RIDGE DR HOUSTON TX,77085,OPEN,0,
2026-04-21,THURGOOD MARSHALL ELEMENTARY,Elementary,inspection,6200 WINFIELD RD HOUSTON TX,77050,OPEN,6,1 Houston Ordinance Violation: 6-202.15(C) (Violation) | 2 Houston Ordinance Violation: 6-501.112 (Violation) | 3 Houston Ordinance Violation: 3-304.14(B) (Violation Corrected On Site) | 4 Houston Ordinance Violation: 4-302.14 (Violation Corrected On Site) | 5 Houston Ordinance Violation: 6-201.17(B) (Violation) | 6 Houston Ordinance Violation: 6-501.11 (Violation)
2026-04-21,THURGOOD MARSHALL ELEMENTARY,Elementary,grease_trap,6200 WINFIELD RD HOUSTON TX,77050,OPEN,0,
2026-04-21,SHADYDALE ELEMENTARY SCHOOL,Elementary,inspection,5905 TIDWELL RD HOUSTON TX,77016,OPEN,2,1 Houston Ordinance Violation: 6-501.112 (Violation Corrected On Site) | 2 Houston Ordinance Violation: 3-304.14(B) (Violation Corrected On Site)
2026-04-21,SHADYDALE ELEMENTARY SCHOOL,Elementary,grease_trap,5905 TIDWELL RD HOUSTON TX,77016,OPEN,0,
2026-04-21,R.P. HARRIS ELEMENTARY,Elementary,grease_trap,1262 MAE RD HOUSTON TX,77015,OPEN,0,
2026-04-21,R.P. HARRIS ELEMENTARY,Elementary,inspection,1262 MAE RD HOUSTON TX,77015,OPEN,1,1 Houston Ordinance Violation: 6-501.12(A) (Violation)
2026-04-20,YES PREP ELEMENTARY-SOUTHWEST CAMPUS,Elementary,inspection,5212 ANDERSON RD HOUSTON TX,77053,OPEN,1,1 Houston Ordinance Violation: 5-202.12(C) (Violation)
2026-04-20,YES PREP ELEMENTARY-SOUTHWEST CAMPUS,Elementary,inspection,5212 ANDERSON RD HOUSTON TX,77053,OPEN,3,1 Houston Ordinance Violation: 6-501.111(B) (Violation) | 2 Houston Ordinance Violation: 4-101.19 (Violation) | 3 Houston Ordinance Violation: 5-501.113 (Violation)
2026-04-20,YES PREP ELEMENTARY-SOUTHWEST CAMPUS,Elementary,inspection,5212 ANDERSON RD HOUSTON TX,77053,OPEN,0,
2026-04-20,WINDSOR VILLAGE ELEMENTARY SCHOOL,Elementary,inspection,14440 POLO HOUSTON TX,77085,OPEN,3,1 Houston Ordinance Violation: 5-202.12(C) (Violation) | 2 Houston Ordinance Violation: 4-402.11(A)(3) (Violation Repeat) | 3 Houston Ordinance Violation: 5-205.15 (Violation)
2026-04-20,WINDSOR VILLAGE ELEMENTARY SCHOOL,Elementary,inspection,14440 POLO HOUSTON TX,77085,OPEN,4,1 Houston Ordinance Violation: TAC-228.31(E) (Violation) | 2 Houston Ordinance Violation: 4-402.11(A)(3) (Violation) | 3 Houston Ordinance Violation: 6-201.13(B) (Violation) | 4 Houston Ordinance Violation: 6-501.11 (Violation)
2026-04-20,WINDSOR VILLAGE ELEMENTARY SCHOOL,Elementary,grease_trap,14440 POLO HOUSTON TX,77085,OPEN,0,
2026-04-20,NORTH FOREST HIGH SCHOOL,High School,grease_trap,10726 MESA DR HOUSTON TX,77087,OPEN,0,
2026-04-20,NORTH FOREST HIGH SCHOOL,High School,inspection,10726 MESA DR HOUSTON TX,77087,OPEN,2,1 Houston Ordinance Violation: 4-402.11(B)(1) (Violation) | 2 Houston Ordinance Violation: 4-601.11(C) (Violation)
2026-04-20,HENDERSON N.Q. ELEMENTARY,Elementary,inspection,701 SOLO HOUSTON TX,77020,OPEN,0,
2026-04-20,HENDERSON N.Q. ELEMENTARY,Elementary,grease_trap,701 SOLO HOUSTON TX,77020,OPEN,0,
2026-04-20,HENDERSON N.Q. ELEMENTARY,Elementary,inspection,701 SOLO HOUSTON TX,77020,OPEN,3,1 Houston Ordinance Violation: 2-102.12(A) (Violation) | 2 Houston Ordinance Violation: 7-102.11 (Violation) | 3 Houston Ordinance Violation: 6-501.16 (Violation Corrected On Site)
2026-04-20,HEIGHTS HS,High School,inspection,413 E 13TH ST HOUSTON TX,77008,OPEN,1,1 Houston Ordinance Violation: 6-501.18 (Violation)
2026-04-20,HEIGHTS HS,High School,grease_trap,413 E 13TH ST HOUSTON TX,77008,OPEN,0,
2026-04-20,HEIGHTS HS,High School,inspection,413 E 13TH ST HOUSTON TX,77008,OPEN,1,8 Houston Ordinance Violation: 4-602.12(A) (Violation)
2026-04-20,FONWOOD EARLY CHILDHOOD CENTER HISD,Elementary,inspection,9709 MESA HOUSTON TX,77078,OPEN,0,
2026-04-20,FONWOOD EARLY CHILDHOOD CENTER HISD,Elementary,grease_trap,9709 MESA HOUSTON TX,77078,OPEN,0,
2026-04-20,FONWOOD EARLY CHILDHOOD CENTER HISD,Elementary,inspection,9709 MESA HOUSTON TX,77078,OPEN,1,1 Houston Ordinance Violation: 4-601.11(C) (Violation)
2026-04-20,ELIOT ELEMENTARY,Elementary,inspection,6411 LAREDO HOUSTON TX,77020,OPEN,1,1 Houston Ordinance Violation: 6-201.17(A) (Violation)
2026-04-20,ELIOT ELEMENTARY,Elementary,grease_trap,6411 LAREDO HOUSTON TX,77020,OPEN,0,
2026-04-20,ELIOT ELEMENTARY,Elementary,inspection,6411 LAREDO HOUSTON TX,77020,OPEN,2,1 Houston Ordinance Violation: TAC-228.31(E) (Violation Corrected On Site) | 2 Houston Ordinance Violation: 6-303.11(A) (Violation)
2026-04-20,CLEMENTE MARTINEZ ELEMENTARY,Elementary,inspection,901 HAYS HOUSTON TX,77009,OPEN,2,6 Houston Ordinance Violation: 3-202.15 (Violation Corrected On Site) | 34 Houston Ordinance Violation: 3-305.11(A) (Violation)
2026-04-20,CLEMENTE MARTINEZ ELEMENTARY,Elementary,grease_trap,901 HAYS HOUSTON TX,77009,OPEN,0,
2026-04-20,BILLY R. REAGAN EDUCATION CENTER,Elementary,inspection,4842 ANDERSON HOUSTON TX,77053,OPEN,2,1 Houston Ordinance Violation: 5-202.12(C) (Violation) | 2 Houston Ordinance Violation: 5-205.15 (Violation)
2026-04-20,BILLY R. REAGAN EDUCATION CENTER,Elementary,inspection,4842 ANDERSON HOUSTON TX,77053,OPEN,3,1 Houston Ordinance Violation: 4-602.11(E) (Violation) | 2 Houston Ordinance Violation: 6-501.11 (Violation) | 3 Houston Ordinance Violation: 6-501.12(A) (Violation)
2026-04-20,BILLY R. REAGAN EDUCATION CENTER,Elementary,grease_trap,4842 ANDERSON HOUSTON TX,77053,OPEN,0,
2026-04-17,STOVALL MIDDLE SCHOOL,Middle / Jr. High,inspection,11201 AIRLINE HOUSTON TX,77037,OPEN,0,
2026-04-17,STOVALL MIDDLE SCHOOL,Middle / Jr. High,grease_trap,11201 AIRLINE HOUSTON TX,77037,OPEN,0,
2026-04-17,STOVALL MIDDLE SCHOOL,Middle / Jr. High,inspection,11201 AIRLINE HOUSTON TX,77037,OPEN,4,3 Houston Ordinance Violation: 6-301.12(B) (Violation) | 4 Houston Ordinance Violation: 6-301.14 (Violation) | 32 Houston Ordinance Violation: 4-204.112(A) (Violation) | 52 Houston Ordinance Violation: 5-501.114 (Violation)
2026-04-17,ELROD ELEMENTARY SCHOOL,Elementary,inspection,6230 DUMFRIES HOUSTON TX,77096,OPEN,0,
2026-04-17,ALDINE HIGH SCHOOL,High School,inspection,11101 AIRLINE DR HOUSTON TX,77037,OPEN,0,
2026-04-17,ALDINE HIGH SCHOOL,High School,inspection,11101 AIRLINE DR HOUSTON TX,77037,OPEN,0,
2026-04-17,ALDINE HIGH SCHOOL,High School,inspection,11101 AIRLINE DR HOUSTON TX,77037,OPEN,6,16 Houston Ordinance Violation: 3-501.16(A)(2) (Violation Corrected On Site) | 30 Houston Ordinance Violation: 4-204.112(A) (Violation) | 33 Houston Ordinance Violation: 3-305.12 (Violation Corrected On Site) | 42 Houston Ordinance Violation: 4-501.11(A) (Violation) | 50 Houston Ordinance Violation: 5-501.114 (Violation) | 51 Houston Ordinance Violation: 5-501.113 (Violation)
2026-04-16,YES PREP PUBLIC SCHOOLS - NORTH FOREST SECONDARY,Middle / Jr. High,inspection,6602 WINFIELD RD HOUSTON TX,77050,OPEN,6,2 Houston Ordinance Violation: 5-203.11(A) (Violation) | 8 Houston Ordinance Violation: 4-602.12(A) (Violation Repeat) | 46 Houston Ordinance Violation: 5-205.15 (Violation) | 49 Houston Ordinance Violation: 5-501.113 (Violation Repeat) | 50 Houston Ordinance Violation: 5-501.114 (Violation Repeat) | 51 Houston Ordinance Violation: 6-501.12(A) (Violation Repeat)
2026-04-16,YES PREP PUBLIC SCHOOLS - NORTH FOREST SECONDARY,Middle / Jr. High,inspection,6602 WINFIELD RD HOUSTON TX,77050,OPEN,0,
2026-04-16,YES PREP PUBLIC SCHOOLS - NORTH FOREST ELEMENTARY,Elementary,inspection,6602 WINFIELD RD HOUSTON TX,77050,OPEN,7,8 Houston Ordinance Violation: 4-602.12(A) (Violation Repeat) | 44 Houston Ordinance Violation: 4-601.11(C) (Violation Repeat) | 49 Houston Ordinance Violation: 5-501.17 (Violation) | 50 Houston Ordinance Violation: 5-501.113 (Violation Repeat) | 51 Houston Ordinance Violation: 6-201.17(B) (Violation) | 52 Houston Ordinance Violation: 6-501.12(A) (Violation) | 53 Houston Ordinance Violation: COH-21-244(a) (Violation Repeat)
2026-04-16,YES PREP PUBLIC SCHOOLS - NORTH FOREST ELEMENTARY,Elementary,inspection,6602 WINFIELD RD HOUSTON TX,77050,OPEN,0,
2026-04-16,McGOWEN ELEMENTARY,Elementary,grease_trap,6820 HOMESTEAD HOUSTON TX,77028,OPEN,0,
2026-04-16,McGOWEN ELEMENTARY,Elementary,inspection,6820 HOMESTEAD HOUSTON TX,77028,OPEN,0,
2026-04-16,MORRIS 5TH GRADE CENTER,Middle / Jr. High,inspection,10415 FUQUA HOUSTON TX,77089,OPEN,2,1 Houston Ordinance Violation: 4-501.11(A) (Violation) | 2 Houston Ordinance Violation: 6-501.11 (Violation)
2026-04-16,MORRIS 5TH GRADE CENTER,Middle / Jr. High,inspection,10415 FUQUA HOUSTON TX,77089,OPEN,0,
2026-04-16,MORRIS 5TH GRADE CENTER,Middle / Jr. High,grease_trap,10415 FUQUA HOUSTON TX,77089,OPEN,0,
2026-04-16,MILBY HIGH SCHOOL,High School,inspection,1601 BROADWAY HOUSTON TX,77012,OPEN,1,1 Houston Ordinance Violation: 6-202.15(A) (Violation Repeat)
2026-04-16,MILBY HIGH SCHOOL,High School,inspection,1601 BROADWAY HOUSTON TX,77012,OPEN,5,32 Houston Ordinance Violation: 6-202.15(A) (Violation Repeat) | 42 Houston Ordinance Violation: 4-402.11(A)(3) (Violation) | 50 Houston Ordinance Violation: 5-501.114 (Violation) | 51 Houston Ordinance Violation: 6-501.11 (Violation) | 52 Houston Ordinance Violation: 6-501.12(A) (Violation)
2026-04-16,MILBY HIGH SCHOOL,High School,grease_trap,1601 BROADWAY HOUSTON TX,77012,OPEN,0,
2026-04-16,MEADOR ELEMENTARY SCHOOL,Elementary,inspection,10701 SEAFORD HOUSTON TX,77089,OPEN,2,1 Houston Ordinance Violation: 5-202.13 (Violation) | 2 Houston Ordinance Violation: 6-501.11 (Violation)
2026-04-16,MEADOR ELEMENTARY SCHOOL,Elementary,inspection,10701 SEAFORD HOUSTON TX,77089,OPEN,0,
2026-04-16,MEADOR ELEMENTARY SCHOOL,Elementary,grease_trap,10701 SEAFORD HOUSTON TX,77089,OPEN,0,
2026-04-16,LONGFELLOW ELEMENTARY SCHOOL,Elementary,inspection,3617 NORRIS DR HOUSTON TX,77025,OPEN,3,16 Houston Ordinance Violation: 3-501.18(A) (Violation) | 40 Houston Ordinance Violation: 4-402.11(A)(3) (Violation) | 49 Houston Ordinance Violation: 6-501.11 (Violation)
2026-04-16,KASHMERE SENIOR HIGH,High School,grease_trap,6900 WILEYVALE HOUSTON TX,77028,OPEN,0,
2026-04-16,KASHMERE SENIOR HIGH,High School,inspection,6900 WILEYVALE HOUSTON TX,77028,OPEN,3,1 Houston Ordinance Violation: 4-601.11(C) (Violation) | 2 Houston Ordinance Violation: 5-501.113 (Violation) | 3 Houston Ordinance Violation: 6-501.11 (Violation)
2026-04-16,CODWELL ELEMENTARY SCHOOL,Elementary,inspection,5225 TAVENOR HOUSTON TX,77048,OPEN,0,
2026-04-16,CODWELL ELEMENTARY SCHOOL,Elementary,inspection,5225 TAVENOR HOUSTON TX,77048,OPEN,0,
2026-04-16,CODWELL ELEMENTARY SCHOOL,Elementary,grease_trap,5225 TAVENOR HOUSTON TX,77048,OPEN,0,
2026-04-16,BUSSEY ELEMENTARY,Elementary,inspection,11555 AIRLINE DR HOUSTON TX,77037,OPEN,0,
2026-04-16,BUSSEY ELEMENTARY,Elementary,grease_trap,11555 AIRLINE DR HOUSTON TX,77037,OPEN,0,
2026-04-16,BUSSEY ELEMENTARY,Elementary,inspection,11555 AIRLINE DR HOUSTON TX,77037,OPEN,1,51 Houston Ordinance Violation: 5-501.113 (Violation)
2026-04-16,ATKINSON ELEMENTARY SCHOOL,Elementary,inspection,9602 KINGSPOINT HOUSTON TX,77075,OPEN,0,
2026-04-16,ATKINSON ELEMENTARY SCHOOL,Elementary,inspection,9602 KINGSPOINT HOUSTON TX,77075,OPEN,0,
2026-04-16,ATKINSON ELEMENTARY SCHOOL,Elementary,grease_trap,9602 KINGSPOINT HOUSTON TX,77075,OPEN,0,
2026-04-14,SEMILLA'S PRE SCHOOL,Elementary,inspection,5226 ELM ST HOUSTON TX,77081,OPEN,1,1 Houston Ordinance Violation: 5-501.114 (Violation Repeat)
2026-04-14,ROSS ELEMENTARY,Elementary,grease_trap,2819 BAY HOUSTON TX,77026,OPEN,0,
2026-04-14,ROSS ELEMENTARY,Elementary,inspection,2819 BAY HOUSTON TX,77026,OPEN,7,1 Houston Ordinance Violation: 3-501.16(A)(2) (Violation Corrected On Site) | 2 Houston Ordinance Violation: 6-501.112 (Violation) | 3 Houston Ordinance Violation: 3-303.12(B) (Violation Corrected On Site) | 4 Houston Ordinance Violation: 4-201.11 (Violation) | 5 Houston Ordinance Violation: 6-501.18 (Violation) | 6 Houston Ordinance Violation: 6-501.12(A) (Violation) | 7 Houston Ordinance Violation: 6-501.11 (Violation)
2026-04-14,NORTH POINTE ELEMENTARY,Elementary,grease_trap,3200 ALMOND CREEK HOUSTON TX,77059,OPEN,0,
2026-04-14,NORTH POINTE ELEMENTARY,Elementary,inspection,3200 ALMOND CREEK HOUSTON TX,77059,OPEN,0,
2026-04-14,MC WILLIAMS SCHOOL,Middle / Jr. High,inspection,6100 KNOX HOUSTON TX,77091,OPEN,0,
2026-04-14,MC WILLIAMS SCHOOL,Middle / Jr. High,inspection,6100 KNOX HOUSTON TX,77091,OPEN,0,
2026-04-14,MC WILLIAMS SCHOOL,Middle / Jr. High,grease_trap,6100 KNOX HOUSTON TX,77091,OPEN,0,
2026-04-14,DOGAN ELEMENTARY,Elementary,grease_trap,4202 LIBERTY RD HOUSTON TX,77026,OPEN,0,
2026-04-14,DOGAN ELEMENTARY,Elementary,inspection,4202 LIBERTY RD HOUSTON TX,77026,OPEN,3,1 Houston Ordinance Violation: 3-304.12(B) (Violation Corrected On Site) | 2 Houston Ordinance Violation: 5-501.113 (Violation) | 3 Houston Ordinance Violation: 6-501.12(A) (Violation)
2026-04-14,BRUCE ELEMENTARY SCHOOL,Elementary,grease_trap,510 JENSEN DR HOUSTON TX,77020,OPEN,0,
2026-04-14,BRUCE ELEMENTARY SCHOOL,Elementary,inspection,510 JENSEN DR HOUSTON TX,77020,OPEN,1,1 Houston Ordinance Violation: 5-501.15(A) (Violation)
2026-04-14,BRUCE ELEMENTARY SCHOOL,Elementary,inspection,510 JENSEN DR HOUSTON TX,77020,OPEN,3,1 Houston Ordinance Violation: 6-301.12(A) (Violation Corrected On Site) | 2 Houston Ordinance Violation: 4-402.11(A)(3) (Violation) | 3 Houston Ordinance Violation: 6-201.17(A) (Violation Repeat)
2026-04-14,ATHERTON ELEMENTARY,Elementary,inspection,2011 SOLO HOUSTON TX,77020,OPEN,0,
2026-04-14,ATHERTON ELEMENTARY,Elementary,grease_trap,2011 SOLO HOUSTON TX,77020,OPEN,0,
2026-04-14,ATHERTON ELEMENTARY,Elementary,inspection,2011 SOLO HOUSTON TX,77020,OPEN,2,1 Houston Ordinance Violation: 4-501.11(A) (Violation) | 2 Houston Ordinance Violation: 6-201.17(A) (Violation Repeat)
2026-04-13,SPACE CENTER INTERMEDIATE,Middle / Jr. High,grease_trap,17400 SATURN HOUSTON TX,77058,OPEN,0,
2026-04-13,SPACE CENTER INTERMEDIATE,Middle / Jr. High,inspection,17400 SATURN HOUSTON TX,77058,OPEN,2,1 Houston Ordinance Violation: 5-501.115 (Violation) | 2 Houston Ordinance Violation: COH-21-244(b) (Violation)
2026-04-13,NAVARRO MS,Middle / Jr. High,inspection,5100 POLK HOUSTON TX,77023,OPEN,1,1 Houston Ordinance Violation: 6-501.11 (Violation Repeat)
2026-04-13,NAVARRO MS,Middle / Jr. High,inspection,5100 POLK HOUSTON TX,77023,OPEN,1,93 Houston Ordinance Violation: 6-501.11 (Violation)
2026-04-13,NAVARRO MS,Middle / Jr. High,grease_trap,5100 POLK HOUSTON TX,77023,OPEN,0,
2026-04-13,KEY MIDDLE,Middle / Jr. High,grease_trap,4000 KELLEY HOUSTON TX,77026,OPEN,0,
2026-04-13,KEY MIDDLE,Middle / Jr. High,inspection,4000 KELLEY HOUSTON TX,77026,OPEN,3,1 Houston Ordinance Violation: TAC-228.31(d) (Violation) | 2 Houston Ordinance Violation: 6-501.11 (Violation) | 3 Houston Ordinance Violation: 6-501.12(A) (Violation)
2026-04-13,JOHN WARD ELEMENTARY SCHOOL,Elementary,grease_trap,1440 BOULDERCREST HOUSTON TX,77062,OPEN,0,
2026-04-13,JOHN WARD ELEMENTARY SCHOOL,Elementary,inspection,1440 BOULDERCREST HOUSTON TX,77062,OPEN,2,1 Houston Ordinance Violation: 5-501.113 (Violation) | 2 Houston Ordinance Violation: 6-201.17(A) (Violation)
2026-04-13,FLEMING MIDDLE SCHOOL,Middle / Jr. High,grease_trap,4910 COLLINGSWORTH HOUSTON TX,77026,OPEN,0,
2026-04-13,FLEMING MIDDLE SCHOOL,Middle / Jr. High,inspection,4910 COLLINGSWORTH HOUSTON TX,77026,OPEN,3,1 Houston Ordinance Violation: 4-402.11(B)(1) (Violation) | 2 Houston Ordinance Violation: 6-501.12(A) (Violation) | 3 Houston Ordinance Violation: 6-501.11 (Violation)
2026-04-13,E.M. YOUNG ELEMENTARY,Elementary,inspection,3555 BELLFORT HOUSTON TX,77051,OPEN,1,1 Houston Ordinance Violation: 5-202.12(C) (Violation)
2026-04-13,E.M. YOUNG ELEMENTARY,Elementary,inspection,3555 BELLFORT HOUSTON TX,77051,OPEN,3,1 Houston Ordinance Violation: 6-501.111(B) (Violation) | 2 Houston Ordinance Violation: 4-101.19 (Violation) | 3 Houston Ordinance Violation: 6-501.16 (Violation)
2026-04-13,E.M. YOUNG ELEMENTARY,Elementary,grease_trap,3555 BELLFORT HOUSTON TX,77051,OPEN,0,
2026-04-13,DURHAM ELEMENTARY,Elementary,inspection,4803 BRINKMAN HOUSTON TX,77018,OPEN,1,51 Houston Ordinance Violation: TAC-228.241 (Violation)
2026-04-13,DURHAM ELEMENTARY,Elementary,inspection,4803 BRINKMAN HOUSTON TX,77018,OPEN,0,
2026-04-13,DURHAM ELEMENTARY,Elementary,grease_trap,4803 BRINKMAN HOUSTON TX,77018,OPEN,0,
2026-04-13,DURHAM ELEMENTARY,Elementary,inspection,4803 BRINKMAN HOUSTON TX,77018,OPEN,0,
2026-04-13,DAVID G. BURNET ELEMENTARY,Elementary,inspection,5403 CANAL HOUSTON TX,77011,OPEN,1,1 Houston Ordinance Violation: 5-501.15(A) (Violation)
2026-04-13,DAVID G. BURNET ELEMENTARY,Elementary,grease_trap,5403 CANAL HOUSTON TX,77011,OPEN,0,
2026-04-13,DAVID G. BURNET ELEMENTARY,Elementary,inspection,5403 CANAL HOUSTON TX,77011,OPEN,3,1 Houston Ordinance Violation: 4-201.11 (Violation) | 2 Houston Ordinance Violation: 4-601.11(C) (Violation) | 3 Houston Ordinance Violation: 6-201.17(A) (Violation)
2026-04-13,CLEAR LAKE SENIOR HIGH,High School,grease_trap,2929 BAY AREA BLVD HOUSTON TX,77058,OPEN,0,
2026-04-13,CLEAR LAKE SENIOR HIGH,High School,inspection,2929 BAY AREA BLVD HOUSTON TX,77058,OPEN,3,1 Houston Ordinance Violation: 6-301.12(A) (Violation) | 2 Houston Ordinance Violation: 5-501.114 (Violation) | 3 Houston Ordinance Violation: COH-21-244(b) (Violation)
2026-04-13,BRISCOE ELEMENTARY SCHOOL,Elementary,inspection,321 FOREST HILL HOUSTON TX,77011,OPEN,2,1 Houston Ordinance Violation: 6-501.16 (Violation) | 2 Houston Ordinance Violation: 6-201.17(A) (Violation)
2026-04-13,BRISCOE ELEMENTARY SCHOOL,Elementary,grease_trap,321 FOREST HILL HOUSTON TX,77011,OPEN,0,
2026-04-13,BARBARA JORDAN VOCATIONAL HIGH SCHOOL,High School,inspection,5800 EASTEX FWY HOUSTON TX,77026,OPEN,0,
2026-04-13,BARBARA JORDAN VOCATIONAL HIGH SCHOOL,High School,inspection,5800 EASTEX FWY HOUSTON TX,77026,OPEN,1,1 Houston Ordinance Violation: 5-202.12(A) (Violation)
2026-04-13,ATTUCKS MIDDLE SCHOOL,Middle / Jr. High,inspection,4330 BELLFORT HOUSTON TX,77051,OPEN,2,1 Houston Ordinance Violation: 5-202.12(C) (Violation) | 2 Houston Ordinance Violation: 5-205.15 (Violation)
2026-04-13,ATTUCKS MIDDLE SCHOOL,Middle / Jr. High,inspection,4330 BELLFORT HOUSTON TX,77051,OPEN,5,1 Houston Ordinance Violation: 4-402.11(A)(3) (Violation) | 2 Houston Ordinance Violation: 6-501.11 (Violation) | 3 Houston Ordinance Violation: 6-501.16 (Violation) | 4 Houston Ordinance Violation: 6-101.11(A)(3) (Violation) | 5 Houston Ordinance Violation: 6-303.11(A) (Violation)
2026-04-13,ATTUCKS MIDDLE SCHOOL,Middle / Jr. High,grease_trap,4330 BELLFORT HOUSTON TX,77051,OPEN,0,
2026-04-10,WESLEY ELEMENTARY SCHOOL,Elementary,inspection,800 DILLARD HOUSTON TX,77091,OPEN,0,
2026-04-10,WESLEY ELEMENTARY SCHOOL,Elementary,grease_trap,800 DILLARD HOUSTON TX,77091,OPEN,0,
2026-04-10,WESLEY ELEMENTARY SCHOOL,Elementary,inspection,800 DILLARD HOUSTON TX,77091,OPEN,0,
2026-04-10,PLEASANTVILLE ELEMENTARY,Elementary,inspection,1431 GELLHORN HOUSTON TX,77029,OPEN,1,50 Houston Ordinance Violation: 6-202.14 (Violation)
2026-04-10,PLEASANTVILLE ELEMENTARY,Elementary,grease_trap,1431 GELLHORN HOUSTON TX,77029,OPEN,0,
2026-04-10,BEVERLY HILLS INTERMEDIATE,Middle / Jr. High,inspection,11111 BEAMER HOUSTON TX,77089,OPEN,1,1 Houston Ordinance Violation: 6-501.11 (Violation)
2026-04-10,BEVERLY HILLS INTERMEDIATE,Middle / Jr. High,inspection,11111 BEAMER HOUSTON TX,77089,OPEN,0,
2026-04-10,BEVERLY HILLS INTERMEDIATE,Middle / Jr. High,grease_trap,11111 BEAMER HOUSTON TX,77089,OPEN,0,
2026-04-09,G.H. WHITCOMB ELEMENTARY SCH,Elementary,grease_trap,900 RESEDA HOUSTON TX,77062,OPEN,0,
2026-04-09,G.H. WHITCOMB ELEMENTARY SCH,Elementary,inspection,900 RESEDA HOUSTON TX,77062,OPEN,0,
2026-04-09,CLEAR LAKE INTERMEDIATE SCHOOL,Middle / Jr. High,inspection,15545 EL CAMINO REAL HOUSTON TX,77062,OPEN,2,1 Houston Ordinance Violation: 4-501.11(A) (Violation) | 2 Houston Ordinance Violation: 6-501.11 (Violation)
2026-04-09,CLEAR LAKE INTERMEDIATE SCHOOL,Middle / Jr. High,grease_trap,15545 EL CAMINO REAL HOUSTON TX,77062,OPEN,0,
2026-04-09,CLEAR LAKE INTERMEDIATE SCHOOL,Middle / Jr. High,inspection,15545 EL CAMINO REAL HOUSTON TX,77062,OPEN,0,
2026-04-09,BURNETT ELEMENTARY SCHOOL,Elementary,inspection,11825 TEANECK HOUSTON TX,77089,OPEN,0,
2026-04-09,BURNETT ELEMENTARY SCHOOL,Elementary,inspection,11825 TEANECK HOUSTON TX,77089,OPEN,0,
2026-04-09,BURNETT ELEMENTARY SCHOOL,Elementary,grease_trap,11825 TEANECK HOUSTON TX,77089,OPEN,0,
2026-04-08,LEARNER SUPPORT CENTER,Middle / Jr. High,inspection,2903 FALCON PASS HOUSTON TX,77058,OPEN,1,1 Houston Ordinance Violation: 3-601.12(A) (Violation)
2026-04-08,LEARNER SUPPORT CENTER,Middle / Jr. High,grease_trap,2903 FALCON PASS HOUSTON TX,77058,OPEN,0,
2026-04-08,"FELIX COOK, JR. ELEMENTARY SCHOOL",Elementary,inspection,7115 LOCKWOOD HOUSTON TX,77016,OPEN,3,1 Houston Ordinance Violation: 3-501.17(A) (Violation Corrected On Site) | 2 Houston Ordinance Violation: 5-501.113 (Violation Corrected On Site) | 3 Houston Ordinance Violation: 6-201.17(B) (Violation Repeat)
2026-04-08,"FELIX COOK, JR. ELEMENTARY SCHOOL",Elementary,grease_trap,7115 LOCKWOOD HOUSTON TX,77016,OPEN,0,
2026-04-08,CLEAR LAKE CITY ELEMENTARY SCHOOL,Elementary,inspection,1707 FAIRWIND HOUSTON TX,77062,OPEN,0,
2026-04-08,CLEAR LAKE CITY ELEMENTARY SCHOOL,Elementary,grease_trap,1707 FAIRWIND HOUSTON TX,77062,OPEN,0,
2026-04-08,CLEAR LAKE CITY ELEMENTARY SCHOOL,Elementary,inspection,1707 FAIRWIND HOUSTON TX,77062,OPEN,0,
2026-04-08,CARNEGIE VANGUARD HIGH SCHOOL,High School,inspection,1501 TAFT ST HOUSTON TX,77019,OPEN,0,
2026-04-08,CARNEGIE VANGUARD HIGH SCHOOL,High School,inspection,1501 TAFT ST HOUSTON TX,77019,OPEN,3,1 Houston Ordinance Violation: TAC-228.31(b) (Violation Corrected On Site) | 2 Houston Ordinance Violation: 4-601.11(C) (Violation) | 3 Houston Ordinance Violation: 6-201.17(A) (Violation)
2026-04-08,ARMAND BAYOU ELEMENTARY SCHOOL,Elementary,inspection,16000 HICKORY KNOLL HOUSTON TX,77059,OPEN,1,1 Houston Ordinance Violation: 6-501.11 (Violation)
2026-04-08,ARMAND BAYOU ELEMENTARY SCHOOL,Elementary,inspection,16000 HICKORY KNOLL HOUSTON TX,77059,OPEN,0,
2026-04-08,ARMAND BAYOU ELEMENTARY SCHOOL,Elementary,grease_trap,16000 HICKORY KNOLL HOUSTON TX,77059,OPEN,1,1 Houston Ordinance Violation: COH-47-512(b) (Violation)
2026-04-07,LONGFELLOW ELEMENTARY SCHOOL,Elementary,grease_trap,3617 NORRIS DR HOUSTON TX,77025,OPEN,0,
2026-04-07,LONGFELLOW ELEMENTARY SCHOOL,Elementary,inspection,3617 NORRIS DR HOUSTON TX,77025,OPEN,0,
2026-04-07,KIPP Intrepid MS,Middle / Jr. High,grease_trap,5402 LAWNDALE HOUSTON TX,77023,OPEN,0,
2026-04-07,KIPP Intrepid MS,Middle / Jr. High,inspection,5402 LAWNDALE HOUSTON TX,77023,OPEN,1,1 Houston Ordinance Violation: 3-501.17(A) (Violation Corrected On Site)
2026-04-07,KIPP EXPLORE PS,Elementary,grease_trap,5402 LAWNDALE AVE HOUSTON TX,77023,OPEN,0,
2026-04-07,KIPP EXPLORE PS,Elementary,inspection,5402 LAWNDALE AVE HOUSTON TX,77023,OPEN,0,
2026-04-07,KIPP EAST END HS,High School,inspection,5402 LAWNDALE AVE HOUSTON TX,77023,OPEN,2,1 Houston Ordinance Violation: 4-601.11(C) (Violation) | 2 Houston Ordinance Violation: 6-501.12(A) (Violation)
2026-04-07,KIPP EAST END HS,High School,grease_trap,5402 LAWNDALE AVE HOUSTON TX,77023,OPEN,0,
2026-04-07,DEAR MAMA SUSIE'S,High School,inspection,2101 W LITTLE YORK RD HOUSTON TX,77091,OPEN,0,
2026-04-06,WILLOW CREEK ELEMENTARY,Elementary,inspection,2002 WILLOW TERRACE HUMBLE TX,77339,OPEN,0,
2026-04-06,WILLOW CREEK ELEMENTARY,Elementary,grease_trap,2002 WILLOW TERRACE HUMBLE TX,77339,OPEN,1,1 Houston Ordinance Violation: COH-47-512(b) (Violation)
2026-04-06,SHERMAN ELEMENTARY,Elementary,inspection,1909 MCKEE ST HOUSTON TX,77009,OPEN,1,3 Houston Ordinance Violation: 6-301.12(A) (Violation Corrected On Site)
2026-04-06,SHERMAN ELEMENTARY,Elementary,grease_trap,1909 MCKEE ST HOUSTON TX,77009,OPEN,0,
2026-04-06,MARSHALL MIDDLE SCHOOL,Middle / Jr. High,inspection,1115 NOBLE HOUSTON TX,77009,OPEN,5,14 Houston Ordinance Violation: 3-501.16(A)(1) (Violation Corrected On Site) | 32 Houston Ordinance Violation: 6-202.15(C) (Violation) | 33 Houston Ordinance Violation: 6-501.112 (Violation Corrected On Site) | 51 Houston Ordinance Violation: 5-501.11 (Violation Repeat) | 52 Houston Ordinance Violation: 6-501.12(A) (Violation Corrected On Site)
2026-04-06,MARSHALL MIDDLE SCHOOL,Middle / Jr. High,grease_trap,1115 NOBLE HOUSTON TX,77009,OPEN,0,
2026-04-06,MACGREGOR ELEMENTARY,Elementary,inspection,4801 LA BRANCH HOUSTON TX,77004,OPEN,6,1 Houston Ordinance Violation: 4-402.11(B)(1) (Violation) | 2 Houston Ordinance Violation: 5-202.11(A)A (Violation) | 3 Houston Ordinance Violation: 6-202.14 (Violation) | 4 Houston Ordinance Violation: 6-201.13(B) (Violation) | 5 Houston Ordinance Violation: 6-501.12(A) (Violation) | 6 Houston Ordinance Violation: 6-501.11 (Violation)
2026-04-06,FONDREN ELEMENTARY SCHOOL,Elementary,inspection,12405 CARLSBAD HOUSTON TX,77085,OPEN,7,1 Houston Ordinance Violation: 6-202.15(A) (Violation) | 2 Houston Ordinance Violation: 4-402.11(A)(3) (Violation) | 3 Houston Ordinance Violation: 4-601.11(C) (Violation) | 4 Houston Ordinance Violation: 6-101.11(A)(3) (Violation) | 5 Houston Ordinance Violation: 6-501.11 (Violation) | 6 Houston Ordinance Violation: 6-201.13(B) (Violation) | 7 Houston Ordinance Violation: 6-303.11(C) (Violation)
2026-04-06,FONDREN ELEMENTARY SCHOOL,Elementary,grease_trap,12405 CARLSBAD HOUSTON TX,77085,OPEN,0,
2026-04-06,ELM GROVE ELEMENTARY,Elementary,inspection,2815 CLEAR RIDGE HUMBLE TX,77339,OPEN,1,1 Houston Ordinance Violation: 2-402.11 (Violation Corrected On Site)
2026-04-06,ELM GROVE ELEMENTARY,Elementary,grease_trap,2815 CLEAR RIDGE HUMBLE TX,77339,OPEN,1,1 Houston Ordinance Violation: COH-47-512(b) (Violation)
2026-04-06,BLACKSHEAR ELEMENTARY,Elementary,inspection,2900 HOLMAN HOUSTON TX,77004,OPEN,3,1 Houston Ordinance Violation: 5-202.11(A)A (Violation) | 2 Houston Ordinance Violation: 6-501.12(A) (Violation) | 3 Houston Ordinance Violation: 6-501.11 (Violation)
2026-04-02,MOORE ELEMENTARY,Elementary,inspection,8880 SOUTHBLUFF HOUSTON TX,77089,OPEN,2,1 Houston Ordinance Violation: 4-501.11(A) (Violation Repeat) | 2 Houston Ordinance Violation: 5-202.11(A)A (Violation Repeat)
2026-04-02,MOORE ELEMENTARY,Elementary,inspection,8880 SOUTHBLUFF HOUSTON TX,77089,OPEN,3,1 Houston Ordinance Violation: 4-501.11(A) (Violation) | 2 Houston Ordinance Violation: 5-103.11(B) (Violation) | 3 Houston Ordinance Violation: 5-202.11(A)A (Violation)
2026-04-02,MOORE ELEMENTARY,Elementary,grease_trap,8880 SOUTHBLUFF HOUSTON TX,77089,OPEN,0,
2026-04-02,MOORE ELEMENTARY,Elementary,inspection,8880 SOUTHBLUFF HOUSTON TX,77089,OPEN,0,
2026-04-02,J. FRANK DOBIE HIGH SCHOOL,High School,inspection,10220 BLACKHAWK DR HOUSTON TX,77089,OPEN,2,1 Houston Ordinance Violation: 5-202.13 (Violation) | 2 Houston Ordinance Violation: 5-501.114 (Violation)
2026-04-02,J. FRANK DOBIE HIGH SCHOOL,High School,grease_trap,10220 BLACKHAWK DR HOUSTON TX,77089,OPEN,0,
2026-04-02,J. FRANK DOBIE HIGH SCHOOL,High School,inspection,10220 BLACKHAWK DR HOUSTON TX,77089,OPEN,0,
2026-04-02,GREGG ELEMENTARY,Elementary,inspection,6701 ROXBURY HOUSTON TX,77087,OPEN,2,1 Houston Ordinance Violation: COH-47-512(b) (Violation) | 2 Houston Ordinance Violation: 6-501.11 (Violation)
2026-04-02,GREGG ELEMENTARY,Elementary,grease_trap,6701 ROXBURY HOUSTON TX,77087,OPEN,1,1 Houston Ordinance Violation: COH-47-512(b) (Violation)
2026-04-02,CRESPO ELEMENTARY,Elementary,grease_trap,7500 OFFICE CITY DR HOUSTON TX,77087,OPEN,0,
2026-04-02,CRESPO ELEMENTARY,Elementary,inspection,7500 OFFICE CITY DR HOUSTON TX,77087,OPEN,1,1 Houston Ordinance Violation: 6-501.11 (Violation)
2026-04-02,ALIEF MONTESSORI COMMUNITY SCHOOL,Elementary,inspection,4215 H ST HOUSTON TX,77072,OPEN,0,
2026-04-02,ALIEF MONTESSORI COMMUNITY SCHOOL,Elementary,grease_trap,4215 H ST HOUSTON TX,77072,OPEN,0,
2026-04-02,ALIEF MONTESSORI COMMUNITY SCHOOL,Elementary,inspection,4215 H ST HOUSTON TX,77072,OPEN,1,1 Houston Ordinance Violation: TAC-228.31(E) (Violation)
2026-04-01,POE ELEMENTARY,Elementary,inspection,5100 HAZARD HOUSTON TX,77098,OPEN,1,1 Houston Ordinance Violation: 5-501.114 (Violation)
2026-04-01,POE ELEMENTARY,Elementary,grease_trap,5100 HAZARD HOUSTON TX,77098,OPEN,0,
2026-04-01,POE ELEMENTARY,Elementary,inspection,5100 HAZARD HOUSTON TX,77098,OPEN,0,
2026-04-01,LANIER JR. HIGH SCHOOL,Middle / Jr. High,inspection,2600 WOODHEAD HOUSTON TX,77098,OPEN,0,
2026-04-01,LANIER JR. HIGH SCHOOL,Middle / Jr. High,grease_trap,2600 WOODHEAD HOUSTON TX,77098,OPEN,0,
2026-04-01,LANIER JR. HIGH SCHOOL,Middle / Jr. High,inspection,2600 WOODHEAD HOUSTON TX,77098,OPEN,0,
2026-04-01,HCC / ALIEF EARLY COLLEGE HIGH SCHOOL,High School,grease_trap,2811 HAYES RD HOUSTON TX,77082,OPEN,0,
2026-04-01,HCC / ALIEF EARLY COLLEGE HIGH SCHOOL,High School,inspection,2811 HAYES RD HOUSTON TX,77082,OPEN,0,
2026-04-01,HCC / ALIEF EARLY COLLEGE HIGH SCHOOL,High School,inspection,2811 HAYES RD HOUSTON TX,77082,OPEN,1,1 Houston Ordinance Violation: 6-501.12(A) (Violation Corrected On Site)
2026-04-01,ELEANOR TINSLEY ELEMENTARY,Elementary,grease_trap,11035 BOB WHITE HOUSTON TX,77096,OPEN,0,
2026-04-01,ELEANOR TINSLEY ELEMENTARY,Elementary,inspection,11035 BOB WHITE HOUSTON TX,77096,OPEN,1,1 Houston Ordinance Violation: 3-305.11(A) (Violation Corrected On Site Repeat)
2026-03-31,KINGWOOD PARK HIGH SCHOOL,High School,inspection,4015 WOODLAND HILLS DR KINGWOOD TX,77339,OPEN,3,1 Houston Ordinance Violation: 4-602.12(A) (Violation Corrected On Site) | 2 Houston Ordinance Violation: 4-501.11(B) (Violation) | 3 Houston Ordinance Violation: 5-501.113 (Violation)
2026-03-31,KINGWOOD PARK HIGH SCHOOL,High School,grease_trap,4015 WOODLAND HILLS DR KINGWOOD TX,77339,OPEN,1,1 Houston Ordinance Violation: COH-47-512(b) (Violation)
2026-03-31,KINGWOOD HIGH SCHOOL,High School,inspection,2701 KINGWOOD DR HUMBLE TX,77339,OPEN,5,1 Houston Ordinance Violation: 4-602.12(A) (Violation Corrected On Site) | 2 Houston Ordinance Violation: 4-601.11(C) (Violation Repeat) | 4 Houston Ordinance Violation: 5-501.113 (Violation Corrected On Site) | 5 Houston Ordinance Violation: 6-201.17(B) (Violation) | 6 Houston Ordinance Violation: 6-501.11 (Violation)
2026-03-31,KINGWOOD HIGH SCHOOL,High School,grease_trap,2701 KINGWOOD DR HUMBLE TX,77339,OPEN,1,1 Houston Ordinance Violation: COH-47-512(b) (Violation)
2026-03-31,HARVARD ELEMENTARY SCHOOL,Elementary,inspection,810 HARVARD HOUSTON TX,77007,OPEN,1,6 Houston Ordinance Violation: 3-202.15 (Violation Corrected On Site)
2026-03-31,HARVARD ELEMENTARY SCHOOL,Elementary,grease_trap,810 HARVARD HOUSTON TX,77007,OPEN,0,
2026-03-31,FONDREN MIDDLE SCHOOL,Middle / Jr. High,grease_trap,6333 S BRAESWOOD BLVD HOUSTON TX,77096,OPEN,0,
2026-03-31,FONDREN MIDDLE SCHOOL,Middle / Jr. High,grease_trap,6333 S BRAESWOOD BLVD HOUSTON TX,77096,OPEN,0,
2026-03-31,FONDREN MIDDLE SCHOOL,Middle / Jr. High,inspection,6333 S BRAESWOOD BLVD HOUSTON TX,77096,OPEN,3,1 Houston Ordinance Violation: 7-102.11 (Violation Corrected On Site) | 2 Houston Ordinance Violation: 5-501.11 (Violation) | 3 Houston Ordinance Violation: 6-201.17(A) (Violation)
2026-03-31,CHAMBERS ELEMENTARY SCHOOL,Elementary,inspection,10700 CARVEL HOUSTON TX,77072,OPEN,0,
2026-03-31,AUSTIN HIGH SCHOOL,High School,inspection,1700 DUMBLE HOUSTON TX,77023,OPEN,3,3 Houston Ordinance Violation: 5-202.12(A) (Violation) | 4 Houston Ordinance Violation: 5-202.12(C) (Violation) | 53 Houston Ordinance Violation: 6-304.11 (Violation)
2026-03-31,AUSTIN HIGH SCHOOL,High School,grease_trap,1700 DUMBLE HOUSTON TX,77023,OPEN,0,
2026-03-30,SPRING FOREST MIDDLE SCHOOL,Middle / Jr. High,inspection,14240 MEMORIAL DR HOUSTON TX,77079,OPEN,0,
2026-03-30,SPRING FOREST MIDDLE SCHOOL,Middle / Jr. High,inspection,14240 MEMORIAL DR HOUSTON TX,77079,OPEN,1,1 Houston Ordinance Violation: 5-501.17 (Violation)
2026-03-30,SPRING FOREST MIDDLE SCHOOL,Middle / Jr. High,grease_trap,14240 MEMORIAL DR HOUSTON TX,77079,OPEN,1,1 Houston Ordinance Violation: COH-47-512(b) (Violation)
2026-03-30,SEMILLA'S PRE SCHOOL,Elementary,inspection,5226 ELM ST HOUSTON TX,77081,OPEN,7,1 Houston Ordinance Violation: 6-301.14 (Violation Corrected On Site) | 2 Houston Ordinance Violation: 6-301.11 (Violation) | 3 Houston Ordinance Violation: 6-301.12(A) (Violation Corrected On Site) | 4 Houston Ordinance Violation: 4-203.12(A) (Violation) | 5 Houston Ordinance Violation: 5-501.16(C) (Violation) | 6 Houston Ordinance Violation: 5-501.115 (Violation Corrected On Site) | 7 Houston Ordinance Violation: 5-501.114 (Violation)
2026-03-30,RIVERWOOD MIDDLE SCHOOL,Middle / Jr. High,inspection,2910 HIGH VALLEY HOUSTON TX,77339,OPEN,4,4 Houston Ordinance Violation: 3-501.16(A)(1) (Violation Corrected On Site Repeat) | 6 Houston Ordinance Violation: 3-302.12 (Violation Corrected On Site) | 7 Houston Ordinance Violation: 5-501.113 (Violation) | 8 Houston Ordinance Violation: 6-501.11 (Violation)
2026-03-30,RIVERWOOD MIDDLE SCHOOL,Middle / Jr. High,grease_trap,2910 HIGH VALLEY HOUSTON TX,77339,OPEN,1,1 Houston Ordinance Violation: COH-47-512(b) (Violation)
2026-03-30,RIDGEMONT ELEMENTARY SCHOOL,Elementary,inspection,4910 RAVEN RIDGE HOUSTON TX,77053,OPEN,1,1 Houston Ordinance Violation: 5-205.15 (Violation)
2026-03-30,RIDGEMONT ELEMENTARY SCHOOL,Elementary,inspection,4910 RAVEN RIDGE HOUSTON TX,77053,OPEN,2,1 Houston Ordinance Violation: 6-501.112 (Violation) | 2 Houston Ordinance Violation: 6-201.11 (Violation)
2026-03-30,RIDGEMONT ELEMENTARY SCHOOL,Elementary,inspection,4910 RAVEN RIDGE HOUSTON TX,77053,OPEN,1,1 Houston Ordinance Violation: COH-47-512(b) (Violation)
2026-03-30,RIDGEGATE ELEMENTARY SCHOOL,Elementary,inspection,6015 W RIDGECREEK HOUSTON TX,77053,OPEN,2,1 Houston Ordinance Violation: 5-202.12(C) (Violation) | 2 Houston Ordinance Violation: 5-205.15 (Violation)
2026-03-30,RIDGEGATE ELEMENTARY SCHOOL,Elementary,inspection,6015 W RIDGECREEK HOUSTON TX,77053,OPEN,2,1 Houston Ordinance Violation: 6-501.112 (Violation Corrected On Site) | 2 Houston Ordinance Violation: 6-501.11 (Violation)
2026-03-30,RIDGEGATE ELEMENTARY SCHOOL,Elementary,grease_trap,6015 W RIDGECREEK HOUSTON TX,77053,OPEN,1,1 Houston Ordinance Violation: COH-47-512(b) (Violation)
2026-03-30,DEERWOOD ELEMENTARY,Elementary,inspection,2920 FOREST GARDEN HUMBLE TX,77346,OPEN,3,1 Houston Ordinance Violation: 3-304.14(B) (Violation Corrected On Site) | 2 Houston Ordinance Violation: 4-601.11(C) (Violation) | 3 Houston Ordinance Violation: 5-501.13(A) (Violation)
2026-03-30,DEERWOOD ELEMENTARY,Elementary,grease_trap,2920 FOREST GARDEN HUMBLE TX,77346,OPEN,0,
2026-03-27,"SAM HOUSTON MATH, SCIENCE & TECHNOLOGY CENTER",High School,inspection,9400 IRVINGTON BLVD HOUSTON TX,77076,OPEN,0,
2026-03-27,"SAM HOUSTON MATH, SCIENCE & TECHNOLOGY CENTER",High School,grease_trap,9400 IRVINGTON BLVD HOUSTON TX,77076,OPEN,0,
2026-03-27,"SAM HOUSTON MATH, SCIENCE & TECHNOLOGY CENTER",High School,inspection,9400 IRVINGTON BLVD HOUSTON TX,77076,OPEN,1,33 Houston Ordinance Violation: 6-202.15(A) (Violation)
2026-03-27,JESSUP ELEMENTARY SCHOOL,Elementary,inspection,9301 ALMEDA GENOA RD HOUSTON TX,77075,OPEN,4,1 Houston Ordinance Violation: 6-301.11 (Violation) | 2 Houston Ordinance Violation: 6-201.12(B) (Violation) | 3 Houston Ordinance Violation: 6-101.11(A)(3) (Violation) | 4 Houston Ordinance Violation: 6-501.11 (Violation)
2026-03-27,JESSUP ELEMENTARY SCHOOL,Elementary,inspection,9301 ALMEDA GENOA RD HOUSTON TX,77075,OPEN,0,
2026-03-27,EARLY COLLEGE HIGH SCHOOL- NORTH HOUSTON,High School,inspection,8001 FULTON ST HOUSTON TX,77022,OPEN,0,
2026-03-27,EARLY COLLEGE HIGH SCHOOL- NORTH HOUSTON,High School,grease_trap,8001 FULTON ST HOUSTON TX,77022,OPEN,0,
2026-03-27,EARLY COLLEGE HIGH SCHOOL- NORTH HOUSTON,High School,inspection,8001 FULTON ST HOUSTON TX,77022,OPEN,1,50 Houston Ordinance Violation: 5-501.114 (Violation)
2026-03-26,SCHOOL OF SCIENCE AND TECHNOLOGY,Elementary,inspection,12801 BRANT ROCK DR HOUSTON TX,77082,OPEN,1,1 Houston Ordinance Violation: 3-305.11(A) (Violation Corrected On Site)
2026-03-26,SCHOOL OF SCIENCE AND TECHNOLOGY,Elementary,grease_trap,12801 BRANT ROCK DR HOUSTON TX,77082,OPEN,0,
2026-03-26,RUMMEL CREEK ELEMENTARY SCHOOL,Elementary,inspection,625 BRITTMOORE RD HOUSTON TX,77079,OPEN,0,
2026-03-26,RUMMEL CREEK ELEMENTARY SCHOOL,Elementary,grease_trap,625 BRITTMOORE RD HOUSTON TX,77079,OPEN,0,
2026-03-26,RUMMEL CREEK ELEMENTARY SCHOOL,Elementary,inspection,625 BRITTMOORE RD HOUSTON TX,77079,OPEN,1,1 Houston Ordinance Violation: 5-501.15(A) (Violation Corrected On Site)
2026-03-26,RUCKER ELEMENTARY SCHOOL,Middle / Jr. High,inspection,5201 VINETT HOUSTON TX,77017,OPEN,2,1 Houston Ordinance Violation: 6-202.15(A) (Violation) | 2 Houston Ordinance Violation: 6-202.19 (Violation)
2026-03-26,RUCKER ELEMENTARY SCHOOL,Middle / Jr. High,inspection,5201 VINETT HOUSTON TX,77017,OPEN,2,41 Houston Ordinance Violation: 4-502.11(A) (Violation) | 50 Houston Ordinance Violation: 6-501.11 (Violation)
2026-03-26,RUCKER ELEMENTARY SCHOOL,Middle / Jr. High,grease_trap,5201 VINETT HOUSTON TX,77017,OPEN,0,
2026-03-26,MITCHELL ELEMENTARY,Elementary,inspection,8050 SPRINGTIME LN HOUSTON TX,77075,OPEN,2,1 Houston Ordinance Violation: 3-501.16(A)(1) (Violation Corrected On Site) | 2 Houston Ordinance Violation: 6-501.11 (Violation)
2026-03-26,MITCHELL ELEMENTARY,Elementary,inspection,8050 SPRINGTIME LN HOUSTON TX,77075,OPEN,0,
2026-03-26,MITCHELL ELEMENTARY,Elementary,grease_trap,8050 SPRINGTIME LN HOUSTON TX,77075,OPEN,0,
2026-03-26,GREGORY-LINCOLN EDUCATION CENTER,Middle / Jr. High,inspection,1101 TAFT HOUSTON TX,77019,OPEN,0,
2026-03-26,GREGORY-LINCOLN EDUCATION CENTER,Middle / Jr. High,grease_trap,1101 TAFT HOUSTON TX,77019,OPEN,0,
2026-03-26,GREGORY-LINCOLN EDUCATION CENTER,Middle / Jr. High,inspection,1101 TAFT HOUSTON TX,77019,OPEN,4,1 Houston Ordinance Violation: 6-301.12(A) (Violation Corrected On Site) | 2 Houston Ordinance Violation: 2-102.12(A) (Violation) | 3 Houston Ordinance Violation: 5-205.15 (Violation) | 4 Houston Ordinance Violation: 6-202.110 (Violation)
2026-03-26,FROST ELEMENTARY,Elementary,inspection,5002 ALMEDA GENOA HOUSTON TX,77048,OPEN,0,
2026-03-26,FROST ELEMENTARY,Elementary,inspection,5002 ALMEDA GENOA HOUSTON TX,77048,OPEN,0,
2026-03-26,FROST ELEMENTARY,Elementary,grease_trap,5002 ALMEDA GENOA HOUSTON TX,77048,OPEN,0,
2026-03-26,FONVILLE MIDDLE,Middle / Jr. High,inspection,725 E LITTLE YORK RD HOUSTON TX,77037,OPEN,0,
2026-03-26,FONVILLE MIDDLE,Middle / Jr. High,grease_trap,725 E LITTLE YORK RD HOUSTON TX,77037,OPEN,0,
2026-03-26,FONVILLE MIDDLE,Middle / Jr. High,inspection,725 E LITTLE YORK RD HOUSTON TX,77037,OPEN,1,52 Houston Ordinance Violation: 6-501.11 (Violation)
2026-03-26,ELLA BAKER MONTESSORI,Elementary,inspection,2100 YUPON HOUSTON TX,77006,OPEN,0,
2026-03-26,ELLA BAKER MONTESSORI,Elementary,inspection,2100 YUPON HOUSTON TX,77006,OPEN,1,1 Houston Ordinance Violation: COH-47-512(b) (Violation)
2026-03-26,ELLA BAKER MONTESSORI,Elementary,inspection,2100 YUPON HOUSTON TX,77006,OPEN,1,1 Houston Ordinance Violation: 5-205.15 (Violation)
2026-03-26,DOBIE HIGH SCHOOL 9TH GRADE CAMPUS,Middle / Jr. High,inspection,10811 MONROE HOUSTON TX,77075,OPEN,2,1 Houston Ordinance Violation: 3-501.16(A)(1) (Violation Corrected On Site) | 2 Houston Ordinance Violation: 5-501.114 (Violation)
2026-03-26,DOBIE HIGH SCHOOL 9TH GRADE CAMPUS,Middle / Jr. High,grease_trap,10811 MONROE HOUSTON TX,77075,OPEN,0,
2026-03-26,DOBIE HIGH SCHOOL 9TH GRADE CAMPUS,Middle / Jr. High,inspection,10811 MONROE HOUSTON TX,77075,OPEN,0,
2026-03-26,BURBANK JR HIGH,Middle / Jr. High,grease_trap,315 BERRY HOUSTON TX,77022,OPEN,0,
2026-03-26,BURBANK JR HIGH,Middle / Jr. High,inspection,315 BERRY HOUSTON TX,77022,OPEN,0,
2026-03-26,BURBANK JR HIGH,Middle / Jr. High,inspection,315 BERRY HOUSTON TX,77022,OPEN,1,31 Houston Ordinance Violation: 4-204.112(A) (Violation)
2026-03-26,BENDWOOD ELEMENTARY SCHOOL,Elementary,grease_trap,12750 KIMBERLY HOUSTON TX,77024,OPEN,0,
2026-03-26,BENDWOOD ELEMENTARY SCHOOL,Elementary,inspection,12750 KIMBERLY HOUSTON TX,77024,OPEN,0,
2026-03-25,THOMPSON ELEMENTARY,Elementary,inspection,220 CASA GRANDE HOUSTON TX,77060,OPEN,2,51 Houston Ordinance Violation: 5-501.113 (Violation) | 52 Houston Ordinance Violation: 6-501.11 (Violation Repeat)
2026-03-25,THOMPSON ELEMENTARY,Elementary,grease_trap,220 CASA GRANDE HOUSTON TX,77060,OPEN,0,
2026-03-25,STERLING HIGH SCHOOL,Middle / Jr. High,inspection,11625 MARTINDALE HOUSTON TX,77048,OPEN,1,1 Houston Ordinance Violation: 4-501.11(A) (Violation)
2026-03-25,STERLING HIGH SCHOOL,Middle / Jr. High,grease_trap,11625 MARTINDALE HOUSTON TX,77048,OPEN,0,
2026-03-25,STERLING HIGH SCHOOL,Middle / Jr. High,inspection,11625 MARTINDALE HOUSTON TX,77048,OPEN,0,
2026-03-25,SCARBOROUGH HIGH SCHOOL,High School,inspection,4141 COSTA RICA HOUSTON TX,77092,OPEN,0,
2026-03-25,SCARBOROUGH HIGH SCHOOL,High School,grease_trap,4141 COSTA RICA HOUSTON TX,77092,OPEN,0,
2026-03-25,SCARBOROUGH HIGH SCHOOL,High School,inspection,4141 COSTA RICA HOUSTON TX,77092,OPEN,4,29 Houston Ordinance Violation: 6-202.15(A) (Violation) | 40 Houston Ordinance Violation: 4-601.11(C) (Violation) | 47 Houston Ordinance Violation: 6-501.11 (Violation) | 48 Houston Ordinance Violation: 6-201.17(A) (Violation)
2026-03-25,NOTTINGHAM ELEMENTARY SCHOOL,Elementary,inspection,570 NOTTINGHAM OAKS TRL HOUSTON TX,77079,OPEN,0,
2026-03-25,NOTTINGHAM ELEMENTARY SCHOOL,Elementary,inspection,570 NOTTINGHAM OAKS TRL HOUSTON TX,77079,OPEN,1,1 Houston Ordinance Violation: COH-47-512(b) (Violation)
2026-03-25,NOTTINGHAM ELEMENTARY SCHOOL,Elementary,inspection,570 NOTTINGHAM OAKS TRL HOUSTON TX,77079,OPEN,2,1 Houston Ordinance Violation: 5-501.114 (Violation) | 2 Houston Ordinance Violation: 5-501.15(A) (Violation Corrected On Site)
2026-03-25,MEMORIAL JR HIGH SCHOOL,Middle / Jr. High,grease_trap,12550 VINDON DR HOUSTON TX,77024,OPEN,0,
2026-03-25,MEMORIAL JR HIGH SCHOOL,Middle / Jr. High,inspection,12550 VINDON DR HOUSTON TX,77024,OPEN,0,
2026-03-25,MEMORIAL JR HIGH SCHOOL,Middle / Jr. High,inspection,12550 VINDON DR HOUSTON TX,77024,OPEN,0,
2026-03-25,DECHAUMES ELEMENTARY,Elementary,grease_trap,155 COOPER HOUSTON TX,77076,OPEN,0,
2026-03-25,DECHAUMES ELEMENTARY,Elementary,inspection,155 COOPER HOUSTON TX,77076,OPEN,0,
2026-03-25,DECHAUMES ELEMENTARY,Elementary,inspection,155 COOPER HOUSTON TX,77076,OPEN,1,52 Houston Ordinance Violation: 6-501.16 (Violation)
2026-03-25,CREEKWOOD MIDDLE SCHOOL,Middle / Jr. High,inspection,3603 W LAKE HOUSTON PKWY KINGWOOD TX,77339,OPEN,1,37 Houston Ordinance Violation: 3-304.14(B) (Violation Corrected On Site)
2026-03-25,CREEKWOOD MIDDLE SCHOOL,Middle / Jr. High,grease_trap,3603 W LAKE HOUSTON PKWY KINGWOOD TX,77339,OPEN,0,
2026-03-25,CLIFTON MIDDLE SCHOOL,Middle / Jr. High,inspection,6001 GOLDEN FOREST HOUSTON TX,77092,OPEN,0,
2026-03-25,CLIFTON MIDDLE SCHOOL,Middle / Jr. High,grease_trap,6001 GOLDEN FOREST HOUSTON TX,77092,OPEN,0,
2026-03-25,CLIFTON MIDDLE SCHOOL,Middle / Jr. High,inspection,6001 GOLDEN FOREST HOUSTON TX,77092,OPEN,4,30 Houston Ordinance Violation: 6-202.15(A) (Violation) | 41 Houston Ordinance Violation: 4-601.11(C) (Violation) | 43 Houston Ordinance Violation: 5-202.13 (Violation) | 47 Houston Ordinance Violation: 6-501.11 (Violation)
2026-03-25,ALBERT THOMAS MIDDLE SCHOOL,Middle / Jr. High,inspection,5655 SELINSKY HOUSTON TX,77048,OPEN,1,1 Houston Ordinance Violation: 6-501.11 (Violation)
2026-03-25,ALBERT THOMAS MIDDLE SCHOOL,Middle / Jr. High,grease_trap,5655 SELINSKY HOUSTON TX,77048,OPEN,0,
2026-03-25,ALBERT THOMAS MIDDLE SCHOOL,Middle / Jr. High,inspection,5655 SELINSKY HOUSTON TX,77048,OPEN,0,
2026-03-24,VARNETT CHARTER SCHOOL,Middle / Jr. High,grease_trap,11203 CLEMATIS HOUSTON TX,77035,OPEN,0,
2026-03-24,VARNETT CHARTER SCHOOL,Middle / Jr. High,inspection,11203 CLEMATIS HOUSTON TX,77035,OPEN,0,
2026-03-24,PATTERSON ELEMENTARY,Elementary,inspection,5302 ALLENDALE HOUSTON TX,77017,OPEN,0,
2026-03-24,PATTERSON ELEMENTARY,Elementary,grease_trap,5302 ALLENDALE HOUSTON TX,77017,OPEN,0,
2026-03-24,PATTERSON ELEMENTARY,Elementary,inspection,5302 ALLENDALE HOUSTON TX,77017,OPEN,4,41 Houston Ordinance Violation: 4-402.11(A)(3) (Violation) | 50 Houston Ordinance Violation: 6-501.11 (Violation) | 51 Houston Ordinance Violation: 6-501.12(A) (Violation) | 52 Houston Ordinance Violation: 6-201.13(A) (Violation)
2026-03-24,NORTHLINE ELEMENTARY,Elementary,inspection,821 E WITCHER HOUSTON TX,77076,OPEN,0,
2026-03-24,NORTHLINE ELEMENTARY,Elementary,grease_trap,821 E WITCHER HOUSTON TX,77076,OPEN,0,
2026-03-24,NORTHLINE ELEMENTARY,Elementary,inspection,821 E WITCHER HOUSTON TX,77076,OPEN,1,61 Houston Ordinance Violation: 4-204.112(A) (Violation Corrected On Site)
2026-03-24,KOLTER ELEMTARY SCHOOL,Elementary,grease_trap,9710 RUNNYMEADE DR HOUSTON TX,77096,OPEN,0,
2026-03-24,KOLTER ELEMTARY SCHOOL,Elementary,inspection,9710 RUNNYMEADE DR HOUSTON TX,77096,OPEN,0,
2026-03-24,KINGWOOD MIDDLE SCHOOL,Middle / Jr. High,inspection,2407 PINE TERRACE KINGWOOD TX,77339,OPEN,1,45 Houston Ordinance Violation: 4-601.11(C) (Violation)
2026-03-24,KINGWOOD MIDDLE SCHOOL,Middle / Jr. High,grease_trap,2407 PINE TERRACE KINGWOOD TX,77339,OPEN,1,1 Houston Ordinance Violation: COH-47-512(b) (Violation)
2026-03-24,HOUSTON CHRISTIAN HIGH SCHOOL,High School,inspection,2700 W SAM HOUSTON PKWY N HOUSTON TX,77043,OPEN,6,3 Houston Ordinance Violation: 6-301.13 (Violation) | 15 Houston Ordinance Violation: 3-501.16(A)(1) (Violation) | 41 Houston Ordinance Violation: 4-903.11(C) (Violation) | 52 Houston Ordinance Violation: 6-501.16 (Violation) | 53 Houston Ordinance Violation: 6-201.16(A) (Violation) | 54 Houston Ordinance Violation: COH-20-25(a) (Violation)
2026-03-24,HOUSTON CHRISTIAN HIGH SCHOOL,High School,grease_trap,2700 W SAM HOUSTON PKWY N HOUSTON TX,77043,OPEN,0,
2026-03-24,FOERSTER ELEMENTARY SCHOOL,Elementary,grease_trap,14200 FONMEADOW HOUSTON TX,77035,OPEN,0,
2026-03-24,FOERSTER ELEMENTARY SCHOOL,Elementary,inspection,14200 FONMEADOW HOUSTON TX,77035,OPEN,1,1 Houston Ordinance Violation: 5-501.19(C) (Violation)
2026-03-24,CROCKETT ELEMENTARY SCHOOL,Elementary,inspection,2112 CROCKETT HOUSTON TX,77007,OPEN,2,6 Houston Ordinance Violation: 3-202.15 (Violation Corrected On Site) | 33 Houston Ordinance Violation: 6-501.111(B) (Violation Corrected On Site)
2026-03-24,CROCKETT ELEMENTARY SCHOOL,Elementary,grease_trap,2112 CROCKETT HOUSTON TX,77007,OPEN,0,
2026-03-24,CHAMBERS ELEMENTARY SCHOOL,Elementary,inspection,10700 CARVEL HOUSTON TX,77072,OPEN,2,1 Houston Ordinance Violation: 3-501.16(A)(1) (Violation Corrected On Site) | 2 Houston Ordinance Violation: 4-501.11(A) (Violation)
2026-03-24,CHAMBERS ELEMENTARY SCHOOL,Elementary,grease_trap,10700 CARVEL HOUSTON TX,77072,OPEN,0,
2026-03-24,CHAMBERS ELEMENTARY SCHOOL,Elementary,inspection,10700 CARVEL HOUSTON TX,77072,OPEN,0,
2026-03-23,WILCHESTER ELEMENTARY SCHOOL,Elementary,inspection,13618 SAINT MARY'S HOUSTON TX,77079,OPEN,0,
2026-03-23,WILCHESTER ELEMENTARY SCHOOL,Elementary,inspection,13618 SAINT MARY'S HOUSTON TX,77079,OPEN,0,
2026-03-23,WILCHESTER ELEMENTARY SCHOOL,Elementary,grease_trap,13618 SAINT MARY'S HOUSTON TX,77079,OPEN,1,1 Houston Ordinance Violation: COH-47-512(b) (Violation)
2026-03-23,WESTCHESTER ACADEMY,Middle / Jr. High,inspection,901 YORKCHESTER HOUSTON TX,77079,OPEN,0,
2026-03-23,WESTCHESTER ACADEMY,Middle / Jr. High,grease_trap,901 YORKCHESTER HOUSTON TX,77079,OPEN,1,1 Houston Ordinance Violation: COH-47-512(b) (Violation)
2026-03-23,WESTCHESTER ACADEMY,Middle / Jr. High,inspection,901 YORKCHESTER HOUSTON TX,77079,OPEN,1,1 Houston Ordinance Violation: 6-501.12(A) (Violation)
2026-03-23,TRAVIS ELEMENTARY SCHOOL,Elementary,inspection,3311 BEAUCHAMP HOUSTON TX,77009,OPEN,2,6 Houston Ordinance Violation: 3-202.15 (Violation Corrected On Site) | 52 Houston Ordinance Violation: 6-501.12(A) (Violation)
2026-03-23,TRAVIS ELEMENTARY SCHOOL,Elementary,grease_trap,3311 BEAUCHAMP HOUSTON TX,77009,OPEN,0,
2026-03-23,SHERWOOD ELEMENTARY SCHOOL,Elementary,inspection,1700 SHERWOOD FOREST HOUSTON TX,77043,OPEN,0,
2026-03-23,SHERWOOD ELEMENTARY SCHOOL,Elementary,grease_trap,1700 SHERWOOD FOREST HOUSTON TX,77043,OPEN,1,1 Houston Ordinance Violation: COH-47-512(b) (Violation)
2026-03-23,SHERWOOD ELEMENTARY SCHOOL,Elementary,inspection,1700 SHERWOOD FOREST HOUSTON TX,77043,OPEN,1,1 Houston Ordinance Violation: 6-501.12(A) (Violation)
2026-03-23,R. YZAGUIRRE SCHOOL FOR SUCCESS,Middle / Jr. High,inspection,2950 BROADWAY HOUSTON TX,77017,OPEN,1,51 Houston Ordinance Violation: 6-501.11 (Violation)
2026-03-23,R. YZAGUIRRE SCHOOL FOR SUCCESS,Middle / Jr. High,grease_trap,2950 BROADWAY HOUSTON TX,77017,OPEN,0,
2026-03-23,R. YZAGUIRRE SCHOOL FOR SUCCESS,Middle / Jr. High,inspection,2950 BROADWAY HOUSTON TX,77017,OPEN,1,1 Houston Ordinance Violation: 6-202.15(A) (Violation)
2026-03-23,R. YZAGUIRRE SCHOOL FOR SUCCESS,Middle / Jr. High,inspection,2950 BROADWAY HOUSTON TX,77017,OPEN,5,40 Houston Ordinance Violation: 4-502.11(A) (Violation) | 41 Houston Ordinance Violation: 4-501.11(B) (Violation) | 43 Houston Ordinance Violation: 4-601.11(C) (Violation) | 50 Houston Ordinance Violation: 6-501.11 (Violation) | 51 Houston Ordinance Violation: 6-501.12(A) (Violation)
2026-03-23,R. YZAGUIRRE SCHOOL FOR SUCCESS,Middle / Jr. High,grease_trap,2950 BROADWAY HOUSTON TX,77017,OPEN,0,
2026-03-23,FRED ROBERTS MIDDLE SCHOOL,Middle / Jr. High,grease_trap,13402 CONKLIN LN HOUSTON TX,77034,OPEN,0,
2026-03-23,FRED ROBERTS MIDDLE SCHOOL,Middle / Jr. High,inspection,13402 CONKLIN LN HOUSTON TX,77034,OPEN,1,1 Houston Ordinance Violation: 5-501.114 (Violation)
2026-03-23,CTE HIGH SCHOOL,High School,grease_trap,1348 GENOA RED BLUFF RD HOUSTON TX,77034,OPEN,0,
2026-03-23,CTE HIGH SCHOOL,High School,inspection,1348 GENOA RED BLUFF RD HOUSTON TX,77034,OPEN,0,
2026-03-23,ABS WEST SCHOOLS,Elementary,inspection,12772 MEDFIELD HOUSTON TX,77082,OPEN,0,
2026-03-23,ABS WEST SCHOOLS,Elementary,grease_trap,12772 MEDFIELD HOUSTON TX,77082,OPEN,0,
2026-03-23,ABS WEST SCHOOLS,Elementary,inspection,12772 MEDFIELD HOUSTON TX,77082,OPEN,2,1 Houston Ordinance Violation: COH-20-36(a) (Violation Corrected On Site) | 2 Houston Ordinance Violation: TAC-228.31(a) (Violation Corrected On Site)
2026-03-20,RIDGECREST ELEMENTARY SCHOOL,Elementary,grease_trap,2015 RIDGECREST HOUSTON TX,77055,OPEN,0,
2026-03-20,RIDGECREST ELEMENTARY SCHOOL,Elementary,inspection,2015 RIDGECREST HOUSTON TX,77055,OPEN,1,1 Houston Ordinance Violation: 6-304.11 (Violation)
2026-03-20,LANDRUM MIDDLE SCHOOL,Middle / Jr. High,grease_trap,2200 RIDGECREST DR HOUSTON TX,77055,OPEN,0,
2026-03-20,LANDRUM MIDDLE SCHOOL,Middle / Jr. High,inspection,2200 RIDGECREST DR HOUSTON TX,77055,OPEN,5,1 Houston Ordinance Violation: COH-20-36(a) (Violation) | 2 Houston Ordinance Violation: 6-301.14 (Violation) | 3 Houston Ordinance Violation: 3-501.16(A)(1) (Violation Corrected On Site) | 4 Houston Ordinance Violation: 4-501.19 (Violation) | 5 Houston Ordinance Violation: 5-501.111 (Violation Repeat)
2026-03-19,WOLFE ELEMENTARY SCHOOL,Elementary,inspection,502 ADDICKS HOWELL RD HOUSTON TX,77079,OPEN,0,
2026-03-19,WOLFE ELEMENTARY SCHOOL,Elementary,grease_trap,502 ADDICKS HOWELL RD HOUSTON TX,77079,OPEN,0,
2026-03-19,WOLFE ELEMENTARY SCHOOL,Elementary,inspection,502 ADDICKS HOWELL RD HOUSTON TX,77079,OPEN,0,
2026-03-19,WINDMILL LAKES HIGH SCHOOL,High School,inspection,9901 WINDMILL LAKES BLVD HOUSTON TX,77075,OPEN,4,1 Houston Ordinance Violation: 6-202.15(A) (Violation) | 2 Houston Ordinance Violation: 5-501.114 (Violation) | 3 Houston Ordinance Violation: 5-501.113 (Violation) | 4 Houston Ordinance Violation: 6-501.11 (Violation)
2026-03-19,WINDMILL LAKES HIGH SCHOOL,High School,inspection,9901 WINDMILL LAKES BLVD HOUSTON TX,77075,OPEN,0,
2026-03-19,WHARTON ELEMENTARY SCHOOL,Elementary,inspection,900 W GRAY ST HOUSTON TX,77019,OPEN,3,1 Houston Ordinance Violation: 3-501.16(A)(1) (Violation) | 2 Houston Ordinance Violation: 4-601.11(C) (Violation) | 3 Houston Ordinance Violation: 6-201.17(B) (Violation)
2026-03-19,WHARTON ELEMENTARY SCHOOL,Elementary,grease_trap,900 W GRAY ST HOUSTON TX,77019,OPEN,0,
2026-03-19,THOMAS HANCOCK ELEMENTARY,Elementary,inspection,9604 MINNESOTA ST HOUSTON TX,77075,OPEN,0,
2026-03-19,THOMAS HANCOCK ELEMENTARY,Elementary,grease_trap,9604 MINNESOTA ST HOUSTON TX,77075,OPEN,0,
2026-03-19,THOMAS HANCOCK ELEMENTARY,Elementary,inspection,9604 MINNESOTA ST HOUSTON TX,77075,OPEN,0,
2026-03-19,SANCHEZ ELEMENTARY,Elementary,inspection,2700 BERKLEY HOUSTON TX,77012,OPEN,3,1 Houston Ordinance Violation: 6-202.15(A) (Violation) | 2 Houston Ordinance Violation: 6-102.11(A) (Violation Repeat) | 3 Houston Ordinance Violation: 6-501.12(A) (Violation Repeat)
2026-03-19,SANCHEZ ELEMENTARY,Elementary,inspection,2700 BERKLEY HOUSTON TX,77012,OPEN,3,40 Houston Ordinance Violation: 4-501.11(A) (Violation) | 49 Houston Ordinance Violation: 6-501.12(A) (Violation) | 50 Houston Ordinance Violation: 6-501.11 (Violation)
2026-03-19,SANCHEZ ELEMENTARY,Elementary,grease_trap,2700 BERKLEY HOUSTON TX,77012,OPEN,0,
2026-03-19,RIVER OAKS ELEMENTARY SCHOOL,Elementary,grease_trap,2008 KIRBY DR HOUSTON TX,77019,OPEN,0,
2026-03-19,RIVER OAKS ELEMENTARY SCHOOL,Elementary,inspection,2008 KIRBY DR HOUSTON TX,77019,OPEN,0,
2026-03-19,RIVER OAKS ELEMENTARY SCHOOL,Elementary,inspection,2008 KIRBY DR HOUSTON TX,77019,OPEN,2,1 Houston Ordinance Violation: 4-501.11(B) (Violation) | 2 Houston Ordinance Violation: 5-501.114 (Violation)
2026-03-19,JOE E. MORENO ELEMENTARY SCHOOL,Elementary,grease_trap,620 E CANINO HOUSTON TX,77037,OPEN,0,
2026-03-19,JOE E. MORENO ELEMENTARY SCHOOL,Elementary,inspection,620 E CANINO HOUSTON TX,77037,OPEN,0,
2026-03-19,JOE E. MORENO ELEMENTARY SCHOOL,Elementary,inspection,620 E CANINO HOUSTON TX,77037,OPEN,2,43 Houston Ordinance Violation: 4-601.11(C) (Violation) | 50 Houston Ordinance Violation: 6-501.16 (Violation)
2026-03-19,INTERNATIONAL LEADERSHIP OF TEXAS,Middle / Jr. High,inspection,9898 WINDMILL LAKES BLVD HOUSTON TX,77075,OPEN,6,1 Houston Ordinance Violation: 3-501.17(A) (Violation) | 2 Houston Ordinance Violation: 4-501.11(A) (Violation) | 3 Houston Ordinance Violation: 5-205.15 (Violation) | 4 Houston Ordinance Violation: 5-501.114 (Violation) | 5 Houston Ordinance Violation: 5-501.15(A) (Violation) | 6 Houston Ordinance Violation: COH-21-244(a) (Violation)
2026-03-19,INTERNATIONAL LEADERSHIP OF TEXAS,Middle / Jr. High,grease_trap,9898 WINDMILL LAKES BLVD HOUSTON TX,77075,OPEN,0,
2026-03-19,HOUSMAN ELEMENTARY,Elementary,grease_trap,6705 HOUSMAN HOUSTON TX,77055,OPEN,0,
2026-03-19,HOUSMAN ELEMENTARY,Elementary,inspection,6705 HOUSMAN HOUSTON TX,77055,OPEN,0,
2026-03-19,HOUSMAN ELEMENTARY,Elementary,inspection,6705 HOUSMAN HOUSTON TX,77055,OPEN,0,
2026-03-19,HAMILTON JR HIGH,Middle / Jr. High,inspection,139 E 20TH HOUSTON TX,77008,OPEN,3,3 Houston Ordinance Violation: 5-202.12(A) (Violation) | 44 Houston Ordinance Violation: 6-501.11 (Violation) | 45 Houston Ordinance Violation: 6-201.17(A) (Violation)
2026-03-19,EISENHOWER 9TH GRADE,High School,inspection,3550 W GULF BANK HOUSTON TX,77088,OPEN,0,
2026-03-19,DURKEE ELEMENTARY,Elementary,inspection,7301 NORDLING HOUSTON TX,77076,OPEN,0,
2026-03-19,DURKEE ELEMENTARY,Elementary,grease_trap,7301 NORDLING HOUSTON TX,77076,OPEN,1,1 Houston Ordinance Violation: COH-47-512(b) (Violation)
2026-03-19,DURKEE ELEMENTARY,Elementary,inspection,7301 NORDLING HOUSTON TX,77076,OPEN,1,43 Houston Ordinance Violation: 4-501.11(A) (Violation)
2026-03-19,BURRUS ELEMENTARY,Elementary,grease_trap,701 33RD RD E HOUSTON TX,77022,OPEN,0,
2026-03-19,BURRUS ELEMENTARY,Elementary,inspection,701 33RD RD E HOUSTON TX,77022,OPEN,0,
2026-03-19,BURRUS ELEMENTARY,Elementary,inspection,701 33RD RD E HOUSTON TX,77022,OPEN,1,52 Houston Ordinance Violation: 6-501.11 (Violation)
2026-03-19,BASTIAN ELEMENTARY SCHOOL,Elementary,grease_trap,5051 BELLFORT ST HOUSTON TX,77033,OPEN,0,
2026-03-19,BASTIAN ELEMENTARY SCHOOL,Elementary,inspection,5051 BELLFORT ST HOUSTON TX,77033,OPEN,0,
2026-03-19,BASTIAN ELEMENTARY SCHOOL,Elementary,inspection,5051 BELLFORT ST HOUSTON TX,77033,OPEN,1,1 Houston Ordinance Violation: 6-501.12(A) (Violation)
2026-03-17,WESTBROOK INTERMEDIATE SCHOOL,Middle / Jr. High,grease_trap,302 EL DORADO BLVD FRIENDSWOOD TX,77546,OPEN,1,1 Houston Ordinance Violation: COH-47-522 (Violation)
2026-03-17,WESTBROOK INTERMEDIATE SCHOOL,Middle / Jr. High,inspection,302 EL DORADO BLVD FRIENDSWOOD TX,77546,OPEN,2,1 Houston Ordinance Violation: 5-501.113 (Violation Corrected On Site) | 2 Houston Ordinance Violation: 5-501.114 (Violation)
2026-03-17,VALLEY OAKS ELEMENTARY,Elementary,grease_trap,8390 WESTVIEW DR HOUSTON TX,77055,OPEN,1,1 Houston Ordinance Violation: COH-47-512(b) (Violation)
2026-03-17,VALLEY OAKS ELEMENTARY,Elementary,inspection,8390 WESTVIEW DR HOUSTON TX,77055,OPEN,2,1 Houston Ordinance Violation: 5-202.12(C) (Violation) | 2 Houston Ordinance Violation: 5-501.114 (Violation)
2026-03-17,STEVENS ELEMENTARY,Elementary,inspection,1910 LAMONTE HOUSTON TX,77018,OPEN,1,1 Houston Ordinance Violation: 5-501.113 (Violation Corrected On Site)
2026-03-17,STEVENS ELEMENTARY,Elementary,grease_trap,1910 LAMONTE HOUSTON TX,77018,OPEN,0,
2026-03-17,STEVENS ELEMENTARY,Elementary,inspection,1910 LAMONTE HOUSTON TX,77018,OPEN,0,
2026-03-17,OAK FOREST ELEMENTARY,Elementary,grease_trap,1401 W 43RD HOUSTON TX,77018,OPEN,0,
2026-03-17,OAK FOREST ELEMENTARY,Elementary,inspection,1401 W 43RD HOUSTON TX,77018,OPEN,1,51 Houston Ordinance Violation: 5-501.114 (Violation)
2026-03-17,OAK FOREST ELEMENTARY,Elementary,inspection,1401 W 43RD HOUSTON TX,77018,OPEN,1,1 Houston Ordinance Violation: 5-205.15 (Violation)
2026-03-17,NORTHSIDE HS,High School,inspection,1101 QUITMAN HOUSTON TX,77009,OPEN,2,51 Houston Ordinance Violation: 5-501.115 (Violation) | 52 Houston Ordinance Violation: 6-501.11 (Violation)
2026-03-17,NORTHSIDE HS,High School,grease_trap,1101 QUITMAN HOUSTON TX,77009,OPEN,0,
2026-03-17,MILSTEAD MIDDLE SCHOOL,Middle / Jr. High,grease_trap,338 GILPIN ST HOUSTON TX,77034,OPEN,1,1 Houston Ordinance Violation: COH-47-522 (Violation)
2026-03-17,MILSTEAD MIDDLE SCHOOL,Middle / Jr. High,inspection,338 GILPIN ST HOUSTON TX,77034,OPEN,0,
2026-03-17,KETELSEN ELEMENTARY,Elementary,inspection,600 QUITMAN HOUSTON TX,77009,OPEN,4,6 Houston Ordinance Violation: 3-202.15 (Violation Corrected On Site) | 22 Houston Ordinance Violation: 7-102.11 (Violation Corrected On Site) | 30 Houston Ordinance Violation: 3-501.13(B) (Violation Corrected On Site) | 45 Houston Ordinance Violation: 4-602.13 (Violation)
2026-03-17,KETELSEN ELEMENTARY,Elementary,grease_trap,600 QUITMAN HOUSTON TX,77009,OPEN,0,
2026-03-17,HIGH SCHOOL FOR INTERNATIONAL STUDIES,High School,grease_trap,1810 STUART HOUSTON TX,77004,OPEN,0,
2026-03-17,HIGH SCHOOL FOR INTERNATIONAL STUDIES,High School,inspection,1810 STUART HOUSTON TX,77004,OPEN,4,1 Houston Ordinance Violation: 4-601.11(C) (Violation) | 2 Houston Ordinance Violation: 6-501.11 (Violation) | 3 Houston Ordinance Violation: 6-501.12(A) (Violation) | 4 Houston Ordinance Violation: COH-21-244(a) (Violation)
2026-03-17,FALCON PASS ELEMENTARY SCHOOL,Elementary,grease_trap,2465 FALCON PASS HOUSTON TX,77062,OPEN,0,
2026-03-17,FALCON PASS ELEMENTARY SCHOOL,Elementary,inspection,2465 FALCON PASS HOUSTON TX,77062,OPEN,0,
2026-03-17,CESAR E. CHAVEZ HIGH SCHOOL,Middle / Jr. High,inspection,8501 HOWARD HOUSTON TX,77017,OPEN,1,42 Houston Ordinance Violation: 4-402.11(A)(3) (Violation)
2026-03-17,CESAR E. CHAVEZ HIGH SCHOOL,Middle / Jr. High,inspection,8501 HOWARD HOUSTON TX,77017,OPEN,2,1 Houston Ordinance Violation: 6-202.15(A) (Violation) | 2 Houston Ordinance Violation: 6-501.11 (Violation)
2026-03-17,CESAR E. CHAVEZ HIGH SCHOOL,Middle / Jr. High,grease_trap,8501 HOWARD HOUSTON TX,77017,OPEN,0,
2026-03-17,BONNER ELEMENTARY SCHOOL,Elementary,inspection,8100 ELROD HOUSTON TX,77017,OPEN,1,1 Houston Ordinance Violation: 6-202.15(A) (Violation Repeat)
2026-03-17,BONNER ELEMENTARY SCHOOL,Elementary,inspection,8100 ELROD HOUSTON TX,77017,OPEN,2,1 Houston Ordinance Violation: 4-402.11(A)(3) (Violation) | 2 Houston Ordinance Violation: 6-501.11 (Violation)
2026-03-17,BONNER ELEMENTARY SCHOOL,Elementary,grease_trap,8100 ELROD HOUSTON TX,77017,OPEN,0,
2026-03-16,RODERICK PAIGE  ELEMENTARY  SCHOOL,Elementary,inspection,7501 CURRY RD HOUSTON TX,77093,OPEN,4,33 Houston Ordinance Violation: 6-202.15(C) (Violation) | 45 Houston Ordinance Violation: 4-601.11(C) (Violation Repeat) | 51 Houston Ordinance Violation: 5-501.114 (Violation Repeat) | 52 Houston Ordinance Violation: 6-501.12(A) (Violation)
2026-03-16,RODERICK PAIGE  ELEMENTARY  SCHOOL,Elementary,grease_trap,7501 CURRY RD HOUSTON TX,77093,OPEN,1,1 Houston Ordinance Violation: COH-47-512(b) (Violation)
2026-03-16,PEARL HALL ELEMENTARY SCHOOL,Elementary,grease_trap,1504 9TH ST SOUTH HOUSTON TX,77587,OPEN,0,
2026-03-16,PEARL HALL ELEMENTARY SCHOOL,Elementary,inspection,1504 9TH ST SOUTH HOUSTON TX,77587,OPEN,1,1 Houston Ordinance Violation: 5-501.114 (Violation)
2026-03-16,MEMORIAL ELEMENTARY SCHOOL,Middle / Jr. High,inspection,6401 ARNOT HOUSTON TX,77007,OPEN,2,51 Houston Ordinance Violation: 5-501.11 (Violation Repeat) | 52 Houston Ordinance Violation: 5-501.113 (Violation Corrected On Site)
2026-03-16,MEMORIAL ELEMENTARY SCHOOL,Middle / Jr. High,grease_trap,6401 ARNOT HOUSTON TX,77007,OPEN,0,
2026-03-16,JACK YATES HIGH SCHOOL,High School,inspection,3650 ALABAMA ST HOUSTON TX,77004,OPEN,2,31 Houston Ordinance Violation: 6-202.15(A) (Violation Repeat) | 41 Houston Ordinance Violation: 4-501.11(A) (Violation)
2026-03-16,JACK YATES HIGH SCHOOL,High School,inspection,3650 ALABAMA ST HOUSTON TX,77004,OPEN,2,1 Houston Ordinance Violation: 6-202.15(A) (Violation) | 2 Houston Ordinance Violation: 6-501.11 (Violation)
2026-03-16,JACK YATES HIGH SCHOOL,High School,grease_trap,3650 ALABAMA ST HOUSTON TX,77004,OPEN,0,
2026-03-16,GENOA ELEMENTARY SCHOOL,Elementary,grease_trap,12900 ALMEDA GENOA RD HOUSTON TX,77034,OPEN,0,
2026-03-16,GENOA ELEMENTARY SCHOOL,Elementary,inspection,12900 ALMEDA GENOA RD HOUSTON TX,77034,OPEN,0,
2026-03-16,ENERGY INSTITUTE HIGH SCHOOL,High School,inspection,3501 SOUTHMORE BLVD HOUSTON TX,77004,OPEN,1,1 Houston Ordinance Violation: 6-202.15(A) (Violation)
2026-03-16,ENERGY INSTITUTE HIGH SCHOOL,High School,inspection,3501 SOUTHMORE BLVD HOUSTON TX,77004,OPEN,0,
2026-03-16,ENERGY INSTITUTE HIGH SCHOOL,High School,grease_trap,3501 SOUTHMORE BLVD HOUSTON TX,77004,OPEN,0,
2026-03-16,ELSIK 9TH GRADE CENTER,Middle / Jr. High,inspection,6767 DAIRY ASHFORD HOUSTON TX,77072,OPEN,0,
2026-03-16,DEBAKEY HIGH SCHOOL FOR HEALTH PROFESSIONS,High School,inspection,2545 PRESSLER DR HOUSTON TX,77030,OPEN,2,1 Houston Ordinance Violation: 3-304.14(B) (Violation Corrected On Site) | 2 Houston Ordinance Violation: 4-601.11(C) (Violation)
2026-03-16,DEBAKEY HIGH SCHOOL FOR HEALTH PROFESSIONS,High School,grease_trap,2545 PRESSLER DR HOUSTON TX,77030,OPEN,0,
2026-03-16,BERRY ELEMENTARY,Elementary,inspection,2310 BERRY RD HOUSTON TX,77093,OPEN,2,37 Houston Ordinance Violation: 3-304.14(B) (Violation Corrected On Site) | 52 Houston Ordinance Violation: 6-201.13(B) (Violation)
2026-03-16,BERRY ELEMENTARY,Elementary,grease_trap,2310 BERRY RD HOUSTON TX,77093,OPEN,0,
2026-03-09,WHEATLEY CULINARY ACADEMY,High School,inspection,4801 PROVIDENCE HOUSTON TX,77020,OPEN,0,
2026-03-06,THE EMERY/WEINER SCHOOL,Middle / Jr. High,grease_trap,9825 STELLA LINK HOUSTON TX,77025,OPEN,0,
2026-03-06,THE EMERY/WEINER SCHOOL,Middle / Jr. High,inspection,9825 STELLA LINK HOUSTON TX,77025,OPEN,0,
2026-03-06,SHEARN ELEMENTARY SCHOOL,Elementary,grease_trap,9802 STELLA LINK HOUSTON TX,77025,OPEN,0,
2026-03-06,SHEARN ELEMENTARY SCHOOL,Elementary,inspection,9802 STELLA LINK HOUSTON TX,77025,OPEN,0,
2026-03-06,SCARBOROUGH ELEMENTARY SCHOOL,Elementary,inspection,3030 TRENTON RD HOUSTON TX,77093,OPEN,2,37 Houston Ordinance Violation: 3-304.14(B) (Violation Corrected On Site) | 45 Houston Ordinance Violation: 4-601.11(C) (Violation Repeat)
2026-03-06,SCARBOROUGH ELEMENTARY SCHOOL,Elementary,grease_trap,3030 TRENTON RD HOUSTON TX,77093,OPEN,0,
2026-03-06,ROOSEVELT ELEMENTARY SCHOOL,Elementary,grease_trap,6700 FULTON ST HOUSTON TX,77022,OPEN,0,
2026-03-06,ROOSEVELT ELEMENTARY SCHOOL,Elementary,inspection,6700 FULTON ST HOUSTON TX,77022,OPEN,0,
2026-03-06,ROOSEVELT ELEMENTARY SCHOOL,Elementary,inspection,6700 FULTON ST HOUSTON TX,77022,OPEN,1,33 Houston Ordinance Violation: 6-202.15(A) (Violation)
2026-03-06,MARK TWAIN ELEMENTARY,Elementary,grease_trap,7500 BRAES BLVD HOUSTON TX,77025,OPEN,0,
2026-03-06,MARK TWAIN ELEMENTARY,Elementary,inspection,7500 BRAES BLVD HOUSTON TX,77025,OPEN,0,
2026-03-06,LOVE ELEMENTARY,Elementary,inspection,1120 W 13TH HOUSTON TX,77008,OPEN,1,1 Houston Ordinance Violation: 6-202.112 (Violation)
2026-03-06,LOVE ELEMENTARY,Elementary,grease_trap,1120 W 13TH HOUSTON TX,77008,OPEN,0,
2026-03-06,LOVE ELEMENTARY,Elementary,inspection,1120 W 13TH HOUSTON TX,77008,OPEN,3,1 Houston Ordinance Violation: 4-601.11(C) (Violation) | 2 Houston Ordinance Violation: 6-501.11 (Violation Repeat) | 3 Houston Ordinance Violation: 6-101.11(A)(1) (Violation)
2026-03-06,L.C. OWENS INTERMED. SCHOOL,Middle / Jr. High,grease_trap,6900 TURTLEWOOD HOUSTON TX,77072,OPEN,0,
2026-03-06,L.C. OWENS INTERMED. SCHOOL,Middle / Jr. High,inspection,6900 TURTLEWOOD HOUSTON TX,77072,OPEN,0,
2026-03-06,L.C. OWENS INTERMED. SCHOOL,Middle / Jr. High,inspection,6900 TURTLEWOOD HOUSTON TX,77072,OPEN,0,
2026-03-06,KENNEDY ELEMENTARY,Elementary,inspection,400 VICTORIA HOUSTON TX,77022,OPEN,0,
2026-03-06,KENNEDY ELEMENTARY,Elementary,inspection,400 VICTORIA HOUSTON TX,77022,OPEN,2,1 Houston Ordinance Violation: 3-501.16(A)(1) (Violation Corrected On Site) | 2 Houston Ordinance Violation: 6-201.17(B) (Violation)
2026-03-06,KENNEDY ELEMENTARY,Elementary,grease_trap,400 VICTORIA HOUSTON TX,77022,OPEN,0,
2026-03-06,KATHERINE SMITH ELEMENTARY,Elementary,inspection,4802 CHRYSTELL HOUSTON TX,77092,OPEN,0,
2026-03-06,KATHERINE SMITH ELEMENTARY,Elementary,inspection,4802 CHRYSTELL HOUSTON TX,77092,OPEN,0,
2026-03-06,KATHERINE SMITH ELEMENTARY,Elementary,grease_trap,4802 CHRYSTELL HOUSTON TX,77092,OPEN,0,
2026-03-06,KATHERINE SMITH ELEMENTARY,Elementary,inspection,4802 CHRYSTELL HOUSTON TX,77092,OPEN,0,
2026-03-06,HIGHLAND HEIGHTS ELEMENTARY,Elementary,inspection,865 PAUL QUINN HOUSTON TX,77091,OPEN,1,33 Houston Ordinance Violation: 6-501.112 (Violation Corrected On Site)
2026-03-06,HIGHLAND HEIGHTS ELEMENTARY,Elementary,grease_trap,865 PAUL QUINN HOUSTON TX,77091,OPEN,0,
2026-03-06,HIGHLAND HEIGHTS ELEMENTARY,Elementary,inspection,865 PAUL QUINN HOUSTON TX,77091,OPEN,0,
2026-03-06,HIGHLAND HEIGHTS ELEMENTARY,Elementary,inspection,865 PAUL QUINN HOUSTON TX,77091,OPEN,0,
2026-03-06,HERRERA ELEMENTARY SCHOOL,Elementary,grease_trap,525 BENNINGTON HOUSTON TX,77022,OPEN,0,
2026-03-06,HERRERA ELEMENTARY SCHOOL,Elementary,inspection,525 BENNINGTON HOUSTON TX,77022,OPEN,0,
2026-03-06,HERRERA ELEMENTARY SCHOOL,Elementary,inspection,525 BENNINGTON HOUSTON TX,77022,OPEN,0,
2026-03-06,FIELD ELEMENTARY,Elementary,inspection,703 E 17TH HOUSTON TX,77008,OPEN,2,1 Houston Ordinance Violation: 6-501.11 (Violation) | 2 Houston Ordinance Violation: 6-201.17(A) (Violation)
2026-03-06,COOP ELEMENTARY,Elementary,grease_trap,10130 ALDINE WESTFIELD HOUSTON TX,77093,OPEN,0,
2026-03-05,WESTSIDE HIGH SCHOOL,High School,grease_trap,14201 BRIAR FOREST DR HOUSTON TX,77077,OPEN,0,
2026-03-05,WESTSIDE HIGH SCHOOL,High School,inspection,14201 BRIAR FOREST DR HOUSTON TX,77077,OPEN,0,
2026-03-05,WESTSIDE HIGH SCHOOL,High School,inspection,14201 BRIAR FOREST DR HOUSTON TX,77077,OPEN,1,1 Houston Ordinance Violation: 6-202.15(A) (Violation)
2026-03-05,WAINWRIGHT ELEMENTARY SCHOOL,Elementary,grease_trap,5330 MILWEE HOUSTON TX,77092,OPEN,0,
2026-03-05,WAINWRIGHT ELEMENTARY SCHOOL,Elementary,inspection,5330 MILWEE HOUSTON TX,77092,OPEN,0,
2026-03-05,WAINWRIGHT ELEMENTARY SCHOOL,Elementary,inspection,5330 MILWEE HOUSTON TX,77092,OPEN,1,1 Houston Ordinance Violation: 6-201.16(B) (Violation)
2026-03-05,PECK ELEMENTARY SCHOOL,Elementary,inspection,5001 MARTIN LUTHER KING JR BLVD HOUSTON TX,77021,OPEN,2,2 Houston Ordinance Violation: 5-501.114 (Violation Corrected On Site) | 3 Houston Ordinance Violation: 6-501.12(A) (Violation)
2026-03-05,PARKER ELEMENTARY SCHOOL,Elementary,grease_trap,10632 ATWELL HOUSTON TX,77096,OPEN,0,
2026-03-05,PARKER ELEMENTARY SCHOOL,Elementary,inspection,10632 ATWELL HOUSTON TX,77096,OPEN,0,
2026-03-05,LYONS ELEMENTARY,Elementary,grease_trap,800 ROXELLA HOUSTON TX,77076,OPEN,0,
2026-03-05,LYONS ELEMENTARY,Elementary,inspection,800 ROXELLA HOUSTON TX,77076,OPEN,0,
2026-03-05,LYONS ELEMENTARY,Elementary,inspection,800 ROXELLA HOUSTON TX,77076,OPEN,1,13 Houston Ordinance Violation: TAC-228.31(E) (Violation)
2026-03-05,LANTRIP ELEMENTARY,Elementary,grease_trap,100 TELEPHONE HOUSTON TX,77023,OPEN,0,
2026-03-05,LANTRIP ELEMENTARY,Elementary,inspection,100 TELEPHONE HOUSTON TX,77023,OPEN,1,1 Houston Ordinance Violation: 6-202.15(A) (Violation)
2026-03-05,LANTRIP ELEMENTARY,Elementary,inspection,100 TELEPHONE HOUSTON TX,77023,OPEN,3,39 Houston Ordinance Violation: 4-501.11(A) (Violation) | 48 Houston Ordinance Violation: 6-501.12(A) (Violation) | 49 Houston Ordinance Violation: 6-501.11 (Violation)
2026-03-05,KIPP Sharpstown MS,Middle / Jr. High,inspection,8440 WESTPARK DR HOUSTON TX,77063,OPEN,0,
2026-03-05,KIPP Sharpstown MS,Middle / Jr. High,grease_trap,8440 WESTPARK DR HOUSTON TX,77063,OPEN,0,
2026-03-05,ELROD ELEMENTARY SCHOOL,Elementary,grease_trap,6230 DUMFRIES HOUSTON TX,77096,OPEN,0,
2026-03-05,ELROD ELEMENTARY SCHOOL,Elementary,inspection,6230 DUMFRIES HOUSTON TX,77096,OPEN,3,1 Houston Ordinance Violation: 6-202.15(A) (Violation) | 2 Houston Ordinance Violation: 2-501.11 (Violation) | 3 Houston Ordinance Violation: 6-303.11(A) (Violation)
2026-03-05,BURBANK ELEMENTARY,Elementary,grease_trap,216 TIDWELL HOUSTON TX,77022,OPEN,0,
2026-03-05,BURBANK ELEMENTARY,Elementary,inspection,216 TIDWELL HOUSTON TX,77022,OPEN,0,
2026-03-05,BURBANK ELEMENTARY,Elementary,inspection,216 TIDWELL HOUSTON TX,77022,OPEN,3,31 Houston Ordinance Violation: 4-204.112(A) (Violation) | 33 Houston Ordinance Violation: 6-202.15(A) (Violation) | 51 Houston Ordinance Violation: 6-501.11 (Violation)
2026-03-05,BUDEWIG INTERMEDIATE SCHOOL,Middle / Jr. High,grease_trap,12570 RICHMOND HOUSTON TX,77082,OPEN,0,
2026-03-05,BUDEWIG INTERMEDIATE SCHOOL,Middle / Jr. High,grease_trap,12570 RICHMOND HOUSTON TX,77082,OPEN,0,
2026-03-05,BUDEWIG INTERMEDIATE SCHOOL,Middle / Jr. High,inspection,12570 RICHMOND HOUSTON TX,77082,OPEN,0,
2026-03-05,BUDEWIG INTERMEDIATE SCHOOL,Middle / Jr. High,inspection,12570 RICHMOND HOUSTON TX,77082,OPEN,0,
2026-03-05,BENBROOK ELEMENTARY SCHOOL,Elementary,grease_trap,4026 BOLIN HOUSTON TX,77092,OPEN,0,
2026-03-05,BENBROOK ELEMENTARY SCHOOL,Elementary,inspection,4026 BOLIN HOUSTON TX,77092,OPEN,4,1 Houston Ordinance Violation: 6-202.15(A) (Violation) | 2 Houston Ordinance Violation: 4-601.11(C) (Violation Corrected On Site) | 3 Houston Ordinance Violation: 6-501.114(A) (Violation) | 4 Houston Ordinance Violation: 6-201.16(A) (Violation)
2026-03-05,BARRICK ELEMENTARY,Elementary,grease_trap,12001 WINFREY HOUSTON TX,77076,OPEN,1,1 Houston Ordinance Violation: COH-47-512(b) (Violation)
2026-03-05,BARRICK ELEMENTARY,Elementary,inspection,12001 WINFREY HOUSTON TX,77076,OPEN,0,
2026-03-05,BARRICK ELEMENTARY,Elementary,inspection,12001 WINFREY HOUSTON TX,77076,OPEN,2,52 Houston Ordinance Violation: 6-501.11 (Violation) | 57 Houston Ordinance Violation: 2-301.12(C) (Violation Corrected On Site)
2026-03-04,MONTGOMERY ELEMENTARY SCHOOL,Elementary,inspection,4000 SIMSBROOK HOUSTON TX,77045,OPEN,2,1 Houston Ordinance Violation: 5-202.12(C) (Violation) | 2 Houston Ordinance Violation: 5-205.15 (Violation Repeat)
2026-03-04,MONTGOMERY ELEMENTARY SCHOOL,Elementary,inspection,4000 SIMSBROOK HOUSTON TX,77045,OPEN,6,2 Houston Ordinance Violation: 5-205.15 (Violation) | 3 Houston Ordinance Violation: 5-501.114 (Violation) | 4 Houston Ordinance Violation: 5-501.113 (Violation) | 5 Houston Ordinance Violation: 6-501.11 (Violation) | 6 Houston Ordinance Violation: 6-201.13(A) (Violation) | 7 Houston Ordinance Violation: 6-304.11 (Violation)
2026-03-04,MONTGOMERY ELEMENTARY SCHOOL,Elementary,grease_trap,4000 SIMSBROOK HOUSTON TX,77045,OPEN,0,
2026-03-04,LAWSON MIDDLE SCHOOL,Middle / Jr. High,inspection,14000 STANCLIFF ST HOUSTON TX,77045,OPEN,2,1 Houston Ordinance Violation: 5-202.12(C) (Violation Repeat) | 2 Houston Ordinance Violation: 5-205.15 (Violation)
2026-03-04,LAWSON MIDDLE SCHOOL,Middle / Jr. High,inspection,14000 STANCLIFF ST HOUSTON TX,77045,OPEN,6,1 Houston Ordinance Violation: 5-202.12(C) (Violation) | 2 Houston Ordinance Violation: TAC-228.31(a) (Violation) | 3 Houston Ordinance Violation: 6-501.112 (Violation) | 4 Houston Ordinance Violation: 5-501.113 (Violation) | 5 Houston Ordinance Violation: 6-501.11 (Violation) | 6 Houston Ordinance Violation: 6-101.11(A)(3) (Violation)
2026-03-04,LAWSON MIDDLE SCHOOL,Middle / Jr. High,grease_trap,14000 STANCLIFF ST HOUSTON TX,77045,OPEN,0,
2026-03-04,GRISSOM ELEMENTARY SCHOOL,Elementary,inspection,4900 SIMSBROOK HOUSTON TX,77045,OPEN,2,1 Houston Ordinance Violation: 5-205.15 (Violation Corrected On Site) | 2 Houston Ordinance Violation: 6-501.11 (Violation Repeat)
2026-03-04,GRISSOM ELEMENTARY SCHOOL,Elementary,inspection,4900 SIMSBROOK HOUSTON TX,77045,OPEN,5,1 Houston Ordinance Violation: 6-202.15(A) (Violation) | 2 Houston Ordinance Violation: 4-501.11(B) (Violation) | 3 Houston Ordinance Violation: 6-101.11(A)(3) (Violation) | 4 Houston Ordinance Violation: 6-501.11 (Violation) | 5 Houston Ordinance Violation: 6-201.13(A) (Violation)
2026-03-04,GRISSOM ELEMENTARY SCHOOL,Elementary,grease_trap,4900 SIMSBROOK HOUSTON TX,77045,OPEN,0,
2026-03-04,CARRILLO ELEMENTARY,Middle / Jr. High,inspection,960 S WAYSIDE HOUSTON TX,77023,OPEN,1,1 Houston Ordinance Violation: 6-202.15(A) (Violation Repeat)
2026-03-04,CARRILLO ELEMENTARY,Middle / Jr. High,inspection,960 S WAYSIDE HOUSTON TX,77023,OPEN,5,1 Houston Ordinance Violation: 6-202.15(A) (Violation) | 2 Houston Ordinance Violation: 4-501.11(A) (Violation) | 3 Houston Ordinance Violation: 5-202.11(A)A (Violation) | 4 Houston Ordinance Violation: 6-501.114(A) (Violation) | 5 Houston Ordinance Violation: 6-501.11 (Violation)
2026-03-04,CARRILLO ELEMENTARY,Middle / Jr. High,grease_trap,960 S WAYSIDE HOUSTON TX,77023,OPEN,0,
2026-03-03,WEST FORK HIGH SCHOOL,High School,inspection,180 SORTERS MCCLELLAN RD KINGWOOD TX,77339,OPEN,3,28 Houston Ordinance Violation: 3-501.15(B) (Violation Corrected On Site) | 51 Houston Ordinance Violation: 5-501.113 (Violation) | 52 Houston Ordinance Violation: 6-501.12(A) (Violation)
2026-03-03,WEST FORK HIGH SCHOOL,High School,inspection,180 SORTERS MCCLELLAN RD KINGWOOD TX,77339,OPEN,0,
2026-03-03,MEADOW WOOD ELEMENTARY,Elementary,inspection,14230 MEMORIAL DR HOUSTON TX,77079,OPEN,0,
2026-03-03,MEADOW WOOD ELEMENTARY,Elementary,grease_trap,14230 MEMORIAL DR HOUSTON TX,77079,OPEN,0,
2026-03-03,MEADOW WOOD ELEMENTARY,Elementary,inspection,14230 MEMORIAL DR HOUSTON TX,77079,OPEN,0,
2026-03-03,KIPP SW HS/MS/PS,Middle / Jr. High,grease_trap,10711 KIPP WAY HOUSTON TX,77099,OPEN,0,
2026-03-03,KIPP SW HS/MS/PS,Middle / Jr. High,inspection,10711 KIPP WAY HOUSTON TX,77099,OPEN,1,1 Houston Ordinance Violation: 5-202.11(A)A (Violation)
2026-03-03,KIPP SW HS/MS/PS,Middle / Jr. High,grease_trap,10711 KIPP WAY HOUSTON TX,77099,OPEN,0,
2026-03-03,KIPP SW HS/MS/PS,Middle / Jr. High,inspection,10711 KIPP WAY HOUSTON TX,77099,OPEN,0,
2026-03-03,KIPP SW HS/MS/PS,Middle / Jr. High,grease_trap,10711 KIPP WAY HOUSTON TX,77099,OPEN,0,
2026-03-03,KIPP SW HS/MS/PS,Middle / Jr. High,inspection,10711 KIPP WAY HOUSTON TX,77099,OPEN,0,
2026-03-03,ASHFORD ELEMENTARY,Elementary,grease_trap,1815 SHANNON VALLEY HOUSTON TX,77077,OPEN,0,
2026-03-03,ASHFORD ELEMENTARY,Elementary,inspection,1815 SHANNON VALLEY HOUSTON TX,77077,OPEN,0,
2026-03-03,ASHFORD ELEMENTARY,Elementary,inspection,1815 SHANNON VALLEY HOUSTON TX,77077,OPEN,0,
2026-03-02,PARK PLACE ELEMENTARY,Elementary,inspection,8235 PARK PLACE HOUSTON TX,77017,OPEN,1,1 Houston Ordinance Violation: 6-202.15(A) (Violation)
2026-03-02,PARK PLACE ELEMENTARY,Elementary,inspection,8235 PARK PLACE HOUSTON TX,77017,OPEN,1,1 Houston Ordinance Violation: 6-501.11 (Violation)
2026-03-02,PARK PLACE ELEMENTARY,Elementary,grease_trap,8235 PARK PLACE HOUSTON TX,77017,OPEN,0,
2026-02-26,SEGUIN ELEMENTARY SCHOOL,Elementary,grease_trap,5905 WALTRIP HOUSTON TX,77087,OPEN,0,
2026-02-26,SEGUIN ELEMENTARY SCHOOL,Elementary,inspection,5905 WALTRIP HOUSTON TX,77087,OPEN,3,1 Houston Ordinance Violation: 4-402.11(A)(3) (Violation) | 2 Houston Ordinance Violation: 4-601.11(B) (Violation) | 3 Houston Ordinance Violation: 5-501.113 (Violation)
2026-02-26,RICK SCHNEIDER MIDDLE SCHOOL,Middle / Jr. High,inspection,8420 EASTHAVEN BLVD HOUSTON TX,77075,OPEN,0,
2026-02-26,RICK SCHNEIDER MIDDLE SCHOOL,Middle / Jr. High,inspection,8420 EASTHAVEN BLVD HOUSTON TX,77075,OPEN,0,
2026-02-26,RICK SCHNEIDER MIDDLE SCHOOL,Middle / Jr. High,grease_trap,8420 EASTHAVEN BLVD HOUSTON TX,77075,OPEN,0,
2026-02-26,LEWIS ELEMENTARY SCHOOL,Elementary,inspection,6745 TIPPERARY ST HOUSTON TX,77061,OPEN,0,
2026-02-26,LEWIS ELEMENTARY SCHOOL,Elementary,inspection,6745 TIPPERARY ST HOUSTON TX,77061,OPEN,0,
2026-02-26,LEWIS ELEMENTARY SCHOOL,Elementary,grease_trap,6745 TIPPERARY ST HOUSTON TX,77061,OPEN,0,
2026-02-26,JAMES DEANDA ELEMENTARY SCHOOL,Elementary,inspection,7980 ALMEDA GENOA RD HOUSTON TX,77075,OPEN,2,1 Houston Ordinance Violation: 4-501.11(A) (Violation) | 2 Houston Ordinance Violation: 6-501.11 (Violation)
2026-02-26,JAMES DEANDA ELEMENTARY SCHOOL,Elementary,inspection,7980 ALMEDA GENOA RD HOUSTON TX,77075,OPEN,0,
2026-02-26,JAMES DEANDA ELEMENTARY SCHOOL,Elementary,grease_trap,7980 ALMEDA GENOA RD HOUSTON TX,77075,OPEN,0,
2026-02-26,HASTINGS 9TH GRADE CENTER,Middle / Jr. High,inspection,6750 COOK HOUSTON TX,77072,OPEN,0,
2026-02-26,HASTINGS 9TH GRADE CENTER,Middle / Jr. High,grease_trap,6750 COOK HOUSTON TX,77072,OPEN,0,
2026-02-26,HASTINGS 9TH GRADE CENTER,Middle / Jr. High,inspection,6750 COOK HOUSTON TX,77072,OPEN,0,
2026-02-26,BLACK MIDDLE SCHOOL,Middle / Jr. High,grease_trap,1575 CHANTILLY HOUSTON TX,77018,OPEN,0,
2026-02-26,BLACK MIDDLE SCHOOL,Middle / Jr. High,inspection,1575 CHANTILLY HOUSTON TX,77018,OPEN,1,2 Houston Ordinance Violation: 6-301.14 (Violation)
2026-02-26,BLACK MIDDLE SCHOOL,Middle / Jr. High,inspection,1575 CHANTILLY HOUSTON TX,77018,OPEN,1,51 Houston Ordinance Violation: 5-501.113 (Violation Corrected On Site)
2026-02-26,ALIEF MIDDLE SCHOOL,Middle / Jr. High,inspection,4415 COOK HOUSTON TX,77072,OPEN,0,
2026-02-26,ALIEF MIDDLE SCHOOL,Middle / Jr. High,grease_trap,4415 COOK HOUSTON TX,77072,OPEN,0,
2026-02-26,ALIEF MIDDLE SCHOOL,Middle / Jr. High,inspection,4415 COOK HOUSTON TX,77072,OPEN,1,39 Houston Ordinance Violation: 4-903.11(B) (Violation Corrected On Site)
2026-02-26,A.A.M.A'S GEORGE I SANCHEZ H.S,Middle / Jr. High,inspection,6001 GULF FWY HOUSTON TX,77023,OPEN,2,1 Houston Ordinance Violation: 6-202.15(A) (Violation) | 2 Houston Ordinance Violation: 6-501.11 (Violation Repeat)
2026-02-26,A.A.M.A'S GEORGE I SANCHEZ H.S,Middle / Jr. High,inspection,6001 GULF FWY HOUSTON TX,77023,OPEN,1,52 Houston Ordinance Violation: 6-501.11 (Violation)
2026-02-26,A.A.M.A'S GEORGE I SANCHEZ H.S,Middle / Jr. High,grease_trap,6001 GULF FWY HOUSTON TX,77023,OPEN,0,
2026-02-25,GARDEN VILLAS ELEMENTARY,Elementary,inspection,7185 SANTA FE HOUSTON TX,77061,OPEN,2,42 Houston Ordinance Violation: 4-501.11(A) (Violation) | 51 Houston Ordinance Violation: 6-201.11 (Violation)
2026-02-25,GARDEN VILLAS ELEMENTARY,Elementary,inspection,7185 SANTA FE HOUSTON TX,77061,OPEN,0,
2026-02-25,GARDEN VILLAS ELEMENTARY,Elementary,grease_trap,7185 SANTA FE HOUSTON TX,77061,OPEN,0,
2026-02-25,DANIEL ORTIZ MIDDLE SCHOOL,Middle / Jr. High,inspection,6767 TELEPHONE HOUSTON TX,77061,OPEN,1,48 Houston Ordinance Violation: 5-202.13 (Violation)
2026-02-25,DANIEL ORTIZ MIDDLE SCHOOL,Middle / Jr. High,inspection,6767 TELEPHONE HOUSTON TX,77061,OPEN,0,
2026-02-25,DANIEL ORTIZ MIDDLE SCHOOL,Middle / Jr. High,grease_trap,6767 TELEPHONE HOUSTON TX,77061,OPEN,0,
2026-02-24,GREENTREE ELEMENTARY,Elementary,inspection,3502 BROOKSHADOW DR KINGWOOD TX,77345,OPEN,1,51 Houston Ordinance Violation: 6-201.17(A) (Violation Repeat)
2026-02-24,GREENTREE ELEMENTARY,Elementary,grease_trap,3502 BROOKSHADOW DR KINGWOOD TX,77345,OPEN,0,
2026-02-23,TREASURE FOREST ELEMENTARY,Elementary,grease_trap,7635 AMELIA HOUSTON TX,77055,OPEN,1,1 Houston Ordinance Violation: 47-512(b) (Violation)
2026-02-23,TREASURE FOREST ELEMENTARY,Elementary,inspection,7635 AMELIA HOUSTON TX,77055,OPEN,2,1 Houston Ordinance Violation: 20-21.21(b) (Violation) | 2 Houston Ordinance Violation: 20-36(a) (Violation)
2026-02-23,THORNWOOD ELEMENTARY SCHOOL,Elementary,inspection,14400 FERN HOUSTON TX,77079,OPEN,0,
2026-02-23,THORNWOOD ELEMENTARY SCHOOL,Elementary,inspection,14400 FERN HOUSTON TX,77079,OPEN,0,
2026-02-23,THORNWOOD ELEMENTARY SCHOOL,Elementary,grease_trap,14400 FERN HOUSTON TX,77079,OPEN,0,
2026-02-23,STRATFORD SR HIGH SCHOOL,High School,inspection,14555 FERN HOUSTON TX,77079,OPEN,0,
2026-02-23,STRATFORD SR HIGH SCHOOL,High School,grease_trap,14555 FERN HOUSTON TX,77079,OPEN,0,
2026-02-23,STRATFORD SR HIGH SCHOOL,High School,inspection,14555 FERN HOUSTON TX,77079,OPEN,2,1 Houston Ordinance Violation: 20-21.03(c)(02) (Violation Corrected On Site) | 2 Houston Ordinance Violation: 20-21.08(f) (Violation Corrected On Site)
2026-02-23,SOUTH EARLY COLLEGE HIGH SCHOOL,High School,inspection,1930 AIRPORT BLVD HOUSTON TX,77051,OPEN,3,1 Houston Ordinance Violation: 20-21.10(m) (Violation) | 2 Houston Ordinance Violation: 20-21.18(d) (Violation) | 3 Houston Ordinance Violation: 20-21.19(b) (Violation)
2026-02-23,SOUTH EARLY COLLEGE HIGH SCHOOL,High School,inspection,1930 AIRPORT BLVD HOUSTON TX,77051,OPEN,3,1 Houston Ordinance Violation: 20-21.20(a)(03) (Violation) | 2 Houston Ordinance Violation: 20-21.23(g) (Violation) | 3 Houston Ordinance Violation: 20-21.25(a) (Violation)
2026-02-23,SOUTH EARLY COLLEGE HIGH SCHOOL,High School,grease_trap,1930 AIRPORT BLVD HOUSTON TX,77051,OPEN,0,
2026-02-23,PROVISION MIDDLE SCHOOL,Middle / Jr. High,inspection,4590 WILMINGTON HOUSTON TX,77051,OPEN,1,1 Houston Ordinance Violation: 20-21.10(m) (Violation Repeat)
2026-02-23,PROVISION MIDDLE SCHOOL,Middle / Jr. High,inspection,4590 WILMINGTON HOUSTON TX,77051,OPEN,7,1 Houston Ordinance Violation: 20-20(c) (Violation) | 2 Houston Ordinance Violation: 20-21.03(b)(10)b (Violation Corrected On Site) | 3 Houston Ordinance Violation: 20-21.10(m) (Violation) | 4 Houston Ordinance Violation: 20-21.17(c) (Violation) | 5 Houston Ordinance Violation: 20-21.17(a) (Violation) | 6 Houston Ordinance Violation: 20-21.20(a)(03) (Violation) | 7 Houston Ordinance Violation: 20-21.21(b) (Violation)
2026-02-23,PROVISION MIDDLE SCHOOL,Middle / Jr. High,grease_trap,4590 WILMINGTON HOUSTON TX,77051,OPEN,1,1 Houston Ordinance Violation: 47-522 (Violation)
2026-02-23,BLACK ELEMENTARY,Elementary,inspection,160 MILLSTREAM HOUSTON TX,77060,OPEN,4,1 Houston Ordinance Violation: 20-21.11(a)(07) (Violation Repeat) | 2 Houston Ordinance Violation: 20-21.22(a) (Violation) | 3 Houston Ordinance Violation: 20-21.23(g) (Violation) | 4 Houston Ordinance Violation: 20-21.28(a)(03) (Violation)
2026-02-23,BLACK ELEMENTARY,Elementary,grease_trap,160 MILLSTREAM HOUSTON TX,77060,OPEN,0,
2026-02-20,JANOWSKI ELEMENTARY SCHOOL,Elementary,inspection,7500 BAUMAN HOUSTON TX,77022,OPEN,5,1 Houston Ordinance Violation: 20-21.05(a) (Violation Corrected On Site) | 2 Houston Ordinance Violation: 20-21.10(m) (Violation) | 3 Houston Ordinance Violation: 20-21.19(a) (Violation) | 4 Houston Ordinance Violation: 20-21.23(g) (Violation) | 5 Houston Ordinance Violation: 20-21.27(b) (Violation Corrected On Site)
2026-02-20,JANOWSKI ELEMENTARY SCHOOL,Elementary,grease_trap,7500 BAUMAN HOUSTON TX,77022,OPEN,0,
2026-02-20,ASKEW ELEMENTARY,Elementary,grease_trap,11200 WOOD LODGE HOUSTON TX,77077,OPEN,0,
2026-02-20,ASKEW ELEMENTARY,Elementary,inspection,11200 WOOD LODGE HOUSTON TX,77077,OPEN,0,
2026-02-20,ASKEW ELEMENTARY,Elementary,inspection,11200 WOOD LODGE HOUSTON TX,77077,OPEN,0,
2026-02-19,YES PREP HOBBY ELEMENTARY,Elementary,inspection,7660 HANSEN RD HOUSTON TX,77061,OPEN,0,
2026-02-19,YES PREP HOBBY ELEMENTARY,Elementary,inspection,7660 HANSEN RD HOUSTON TX,77061,OPEN,0,
2026-02-19,BARBARA BUSH ELEMENTARY SCHOOL,Elementary,grease_trap,13800 WESTERLOCH HOUSTON TX,77077,OPEN,0,
2026-02-19,BARBARA BUSH ELEMENTARY SCHOOL,Elementary,inspection,13800 WESTERLOCH HOUSTON TX,77077,OPEN,0,
2026-02-19,BARBARA BUSH ELEMENTARY SCHOOL,Elementary,inspection,13800 WESTERLOCH HOUSTON TX,77077,OPEN,0,
2026-02-18,WOODLAND HILLS ELEMENTARY,Elementary,inspection,2222 TREE LANE HOUSTON TX,77339,OPEN,3,1 Houston Ordinance Violation: 20-21.11(a)(07) (Violation) | 2 Houston Ordinance Violation: 20-21.20(a)(05) (Violation) | 3 Houston Ordinance Violation: 20-21.20(h) (Violation)
2026-02-18,WOODLAND HILLS ELEMENTARY,Elementary,grease_trap,2222 TREE LANE HOUSTON TX,77339,OPEN,0,
2026-02-18,WEST BRIAR MIDDLE SCHOOL,Middle / Jr. High,grease_trap,13733 BRIMHURST DR HOUSTON TX,77077,OPEN,0,
2026-02-18,WEST BRIAR MIDDLE SCHOOL,Middle / Jr. High,inspection,13733 BRIMHURST DR HOUSTON TX,77077,OPEN,0,
2026-02-18,WEST BRIAR MIDDLE SCHOOL,Middle / Jr. High,inspection,13733 BRIMHURST DR HOUSTON TX,77077,OPEN,0,
2026-02-18,MARCELLA ELEMENTARY,Middle / Jr. High,inspection,16250 COTILLION DR HOUSTON TX,77060,OPEN,4,1 Houston Ordinance Violation: 20-21.10(a) (Violation) | 2 Houston Ordinance Violation: 20-21.11(a)(07) (Violation) | 3 Houston Ordinance Violation: 20-21.23(g) (Violation Repeat) | 4 Houston Ordinance Violation: 20-21.23(a) (Violation)
2026-02-18,MARCELLA ELEMENTARY,Middle / Jr. High,grease_trap,16250 COTILLION DR HOUSTON TX,77060,OPEN,0,
2026-02-18,DREW ACADEMY,Middle / Jr. High,inspection,1910 W LITTLE YORK RD HOUSTON TX,77091,OPEN,1,1 Houston Ordinance Violation: 20-21.10(m) (Violation)
2026-02-18,DREW ACADEMY,Middle / Jr. High,grease_trap,1910 W LITTLE YORK RD HOUSTON TX,77091,OPEN,0,
2026-02-17,SHADOW FOREST ELEMENTARY,Elementary,inspection,2300 MILLS BRANCH DR HUMBLE TX,77345,OPEN,3,1 Houston Ordinance Violation: 20-21.11(a)(07) (Violation) | 2 Houston Ordinance Violation: 20-21.22(a) (Violation Repeat) | 3 Houston Ordinance Violation: 20-21.23(g) (Violation Repeat)
2026-02-17,SHADOW FOREST ELEMENTARY,Elementary,grease_trap,2300 MILLS BRANCH DR HUMBLE TX,77345,OPEN,1,1 Houston Ordinance Violation: 47-512(b) (Violation)
2026-02-12,FOSTER ELEMENTARY SCHOOL,Elementary,inspection,3919 WARD HOUSTON TX,77021,OPEN,1,1 Houston Ordinance Violation: 20-53(a) (Violation)
2026-02-12,FOSTER ELEMENTARY SCHOOL,Elementary,grease_trap,3919 WARD HOUSTON TX,77021,OPEN,0,
2026-02-12,DEZAVALA ELEMENTARY,Middle / Jr. High,inspection,7521 AVENUE H HOUSTON TX,77012,OPEN,1,1 Houston Ordinance Violation: 20-21.21(b) (Violation Repeat)
2026-02-12,DEZAVALA ELEMENTARY,Middle / Jr. High,inspection,7521 AVENUE H HOUSTON TX,77012,OPEN,2,1 Houston Ordinance Violation: 20-21.21(b) (Violation) | 2 Houston Ordinance Violation: 20-21.22(a) (Violation)
2026-02-12,DEZAVALA ELEMENTARY,Middle / Jr. High,grease_trap,7521 AVENUE H HOUSTON TX,77012,OPEN,0,
2026-02-11,THOMPSON ELEMENTARY SCHOOL,Elementary,inspection,6121 TIERWESTER HOUSTON TX,77021,OPEN,1,1 Houston Ordinance Violation: 20-21.23(g) (Violation)
2026-02-11,THOMPSON ELEMENTARY SCHOOL,Elementary,grease_trap,6121 TIERWESTER HOUSTON TX,77021,OPEN,0,
2026-02-11,CAGE ELEMENTARY,Elementary,inspection,4520 LEELAND HOUSTON TX,77023,OPEN,2,1 Houston Ordinance Violation: 20-21.22(a) (Violation Repeat) | 2 Houston Ordinance Violation: 20-21.23(a) (Violation Repeat)
2026-02-11,CAGE ELEMENTARY,Elementary,inspection,4520 LEELAND HOUSTON TX,77023,OPEN,2,1 Houston Ordinance Violation: 20-21.21(b) (Violation) | 2 Houston Ordinance Violation: 20-21.23(a) (Violation)
2026-02-11,CAGE ELEMENTARY,Elementary,grease_trap,4520 LEELAND HOUSTON TX,77023,OPEN,0,
2026-02-10,YES PREP EAST END-ELEMENTARY,Elementary,inspection,8329 LAWNDALE ST HOUSTON TX,77012,OPEN,0,
2026-02-10,YES PREP EAST END-ELEMENTARY,Elementary,inspection,8329 LAWNDALE ST HOUSTON TX,77012,OPEN,0,
2026-02-10,YES PREP EAST END SECONDARY,Middle / Jr. High,inspection,8401 LAWNDALE ST LAWNDALE TX,77012,OPEN,2,1 Houston Ordinance Violation: 20-21.10(a) (Violation) | 2 Houston Ordinance Violation: 20-21.23(a) (Violation)
2026-02-10,YES PREP EAST END SECONDARY,Middle / Jr. High,inspection,8401 LAWNDALE ST LAWNDALE TX,77012,OPEN,0,
2026-02-10,SHADOWBRIAR SCHOOL,Elementary,grease_trap,2650 SHADOWBRIAR HOUSTON TX,77077,OPEN,0,
2026-02-10,SHADOWBRIAR SCHOOL,Elementary,inspection,2650 SHADOWBRIAR HOUSTON TX,77077,OPEN,0,
2026-02-10,SHADOWBRIAR SCHOOL,Elementary,inspection,2650 SHADOWBRIAR HOUSTON TX,77077,OPEN,1,1 Houston Ordinance Violation: 20-21.21(b) (Violation)
2026-02-10,PETERSON ELEMENTARY SCHOOL,Elementary,inspection,14404 WATERLOO HOUSTON TX,77045,OPEN,3,1 Houston Ordinance Violation: 20-21.10(m) (Violation Repeat) | 2 Houston Ordinance Violation: 20-21.18(d) (Violation) | 3 Houston Ordinance Violation: 20-21.19(b) (Violation)
2026-02-10,PETERSON ELEMENTARY SCHOOL,Elementary,inspection,14404 WATERLOO HOUSTON TX,77045,OPEN,5,1 Houston Ordinance Violation: 20-21.10(m) (Violation) | 2 Houston Ordinance Violation: 20-21.10(a) (Violation) | 3 Houston Ordinance Violation: 20-21.20(a)(03) (Violation) | 4 Houston Ordinance Violation: 20-21.23(g) (Violation) | 5 Houston Ordinance Violation: 20-21.25(a) (Violation)
2026-02-10,PETERSON ELEMENTARY SCHOOL,Elementary,grease_trap,14404 WATERLOO HOUSTON TX,77045,OPEN,0,
2026-02-10,OUTLEY ELEMENTARY,Elementary,inspection,12355 RICHMOND HOUSTON TX,77082,OPEN,1,1 Houston Ordinance Violation: 20-21.14(b)(02) (Violation Corrected On Site)
2026-02-10,OUTLEY ELEMENTARY,Elementary,grease_trap,12355 RICHMOND HOUSTON TX,77082,OPEN,0,
2026-02-10,MAHANAY ELEMENTARY SCHOOL,Elementary,inspection,13215 HIGH STAR HOUSTON TX,77083,OPEN,0,
2026-02-10,MAHANAY ELEMENTARY SCHOOL,Elementary,grease_trap,13215 HIGH STAR HOUSTON TX,77083,OPEN,0,
2026-02-10,MAHANAY ELEMENTARY SCHOOL,Elementary,inspection,13215 HIGH STAR HOUSTON TX,77083,OPEN,2,1 Houston Ordinance Violation: 20-21.03(c)(02) (Violation Corrected On Site) | 2 Houston Ordinance Violation: 20-21.19(g) (Violation)
2026-02-10,HOBBY ELEMENTARY SCHOOL,Elementary,inspection,4021 WOODMONT HOUSTON TX,77045,OPEN,3,1 Houston Ordinance Violation: 20-21.10(m) (Violation Repeat) | 2 Houston Ordinance Violation: 20-21.19(b) (Violation) | 3 Houston Ordinance Violation: 20-21.22(a) (Violation Repeat)
2026-02-10,HOBBY ELEMENTARY SCHOOL,Elementary,inspection,4021 WOODMONT HOUSTON TX,77045,OPEN,6,1 Houston Ordinance Violation: 20-21.10(m) (Violation) | 2 Houston Ordinance Violation: 20-21.11(a)(07) (Violation) | 3 Houston Ordinance Violation: 20-21.20(a)(03) (Violation) | 4 Houston Ordinance Violation: 20-21.21(a) (Violation) | 5 Houston Ordinance Violation: 20-21.22(a) (Violation) | 6 Houston Ordinance Violation: 20-21.23(a) (Violation)
2026-02-10,HOBBY ELEMENTARY SCHOOL,Elementary,grease_trap,4021 WOODMONT HOUSTON TX,77045,OPEN,0,
2026-02-10,HEROD ELEMENTARY,Elementary,grease_trap,5627 JASON ST HOUSTON TX,77096,OPEN,0,
2026-02-10,HEROD ELEMENTARY,Elementary,inspection,5627 JASON ST HOUSTON TX,77096,OPEN,3,1 Houston Ordinance Violation: 20-21.03(a)(02) (Violation Corrected On Site) | 2 Houston Ordinance Violation: 20-21.20(a)(03) (Violation) | 3 Houston Ordinance Violation: 20-21.21(b) (Violation)
2026-02-10,"HARRIS ELEMENTARY, JR.",Elementary,inspection,801 BROADWAY HOUSTON TX,77012,OPEN,0,
2026-02-10,"HARRIS ELEMENTARY, JR.",Elementary,inspection,801 BROADWAY HOUSTON TX,77012,OPEN,4,1 Houston Ordinance Violation: 20-21.10(a) (Violation Repeat) | 2 Houston Ordinance Violation: 20-21.22(a) (Violation) | 3 Houston Ordinance Violation: 20-21.23(a) (Violation) | 4 Houston Ordinance Violation: 20-21.28(a)(01) (Violation Repeat)
2026-02-10,"HARRIS ELEMENTARY, JR.",Elementary,grease_trap,801 BROADWAY HOUSTON TX,77012,OPEN,0,
2026-02-09,MARTIN ELEMENTARY SCHOOL,Elementary,inspection,11718 HENDON HOUSTON TX,77072,OPEN,0,
2026-02-09,MARTIN ELEMENTARY SCHOOL,Elementary,grease_trap,11718 HENDON HOUSTON TX,77072,OPEN,0,
2026-02-09,MARTIN ELEMENTARY SCHOOL,Elementary,inspection,11718 HENDON HOUSTON TX,77072,OPEN,0,
2026-02-09,JEAN HINES CALDWELL ELEMENTARY,Elementary,inspection,5515 W OREM HOUSTON TX,77085,OPEN,3,1 Houston Ordinance Violation: 20-21.18(d) (Violation) | 2 Houston Ordinance Violation: 20-21.19(d) (Violation) | 3 Houston Ordinance Violation: 20-21.19(b) (Violation)
2026-02-09,JEAN HINES CALDWELL ELEMENTARY,Elementary,inspection,5515 W OREM HOUSTON TX,77085,OPEN,5,1 Houston Ordinance Violation: 20-21.10(a) (Violation) | 2 Houston Ordinance Violation: 20-21.21(b) (Violation) | 3 Houston Ordinance Violation: 20-21.22(f) (Violation) | 4 Houston Ordinance Violation: 20-21.23(a) (Violation) | 5 Houston Ordinance Violation: 20-21.23(g) (Violation)
2026-02-09,JEAN HINES CALDWELL ELEMENTARY,Elementary,grease_trap,5515 W OREM HOUSTON TX,77085,OPEN,0,
2026-02-09,"HENDERSON ELEMENTARY, J.P.",Middle / Jr. High,inspection,1800 DISMUKE HOUSTON TX,77023,OPEN,1,1 Houston Ordinance Violation: 20-21.21(b) (Violation)
2026-02-09,"HENDERSON ELEMENTARY, J.P.",Middle / Jr. High,inspection,1800 DISMUKE HOUSTON TX,77023,OPEN,1,1 Houston Ordinance Violation: 20-21.23(a) (Violation)
2026-02-09,"HENDERSON ELEMENTARY, J.P.",Middle / Jr. High,grease_trap,1800 DISMUKE HOUSTON TX,77023,OPEN,0,
2026-02-09,CHANCELLOR ELEMENTARY SCHOOL,Elementary,inspection,4350 BOONE HOUSTON TX,77072,OPEN,0,
2026-02-09,CHANCELLOR ELEMENTARY SCHOOL,Elementary,inspection,4350 BOONE HOUSTON TX,77072,OPEN,0,
2026-02-09,CHANCELLOR ELEMENTARY SCHOOL,Elementary,grease_trap,4350 BOONE HOUSTON TX,77072,OPEN,0,
2026-02-06,DAILY ELEMENTARY,Elementary,inspection,12909 BRIAR FOREST DR HOUSTON TX,77077,OPEN,1,1 Houston Ordinance Violation: 20-21.11(a)(13) (Violation Corrected On Site)
2026-02-05,LIESTMANN ELEMENTARY SCHOOL,Elementary,inspection,7610 SYNOTT HOUSTON TX,77082,OPEN,0,
2026-02-05,LIESTMANN ELEMENTARY SCHOOL,Elementary,inspection,7610 SYNOTT HOUSTON TX,77082,OPEN,0,
2026-02-05,LIESTMANN ELEMENTARY SCHOOL,Elementary,grease_trap,7610 SYNOTT HOUSTON TX,77082,OPEN,0,
2026-02-05,LANDIS ELEMENTARY SCHOOL,Elementary,inspection,10255 SPICE LN HOUSTON TX,77072,OPEN,0,
2026-02-05,LANDIS ELEMENTARY SCHOOL,Elementary,inspection,10255 SPICE LN HOUSTON TX,77072,OPEN,0,
2026-02-05,LANDIS ELEMENTARY SCHOOL,Elementary,grease_trap,10255 SPICE LN HOUSTON TX,77072,OPEN,0,
2026-02-05,HOUSTON ACADEMY,Middle / Jr. High,inspection,8103 CARVER HOUSTON TX,77088,OPEN,3,1 Houston Ordinance Violation: 20-21.11(a)(07) (Violation) | 2 Houston Ordinance Violation: 20-21.12(e)(08) (Violation Corrected On Site) | 3 Houston Ordinance Violation: 20-56(a) (Violation)
2026-02-05,HOUSTON ACADEMY,Middle / Jr. High,grease_trap,8103 CARVER HOUSTON TX,77088,OPEN,0,
2026-02-04,YOUENS ELEMENTARY SCHOOL,Elementary,inspection,12141 HIGH STAR HOUSTON TX,77072,OPEN,0,
2026-02-04,YOUENS ELEMENTARY SCHOOL,Elementary,grease_trap,12141 HIGH STAR HOUSTON TX,77072,OPEN,0,
2026-02-04,YOUENS ELEMENTARY SCHOOL,Elementary,inspection,12141 HIGH STAR HOUSTON TX,77072,OPEN,2,1 Houston Ordinance Violation: 20-21.03(c)(02) (Violation Corrected On Site) | 2 Houston Ordinance Violation: 20-21.14(b)(02) (Violation Corrected On Site)
2026-02-04,SOUTHMAYD ELEM SCHOOL,Elementary,inspection,1800 CORAL HOUSTON TX,77012,OPEN,1,1 Houston Ordinance Violation: 20-21.21(b) (Violation)
2026-02-04,SOUTHMAYD ELEM SCHOOL,Elementary,inspection,1800 CORAL HOUSTON TX,77012,OPEN,0,
2026-02-04,SOUTHMAYD ELEM SCHOOL,Elementary,grease_trap,1800 CORAL HOUSTON TX,77012,OPEN,0,
2026-02-04,GARCIA ELEMENTARY SCHOOL,Elementary,inspection,9550 ALDINE WESTFIELD HOUSTON TX,77093,OPEN,4,1 Houston Ordinance Violation: 20-21.10(m) (Violation Repeat) | 2 Houston Ordinance Violation: 20-21.11(c)(03) (Violation Corrected On Site) | 3 Houston Ordinance Violation: 20-21.11(a)(07) (Violation) | 4 Houston Ordinance Violation: 20-21.23(a) (Violation)
2026-02-04,GARCIA ELEMENTARY SCHOOL,Elementary,grease_trap,9550 ALDINE WESTFIELD HOUSTON TX,77093,OPEN,0,
2026-02-04,COLLINS ELEMENTARY SCHOOL,Elementary,inspection,9829 TOWN PARK HOUSTON TX,77036,OPEN,0,
2026-02-04,COLLINS ELEMENTARY SCHOOL,Elementary,grease_trap,9829 TOWN PARK HOUSTON TX,77036,OPEN,0,
2026-02-04,COLLINS ELEMENTARY SCHOOL,Elementary,inspection,9829 TOWN PARK HOUSTON TX,77036,OPEN,0,
2026-02-03,SHARPSTOWN  INTERNATIONAL,Middle / Jr. High,inspection,8330 TRIOLA HOUSTON TX,77036,OPEN,0,
2026-02-03,SHARPSTOWN  INTERNATIONAL,Middle / Jr. High,grease_trap,8330 TRIOLA HOUSTON TX,77036,OPEN,0,
2026-02-03,SHARPSTOWN  INTERNATIONAL,Middle / Jr. High,inspection,8330 TRIOLA HOUSTON TX,77036,OPEN,1,1 Houston Ordinance Violation: 20-21.11(a)(13) (Violation Corrected On Site)
2026-02-03,OLLE MIDDLE SCHOOL,Middle / Jr. High,grease_trap,9200 BOONE HOUSTON TX,77099,OPEN,1,1 Houston Ordinance Violation: 47-512(b) (Violation)
2026-02-03,OLLE MIDDLE SCHOOL,Middle / Jr. High,inspection,9200 BOONE HOUSTON TX,77099,OPEN,0,
2026-02-03,OLLE MIDDLE SCHOOL,Middle / Jr. High,inspection,9200 BOONE HOUSTON TX,77099,OPEN,1,1 Houston Ordinance Violation: 20-21.20(a)(03) (Violation)
2026-02-03,DAVILA ELEMENTARY,Elementary,inspection,7610 DAHLIA HOUSTON TX,77012,OPEN,1,1 Houston Ordinance Violation: 20-21.21(b) (Violation Repeat)
2026-02-03,DAVILA ELEMENTARY,Elementary,inspection,7610 DAHLIA HOUSTON TX,77012,OPEN,2,1 Houston Ordinance Violation: 20-21.10(a) (Violation Repeat) | 2 Houston Ordinance Violation: 20-21.22(a) (Violation Repeat)
2026-02-03,DAVILA ELEMENTARY,Elementary,grease_trap,7610 DAHLIA HOUSTON TX,77012,OPEN,0,
2026-02-03,BOONE ELEMENTARY SCHOOL,Elementary,grease_trap,11400 BISSONNET HOUSTON TX,77099,OPEN,1,1 Houston Ordinance Violation: 47-512(b) (Violation)
2026-02-03,BOONE ELEMENTARY SCHOOL,Elementary,inspection,11400 BISSONNET HOUSTON TX,77099,OPEN,0,
2026-02-03,BOONE ELEMENTARY SCHOOL,Elementary,inspection,11400 BISSONNET HOUSTON TX,77099,OPEN,0,
2026-02-02,SMITH ELEMENTARY SCHOOL,Elementary,inspection,11300 STANCLIFF HOUSTON TX,77099,OPEN,0,
2026-02-02,SMITH ELEMENTARY SCHOOL,Elementary,grease_trap,11300 STANCLIFF HOUSTON TX,77099,OPEN,0,
2026-02-02,SMITH ELEMENTARY SCHOOL,Elementary,inspection,11300 STANCLIFF HOUSTON TX,77099,OPEN,0,
2026-02-02,CARAWAY ELEMENTARY,Middle / Jr. High,inspection,3031 ELLINGTON HOUSTON TX,77088,OPEN,1,1 Houston Ordinance Violation: 20-21.11(a)(02) (Violation Corrected On Site)
2026-02-02,CARAWAY ELEMENTARY,Middle / Jr. High,grease_trap,3031 ELLINGTON HOUSTON TX,77088,OPEN,0,
2026-02-02,BETTY BEST ELEMENTARY SCHOOL,Elementary,inspection,10000 CENTRE PKWY HOUSTON TX,77036,OPEN,0,
2026-02-02,BETTY BEST ELEMENTARY SCHOOL,Elementary,grease_trap,10000 CENTRE PKWY HOUSTON TX,77036,OPEN,0,
2026-02-02,BETTY BEST ELEMENTARY SCHOOL,Elementary,inspection,10000 CENTRE PKWY HOUSTON TX,77036,OPEN,0,
2026-01-30,GLADYS BIRDWELL-HORN ELEMENTARY SCHOOL,Elementary,grease_trap,10734 BISSONNET ST HOUSTON TX,77099,OPEN,1,1 Houston Ordinance Violation: 47-512(b) (Violation)
2026-01-30,GLADYS BIRDWELL-HORN ELEMENTARY SCHOOL,Elementary,inspection,10734 BISSONNET ST HOUSTON TX,77099,OPEN,0,
2026-01-30,GLADYS BIRDWELL-HORN ELEMENTARY SCHOOL,Elementary,inspection,10734 BISSONNET ST HOUSTON TX,77099,OPEN,0,
2026-01-29,GROSS ELEMENTARY SCHOOL,Elementary,inspection,12583 S GESSNER HOUSTON TX,77071,OPEN,0,
2026-01-29,GROSS ELEMENTARY SCHOOL,Elementary,grease_trap,12583 S GESSNER HOUSTON TX,77071,OPEN,0,
2026-01-29,GROSS ELEMENTARY SCHOOL,Elementary,inspection,12583 S GESSNER HOUSTON TX,77071,OPEN,1,1 Houston Ordinance Violation: 20-21.03(c)(02) (Violation Corrected On Site)
2026-01-29,ANDERSON ACADEMY,Elementary,inspection,7401 WHEATLEY HOUSTON TX,77088,OPEN,3,1 Houston Ordinance Violation: 20-21.10(m) (Violation) | 2 Houston Ordinance Violation: 20-21.11(a)(07) (Violation) | 3 Houston Ordinance Violation: 20-21.12(e)(08) (Violation Repeat)
2026-01-29,ANDERSON ACADEMY,Elementary,grease_trap,7401 WHEATLEY HOUSTON TX,77088,OPEN,0,
2026-01-28,SEMILLA'S PRE SCHOOL,Elementary,inspection,5226 ELM ST HOUSTON TX,77081,OPEN,0,
2026-01-28,SEMILLA'S PRE SCHOOL,Elementary,inspection,5226 ELM ST HOUSTON TX,77081,OPEN,13,1 Houston Ordinance Violation: 20-21.10(a) (Violation) | 2 Houston Ordinance Violation: 20-21.10(m) (Violation) | 3 Houston Ordinance Violation: 20-21.10(f) (Violation) | 4 Houston Ordinance Violation: 20-21.10(k)(02) (Violation) | 5 Houston Ordinance Violation: 20-21.11(a)(07) (Violation) | 6 Houston Ordinance Violation: 20-21.15(c) (Violation Corrected On Site) | 7 Houston Ordinance Violation: 20-21.19(g) (Violation) | 8 Houston Ordinance Violation: 20-21.19(b) (Violation Corrected On Site) | 9 Houston Ordinance Violation: 20-21.19(c) (Violation) | 10 Houston Ordinance Violation: 20-21.23(a) (Violation) | 11 Houston Ordinance Violation: 20-26(c) (Violation) | 12 Houston Ordinance Violation: 21-244(b) (Violation) | 13 Houston Ordinance Violation: 21-244(a) (Violation)
2026-01-28,NEFF EARLY LEARNING CENTER,Elementary,inspection,8200 CARVEL HOUSTON TX,77036,OPEN,0,
2026-01-28,NEFF EARLY LEARNING CENTER,Elementary,grease_trap,8200 CARVEL HOUSTON TX,77036,OPEN,0,
2026-01-28,NEFF EARLY LEARNING CENTER,Elementary,inspection,8200 CARVEL HOUSTON TX,77036,OPEN,1,1 Houston Ordinance Violation: 20-21.21(b) (Violation Repeat)
2026-01-27,HOGG JR HIGH SCHOOL,Middle / Jr. High,inspection,1100 MERRILL HOUSTON TX,77009,OPEN,2,1 Houston Ordinance Violation: 20-21.21(a)(02) (Violation) | 2 Houston Ordinance Violation: 20-21.23(a) (Violation)
2026-01-27,HOGG JR HIGH SCHOOL,Middle / Jr. High,inspection,1100 MERRILL HOUSTON TX,77009,OPEN,3,1 Houston Ordinance Violation: 20-21.10(a) (Violation) | 2 Houston Ordinance Violation: 20-21.11(a)(07) (Violation) | 3 Houston Ordinance Violation: 20-21.20(b)(03) (Violation Repeat)
2026-01-27,HOGG JR HIGH SCHOOL,Middle / Jr. High,grease_trap,1100 MERRILL HOUSTON TX,77009,OPEN,0,
2026-01-27,HENRY MIDDLE SCHOOL,Middle / Jr. High,inspection,10702 E HARDY HOUSTON TX,77093,OPEN,7,1 Houston Ordinance Violation: 20-21.11(a)(07) (Violation) | 2 Houston Ordinance Violation: 20-21.11(c)(03) (Violation Corrected On Site) | 3 Houston Ordinance Violation: 20-21.20(a)(03) (Violation) | 4 Houston Ordinance Violation: 20-21.21(a)(02) (Violation Corrected On Site) | 5 Houston Ordinance Violation: 20-21.22(a) (Violation) | 6 Houston Ordinance Violation: 20-21.23(g) (Violation Repeat) | 7 Houston Ordinance Violation: 20-21.23(a) (Violation)
2026-01-27,HENRY MIDDLE SCHOOL,Middle / Jr. High,grease_trap,10702 E HARDY HOUSTON TX,77093,OPEN,0,
2026-01-27,EASTWOOD ACADEMY,Middle / Jr. High,inspection,1315 DUMBLE ST HOUSTON TX,77023,OPEN,1,1 Houston Ordinance Violation: 20-21.21(b) (Violation Repeat)
2026-01-27,EASTWOOD ACADEMY,Middle / Jr. High,inspection,1315 DUMBLE ST HOUSTON TX,77023,OPEN,3,1 Houston Ordinance Violation: 20-21.10(m) (Violation) | 2 Houston Ordinance Violation: 20-21.21(b) (Violation) | 3 Houston Ordinance Violation: 20-21.23(a) (Violation)
2026-01-27,EASTWOOD ACADEMY,Middle / Jr. High,grease_trap,1315 DUMBLE ST HOUSTON TX,77023,OPEN,0,
2026-01-27,BUSH ELEMENTARY,Elementary,inspection,9730 STROUD HOUSTON TX,77036,OPEN,0,
2026-01-27,BUSH ELEMENTARY,Elementary,grease_trap,9730 STROUD HOUSTON TX,77036,OPEN,0,
2026-01-27,BUSH ELEMENTARY,Elementary,inspection,9730 STROUD HOUSTON TX,77036,OPEN,0,
2026-01-23,OSBORNE ELEMENTARY,Elementary,inspection,800 RINGOLD ST HOUSTON TX,77088,OPEN,4,1 Houston Ordinance Violation: 20-21.03(a)(03) (Violation Repeat) | 2 Houston Ordinance Violation: 20-21.09(d) (Violation Corrected On Site) | 3 Houston Ordinance Violation: 20-21.11(a)(07) (Violation) | 4 Houston Ordinance Violation: 20-21.12(d) (Violation)
2026-01-23,OSBORNE ELEMENTARY,Elementary,grease_trap,800 RINGOLD ST HOUSTON TX,77088,OPEN,0,
2026-01-23,LOCKHART TURNER ELEMENTARY,Elementary,inspection,3200 ROSEDALE HOUSTON TX,77004,OPEN,2,1 Houston Ordinance Violation: 20-21.03(a)(02) (Violation) | 2 Houston Ordinance Violation: 20-21.10(a) (Violation)
2026-01-23,LOCKHART TURNER ELEMENTARY,Elementary,inspection,3200 ROSEDALE HOUSTON TX,77004,OPEN,1,1 Houston Ordinance Violation: 20-21.23(a) (Violation)
2026-01-23,LOCKHART TURNER ELEMENTARY,Elementary,grease_trap,3200 ROSEDALE HOUSTON TX,77004,OPEN,0,
2026-01-21,NEFF ELEMENTARY SCHOOL,Elementary,inspection,8301 NEFF HOUSTON TX,77036,OPEN,0,
2026-01-21,NEFF ELEMENTARY SCHOOL,Elementary,grease_trap,8301 NEFF HOUSTON TX,77036,OPEN,0,
2026-01-21,NEFF ELEMENTARY SCHOOL,Elementary,inspection,8301 NEFF HOUSTON TX,77036,OPEN,1,1 Houston Ordinance Violation: 20-21.23(b) (Violation Repeat)
2026-01-20,ST. FRANCIS EPISCOPAL DAY SCHOOL/LIFE CENTER,High School,inspection,2300 S PINEY POINT RD HOUSTON TX,77063,OPEN,0,
2026-01-20,ST. FRANCIS EPISCOPAL DAY SCHOOL/LIFE CENTER,High School,inspection,2300 S PINEY POINT RD HOUSTON TX,77063,OPEN,2,1 Houston Ordinance Violation: 20-21.25(a) (Violation) | 2 Houston Ordinance Violation: 20-36(a) (Violation)
2026-01-20,HARRIS ACADEMY,Elementary,inspection,3130 HOLDER FOREST DR HOUSTON TX,77088,OPEN,3,1 Houston Ordinance Violation: 20-21.05(a) (Violation Corrected On Site Repeat) | 2 Houston Ordinance Violation: 20-21.10(m) (Violation) | 3 Houston Ordinance Violation: 20-21.11(a)(07) (Violation)
2026-01-20,HARRIS ACADEMY,Elementary,grease_trap,3130 HOLDER FOREST DR HOUSTON TX,77088,OPEN,0,
2026-01-16,YES PREP NORTHWEST SECONDARY,Middle / Jr. High,inspection,14741 YORKTOWN PLAZA DR HOUSTON TX,77040,OPEN,0,
2026-01-16,MATA INTERMEDIATE SCHOOL,Middle / Jr. High,grease_trap,9225 S DAIRY ASHFORD HOUSTON TX,77099,OPEN,0,
2026-01-16,MATA INTERMEDIATE SCHOOL,Middle / Jr. High,inspection,9225 S DAIRY ASHFORD HOUSTON TX,77099,OPEN,0,
2026-01-16,MATA INTERMEDIATE SCHOOL,Middle / Jr. High,inspection,9225 S DAIRY ASHFORD HOUSTON TX,77099,OPEN,0,
2026-01-16,FRANCIS ELEMENTARY,Elementary,inspection,6525 GREENS RD HUMBLE TX,77396,OPEN,7,1 Houston Ordinance Violation: 20-21.03(c)(02) (Violation Corrected On Site) | 2 Houston Ordinance Violation: 20-21.11(c)(03) (Violation Corrected On Site) | 3 Houston Ordinance Violation: 20-21.11(a)(07) (Violation Repeat) | 4 Houston Ordinance Violation: 20-21.13(i) (Violation) | 5 Houston Ordinance Violation: 20-21.20(a)(05) (Violation) | 6 Houston Ordinance Violation: 20-21.20(a)(03) (Violation Repeat) | 7 Houston Ordinance Violation: 20-21.21(b) (Violation)
2026-01-16,FRANCIS ELEMENTARY,Elementary,grease_trap,6525 GREENS RD HUMBLE TX,77396,OPEN,0,
2026-01-16,EISENHOWER HIGH SCHOOL,High School,inspection,7922 ANTOINE HOUSTON TX,77088,OPEN,2,1 Houston Ordinance Violation: 20-21.20(a)(03) (Violation) | 2 Houston Ordinance Violation: 20-21.20(b)(03) (Violation)
2026-01-16,EISENHOWER HIGH SCHOOL,High School,grease_trap,7922 ANTOINE HOUSTON TX,77088,OPEN,0,
2026-01-16,ALEXANDER ELEMENTARY SCHOOL,Elementary,grease_trap,8500 BROOKWULF HOUSTON TX,77099,OPEN,0,
2026-01-16,ALEXANDER ELEMENTARY SCHOOL,Elementary,inspection,8500 BROOKWULF HOUSTON TX,77099,OPEN,0,
2026-01-16,ALEXANDER ELEMENTARY SCHOOL,Elementary,inspection,8500 BROOKWULF HOUSTON TX,77099,OPEN,0,
2026-01-15,WHITE ELEMENTARY SCHOOL,Elementary,inspection,9001 TRIOLA HOUSTON TX,77036,OPEN,0,
2026-01-15,WHITE ELEMENTARY SCHOOL,Elementary,grease_trap,9001 TRIOLA HOUSTON TX,77036,OPEN,0,
2026-01-15,WHITE ELEMENTARY SCHOOL,Elementary,inspection,9001 TRIOLA HOUSTON TX,77036,OPEN,0,
2026-01-15,THE LAWSON ACADEMY,Middle / Jr. High,inspection,5052 SCOTT ST HOUSTON TX,77004,OPEN,4,1 Houston Ordinance Violation: 20-21.03(c)(02) (Violation Corrected On Site) | 2 Houston Ordinance Violation: 20-21.03(b)(10)b (Violation Corrected On Site) | 3 Houston Ordinance Violation: 20-21.03(b)(10)b (Violation Corrected On Site) | 4 Houston Ordinance Violation: 20-21.20(a)(01) (Violation)
2026-01-15,THE LAWSON ACADEMY,Middle / Jr. High,inspection,5052 SCOTT ST HOUSTON TX,77004,OPEN,0,
2026-01-15,SUGAR GROVE ACADEMY,Middle / Jr. High,grease_trap,8405 BONHOMME HOUSTON TX,77074,OPEN,0,
2026-01-15,SUGAR GROVE ACADEMY,Middle / Jr. High,inspection,8405 BONHOMME HOUSTON TX,77074,OPEN,0,
2026-01-15,SUGAR GROVE ACADEMY,Middle / Jr. High,inspection,8405 BONHOMME HOUSTON TX,77074,OPEN,2,1 Houston Ordinance Violation: 20-21.03(b)(10)b (Violation Corrected On Site) | 2 Houston Ordinance Violation: 20-21.25(b)(03) (Violation)
2026-01-14,YELLOWSTONE ACADEMY,Elementary,inspection,3000 TRULLEY ST HOUSTON TX,77004,OPEN,0,
2026-01-13,HIDDEN HOLLOW ELEMENTARY,Elementary,inspection,4104 APPALACHIAN TRL HOUSTON TX,77339,OPEN,1,1 Houston Ordinance Violation: 20-21.11(a)(07) (Violation)
2026-01-13,HIDDEN HOLLOW ELEMENTARY,Elementary,grease_trap,4104 APPALACHIAN TRL HOUSTON TX,77339,OPEN,0,
2026-01-09,WALTRIP HIGH SCHOOL,High School,inspection,1900 W 34TH HOUSTON TX,77018,OPEN,0,
2026-01-08,SOUTHWEST MANGUM ELEMENTARY SCHOOL,Elementary,inspection,4515 MANGUM RD HOUSTON TX,77092,OPEN,3,1 Houston Ordinance Violation: 20-21.10(a) (Violation) | 2 Houston Ordinance Violation: 20-21.19(c) (Violation) | 3 Houston Ordinance Violation: 20-21.28(e) (Violation)
2026-01-08,GOODMAN ELEMENTARY,Elementary,inspection,9325 DEER TRAIL HOUSTON TX,77088,OPEN,2,1 Houston Ordinance Violation: 20-21.10(m) (Violation) | 2 Houston Ordinance Violation: 20-21.11(a)(07) (Violation Repeat)
2026-01-08,GOODMAN ELEMENTARY,Elementary,grease_trap,9325 DEER TRAIL HOUSTON TX,77088,OPEN,0,
2026-01-07,ERMEL ELEMENTARY,Elementary,inspection,7103 WOODSMAN TRAIL HOUSTON TX,77040,OPEN,2,1 Houston Ordinance Violation: 20-21.05(e) (Violation) | 2 Houston Ordinance Violation: 20-21.11(a)(07) (Violation)
2026-01-07,ERMEL ELEMENTARY,Elementary,grease_trap,7103 WOODSMAN TRAIL HOUSTON TX,77040,OPEN,0,
2026-01-07,BEAR BRANCH ELEMENTARY,Elementary,inspection,3500 GARDEN LAKE KINGWOOD TX,77339,OPEN,4,1 Houston Ordinance Violation: 20-21.11(a)(07) (Violation) | 2 Houston Ordinance Violation: 20-21.21(b) (Violation) | 3 Houston Ordinance Violation: 20-21.23(g) (Violation) | 4 Houston Ordinance Violation: 20-21.28(e) (Violation)
2026-01-07,BEAR BRANCH ELEMENTARY,Elementary,grease_trap,3500 GARDEN LAKE KINGWOOD TX,77339,OPEN,1,1 Houston Ordinance Violation: 47-512(b) (Violation)
2026-01-06,PERSHING MIDDLE SCHOOL,Middle / Jr. High,inspection,3838 BLUEBONNET HOUSTON TX,77025,OPEN,3,1 Houston Ordinance Violation: 20-21.10(m) (Violation) | 2 Houston Ordinance Violation: 20-21.17(a) (Violation) | 3 Houston Ordinance Violation: 20-21.22(f) (Violation)
2026-01-06,PERSHING MIDDLE SCHOOL,Middle / Jr. High,inspection,3838 BLUEBONNET HOUSTON TX,77025,OPEN,6,1 Houston Ordinance Violation: 20-21.17(a) (Violation) | 2 Houston Ordinance Violation: 20-21.21(b) (Violation Repeat) | 3 Houston Ordinance Violation: 20-21.21(a)(04) (Violation Corrected On Site) | 4 Houston Ordinance Violation: 20-21.21(b) (Violation Repeat) | 5 Houston Ordinance Violation: 20-21.28(a)(07) (Violation) | 6 Houston Ordinance Violation: 20-21.28(e) (Violation)
2025-12-30,HARRIS ACADEMY,Elementary,inspection,3130 HOLDER FOREST DR HOUSTON TX,77088,OPEN,0,
2025-12-19,LONG MIDDLE SCHOOL,Middle / Jr. High,inspection,6501 BELLAIRE BLVD HOUSTON TX,77074,OPEN,0,
2025-12-19,HAMILTON JR HIGH,Middle / Jr. High,inspection,139 E 20TH HOUSTON TX,77008,OPEN,0,
2025-12-18,SER-NINOS CHARTER SCHOOL,Elementary,inspection,5815 ALDER DR HOUSTON TX,77081,OPEN,0,
2025-12-18,PERSHING MIDDLE SCHOOL,Middle / Jr. High,inspection,3838 BLUEBONNET HOUSTON TX,77025,CLOSED TEMPORARILY,10,1 Houston Ordinance Violation: 20-19(b) (Violation) | 2 Houston Ordinance Violation: 20-19(d) (Violation) | 3 Houston Ordinance Violation: 20-20(c) (Violation) | 4 Houston Ordinance Violation: 20-21.10(a) (Violation) | 5 Houston Ordinance Violation: 20-21.11(a)(07) (Violation) | 6 Houston Ordinance Violation: 20-21.20(a)(03) (Violation) | 7 Houston Ordinance Violation: 20-21.21(a) (Violation) | 8 Houston Ordinance Violation: 20-21.22(f) (Violation) | 9 Houston Ordinance Violation: 20-21.22(a) (Violation) | 10 Houston Ordinance Violation: 20-21.28(a)(01) (Violation)
2025-12-18,PERSHING MIDDLE SCHOOL,Middle / Jr. High,inspection,3838 BLUEBONNET HOUSTON TX,77025,OPEN,3,1 Houston Ordinance Violation: 20-21.21(b) (Violation) | 2 Houston Ordinance Violation: 20-21.21(b) (Violation) | 3 Houston Ordinance Violation: 20-21.21(a) (Violation)
2025-12-18,NORTH FOREST HIGH SCHOOL,High School,inspection,10726 MESA DR HOUSTON TX,77087,OPEN,0,
2025-12-18,NORTH FOREST HIGH SCHOOL,High School,grease_trap,10726 MESA DR HOUSTON TX,77087,OPEN,0,
2025-12-18,NORTH FOREST HIGH SCHOOL,High School,inspection,10726 MESA DR HOUSTON TX,77087,OPEN,0,
2025-12-18,FURR SENIOR HIGH,High School,inspection,520 MERCURY DR HOUSTON TX,77013,OPEN,0,
2025-12-18,FURR SENIOR HIGH,High School,grease_trap,520 MERCURY DR HOUSTON TX,77013,OPEN,1,1 Houston Ordinance Violation: 47-512(b) (Violation)
2025-12-18,FURR SENIOR HIGH,High School,inspection,520 MERCURY DR HOUSTON TX,77013,OPEN,2,1 Houston Ordinance Violation: 20-21.20(a)(03) (Violation) | 2 Houston Ordinance Violation: 20-21.21(d) (Violation Corrected On Site)
2025-12-18,FONWOOD EARLY CHILDHOOD CENTER HISD,Elementary,inspection,9709 MESA HOUSTON TX,77078,OPEN,0,
2025-12-18,FONWOOD EARLY CHILDHOOD CENTER HISD,Elementary,grease_trap,9709 MESA HOUSTON TX,77078,OPEN,0,
2025-12-18,FONWOOD EARLY CHILDHOOD CENTER HISD,Elementary,inspection,9709 MESA HOUSTON TX,77078,OPEN,0,
2025-12-18,BARBARA JORDAN VOCATIONAL HIGH SCHOOL,High School,inspection,5800 EASTEX FWY HOUSTON TX,77026,OPEN,0,
2025-12-18,BARBARA JORDAN VOCATIONAL HIGH SCHOOL,High School,inspection,5800 EASTEX FWY HOUSTON TX,77026,OPEN,0,
2025-12-17,WELCH MIDDLE SCHOOL,Middle / Jr. High,grease_trap,11544 S GESSNER HOUSTON TX,77071,OPEN,0,
2025-12-17,WELCH MIDDLE SCHOOL,Middle / Jr. High,inspection,11544 S GESSNER HOUSTON TX,77071,OPEN,0,
2025-12-17,WELCH MIDDLE SCHOOL,Middle / Jr. High,inspection,11544 S GESSNER HOUSTON TX,77071,OPEN,0,
2025-12-17,STEPPING STONE CHARTER SCHOOL,Middle / Jr. High,inspection,11001 S WILCREST HOUSTON TX,77099,OPEN,0,
2025-12-17,SPACE CENTER INTERMEDIATE,Middle / Jr. High,inspection,17400 SATURN HOUSTON TX,77058,OPEN,2,1 Houston Ordinance Violation: 20-21.20(a)(03) (Violation) | 2 Houston Ordinance Violation: 20-21.23(b) (Violation)
2025-12-17,SPACE CENTER INTERMEDIATE,Middle / Jr. High,grease_trap,17400 SATURN HOUSTON TX,77058,OPEN,1,1 Houston Ordinance Violation: 47-512(b) (Violation)
2025-12-17,SPACE CENTER INTERMEDIATE,Middle / Jr. High,inspection,17400 SATURN HOUSTON TX,77058,OPEN,0,
2025-12-17,R.P. HARRIS ELEMENTARY,Elementary,inspection,1262 MAE RD HOUSTON TX,77015,OPEN,0,
2025-12-17,R.P. HARRIS ELEMENTARY,Elementary,grease_trap,1262 MAE RD HOUSTON TX,77015,OPEN,0,
2025-12-17,R.P. HARRIS ELEMENTARY,Elementary,inspection,1262 MAE RD HOUSTON TX,77015,OPEN,0,
2025-12-17,PILGRIM ELEMENTARY SCHOOL,Elementary,inspection,6302 SKYLINE HOUSTON TX,77057,OPEN,0,
2025-12-17,PILGRIM ELEMENTARY SCHOOL,Elementary,inspection,6302 SKYLINE HOUSTON TX,77057,OPEN,1,1 Houston Ordinance Violation: 20-21.19(a) (Violation)
2025-12-17,PILGRIM ELEMENTARY SCHOOL,Elementary,grease_trap,6302 SKYLINE HOUSTON TX,77057,OPEN,0,
2025-12-17,McGOWEN ELEMENTARY,Elementary,inspection,6820 HOMESTEAD HOUSTON TX,77028,OPEN,1,1 Houston Ordinance Violation: 20-21.24(a) (Violation)
2025-12-17,McGOWEN ELEMENTARY,Elementary,grease_trap,6820 HOMESTEAD HOUSTON TX,77028,OPEN,0,
2025-12-17,McGOWEN ELEMENTARY,Elementary,inspection,6820 HOMESTEAD HOUSTON TX,77028,OPEN,0,
2025-12-17,MCNAMARA ELEMENTARY SCHOOL,Elementary,grease_trap,8714 MCAVOY HOUSTON TX,77074,OPEN,0,
2025-12-17,MCNAMARA ELEMENTARY SCHOOL,Elementary,inspection,8714 MCAVOY HOUSTON TX,77074,OPEN,0,
2025-12-17,MCNAMARA ELEMENTARY SCHOOL,Elementary,inspection,8714 MCAVOY HOUSTON TX,77074,OPEN,3,1 Houston Ordinance Violation: 20-21.20(a)(03) (Violation) | 2 Houston Ordinance Violation: 20-21.21(d) (Violation) | 3 Houston Ordinance Violation: 20-21.23(g) (Violation)
2025-12-17,KASHMERE SENIOR HIGH,High School,inspection,6900 WILEYVALE HOUSTON TX,77028,OPEN,1,1 Houston Ordinance Violation: 20-21.20(a)(03) (Violation)
2025-12-17,KASHMERE SENIOR HIGH,High School,grease_trap,6900 WILEYVALE HOUSTON TX,77028,OPEN,0,
2025-12-17,KASHMERE SENIOR HIGH,High School,inspection,6900 WILEYVALE HOUSTON TX,77028,OPEN,3,1 Houston Ordinance Violation: 20-21.09(a) (Violation Corrected On Site) | 2 Houston Ordinance Violation: 20-21.10(a) (Violation) | 3 Houston Ordinance Violation: 20-21.23(g) (Violation)
2025-12-17,KASHMERE GARDENS ELEMENTARY,Elementary,inspection,4901 LOCKWOOD HOUSTON TX,77026,OPEN,0,
2025-12-17,KASHMERE GARDENS ELEMENTARY,Elementary,grease_trap,4901 LOCKWOOD HOUSTON TX,77026,OPEN,0,
2025-12-17,KASHMERE GARDENS ELEMENTARY,Elementary,inspection,4901 LOCKWOOD HOUSTON TX,77026,OPEN,3,1 Houston Ordinance Violation: 20-21.07(a)(03) (Violation Corrected On Site) | 2 Houston Ordinance Violation: 20-21.23(a) (Violation) | 3 Houston Ordinance Violation: 20-21.23(g) (Violation)
2025-12-17,JONES FUTURE ACADEMY,High School,inspection,7414 SAINT LO HOUSTON TX,77033,OPEN,0,
2025-12-17,JONES FUTURE ACADEMY,High School,grease_trap,7414 SAINT LO HOUSTON TX,77033,OPEN,0,
2025-12-17,JONES FUTURE ACADEMY,High School,inspection,7414 SAINT LO HOUSTON TX,77033,OPEN,4,1 Houston Ordinance Violation: 20-21.11(a)(07) (Violation) | 2 Houston Ordinance Violation: 20-21.20(a)(03) (Violation) | 3 Houston Ordinance Violation: 20-21.23(g) (Violation) | 4 Houston Ordinance Violation: 20-53(g) (Violation)
2025-12-17,HASTINGS SR HIGH NORTH / SOUTH,High School,inspection,12301 HIGH STAR HOUSTON TX,77072,OPEN,1,1 Houston Ordinance Violation: 20-21.23(a) (Violation)
2025-12-17,HASTINGS SR HIGH NORTH / SOUTH,High School,grease_trap,12301 HIGH STAR HOUSTON TX,77072,OPEN,0,
2025-12-17,HASTINGS SR HIGH NORTH / SOUTH,High School,inspection,12301 HIGH STAR HOUSTON TX,77072,OPEN,0,
2025-12-17,HASTINGS SR HIGH NORTH / SOUTH,High School,inspection,12301 HIGH STAR HOUSTON TX,77072,OPEN,0,
2025-12-17,BRIARMEADOW CHARTER SCHOOL,Elementary,inspection,3601 DUNVALE HOUSTON TX,77063,OPEN,0,
2025-12-17,BRIARMEADOW CHARTER SCHOOL,Elementary,inspection,3601 DUNVALE HOUSTON TX,77063,OPEN,1,1 Houston Ordinance Violation: 20-21.28(a)(01) (Violation)
2025-12-17,BRIARMEADOW CHARTER SCHOOL,Elementary,grease_trap,3601 DUNVALE HOUSTON TX,77063,OPEN,0,
2025-12-17,ARMAND BAYOU ELEMENTARY SCHOOL,Elementary,inspection,16000 HICKORY KNOLL HOUSTON TX,77059,OPEN,0,
2025-12-17,ARMAND BAYOU ELEMENTARY SCHOOL,Elementary,grease_trap,16000 HICKORY KNOLL HOUSTON TX,77059,OPEN,0,
2025-12-17,ARMAND BAYOU ELEMENTARY SCHOOL,Elementary,inspection,16000 HICKORY KNOLL HOUSTON TX,77059,OPEN,0,
2025-12-16,WHEATLEY HIGH (4801 Providence Entrance),High School,inspection,4900 MARKET ST HOUSTON TX,77020,OPEN,1,1 Houston Ordinance Violation: 20-21.24(a) (Violation)
2025-12-16,WHEATLEY HIGH (4801 Providence Entrance),High School,grease_trap,4900 MARKET ST HOUSTON TX,77020,OPEN,0,
2025-12-16,WHEATLEY HIGH (4801 Providence Entrance),High School,inspection,4900 MARKET ST HOUSTON TX,77020,OPEN,0,
2025-12-16,WALNUT BEND ELEMENTARY,Elementary,inspection,10620 BRIAR FOREST HOUSTON TX,77042,OPEN,2,1 Houston Ordinance Violation: 20-21.18(d) (Violation) | 2 Houston Ordinance Violation: 20-21.28(a)(01) (Violation)
2025-12-16,WALNUT BEND ELEMENTARY,Elementary,grease_trap,10620 BRIAR FOREST HOUSTON TX,77042,OPEN,0,
2025-12-16,VALLEY WEST ELEMENTARY SCHOOL,Elementary,inspection,10707 S GESSNER HOUSTON TX,77071,OPEN,0,
2025-12-16,VALLEY WEST ELEMENTARY SCHOOL,Elementary,grease_trap,10707 S GESSNER HOUSTON TX,77071,OPEN,0,
2025-12-16,VALLEY WEST ELEMENTARY SCHOOL,Elementary,inspection,10707 S GESSNER HOUSTON TX,77071,OPEN,1,1 Houston Ordinance Violation: 20-21.23(a) (Violation)
2025-12-16,ROSS ELEMENTARY,Elementary,inspection,2819 BAY HOUSTON TX,77026,OPEN,0,
2025-12-16,ROSS ELEMENTARY,Elementary,inspection,2819 BAY HOUSTON TX,77026,OPEN,4,1 Houston Ordinance Violation: 20-21.20(a)(03) (Violation) | 2 Houston Ordinance Violation: 20-21.20(b)(03) (Violation) | 3 Houston Ordinance Violation: 20-21.23(a) (Violation) | 4 Houston Ordinance Violation: 20-21.23(a) (Violation)
2025-12-16,ROSS ELEMENTARY,Elementary,grease_trap,2819 BAY HOUSTON TX,77026,OPEN,0,
2025-12-16,ROSS ELEMENTARY,Elementary,inspection,2819 BAY HOUSTON TX,77026,OPEN,5,1 Houston Ordinance Violation: 20-21.03(c)(02) (Violation Corrected On Site) | 2 Houston Ordinance Violation: 20-21.19(d) (Violation) | 3 Houston Ordinance Violation: 20-21.21(d) (Violation) | 4 Houston Ordinance Violation: 20-21.23(a) (Violation) | 5 Houston Ordinance Violation: 20-21.23(a) (Violation)
2025-12-16,OATES ELEMENTARY,Elementary,inspection,10044 WALLISVILLE HOUSTON TX,77013,OPEN,0,
2025-12-16,OATES ELEMENTARY,Elementary,grease_trap,10044 WALLISVILLE HOUSTON TX,77013,OPEN,0,
2025-12-16,OATES ELEMENTARY,Elementary,inspection,10044 WALLISVILLE HOUSTON TX,77013,OPEN,1,1 Houston Ordinance Violation: 20-21.20(b)(03) (Violation)
2025-12-16,LONG MIDDLE SCHOOL,Middle / Jr. High,inspection,6501 BELLAIRE BLVD HOUSTON TX,77074,OPEN,3,1 Houston Ordinance Violation: 20-21.21(b) (Violation) | 2 Houston Ordinance Violation: 20-21.21(a) (Violation) | 3 Houston Ordinance Violation: 20-21.23(b) (Violation)
2025-12-16,LONG MIDDLE SCHOOL,Middle / Jr. High,grease_trap,6501 BELLAIRE BLVD HOUSTON TX,77074,OPEN,0,
2025-12-16,LONG MIDDLE SCHOOL,Middle / Jr. High,grease_trap,6501 BELLAIRE BLVD HOUSTON TX,77074,OPEN,0,
2025-12-16,LONG MIDDLE SCHOOL,Middle / Jr. High,inspection,6501 BELLAIRE BLVD HOUSTON TX,77074,OPEN,3,1 Houston Ordinance Violation: 20-21.21(b) (Violation) | 2 Houston Ordinance Violation: 20-21.21(a) (Violation) | 3 Houston Ordinance Violation: 20-21.23(b) (Violation)
2025-12-16,KIPP Sunnyside HS/MS/PS,Middle / Jr. High,inspection,11000 SCOTT ST HOUSTON TX,77047,OPEN,1,1 Houston Ordinance Violation: 20-21.19(d) (Violation)
2025-12-16,KIPP Sunnyside HS/MS/PS,Middle / Jr. High,inspection,11000 SCOTT ST HOUSTON TX,77047,OPEN,1,1 Houston Ordinance Violation: 20-21.10(m) (Violation)
2025-12-16,KIPP Sunnyside HS/MS/PS,Middle / Jr. High,grease_trap,11000 SCOTT ST HOUSTON TX,77047,OPEN,0,
2025-12-16,KIPP Sunnyside HS/MS/PS,Middle / Jr. High,inspection,11000 SCOTT ST HOUSTON TX,77047,OPEN,3,1 Houston Ordinance Violation: 20-21.10(m) (Violation) | 2 Houston Ordinance Violation: 20-21.20(a)(03) (Violation) | 3 Houston Ordinance Violation: 20-21.21(a) (Violation)
2025-12-16,KIPP Sunnyside HS/MS/PS,Middle / Jr. High,grease_trap,11000 SCOTT ST HOUSTON TX,77047,OPEN,0,
2025-12-16,KIPP Sunnyside HS/MS/PS,Middle / Jr. High,inspection,11000 SCOTT ST HOUSTON TX,77047,OPEN,1,1 Houston Ordinance Violation: 20-21.19(d) (Violation Repeat)
2025-12-16,KIPP Sunnyside HS/MS/PS,Middle / Jr. High,inspection,11000 SCOTT ST HOUSTON TX,77047,OPEN,3,1 Houston Ordinance Violation: 20-21.18(d) (Violation) | 2 Houston Ordinance Violation: 20-21.19(d) (Violation Repeat) | 3 Houston Ordinance Violation: 20-21.23(a) (Violation)
2025-12-16,KIPP Sunnyside HS/MS/PS,Middle / Jr. High,inspection,11000 SCOTT ST HOUSTON TX,77047,OPEN,4,1 Houston Ordinance Violation: 20-20(c) (Violation) | 2 Houston Ordinance Violation: 20-21.10(m) (Violation) | 3 Houston Ordinance Violation: 20-21.19(g) (Violation) | 4 Houston Ordinance Violation: 20-21.20(a)(03) (Violation)
2025-12-16,KIPP Sunnyside HS/MS/PS,Middle / Jr. High,grease_trap,11000 SCOTT ST HOUSTON TX,77047,OPEN,0,
2025-12-16,KEY MIDDLE,Middle / Jr. High,inspection,4000 KELLEY HOUSTON TX,77026,OPEN,1,1 Houston Ordinance Violation: 20-21.03(b)(01) (Violation Corrected On Site)
2025-12-16,KEY MIDDLE,Middle / Jr. High,grease_trap,4000 KELLEY HOUSTON TX,77026,OPEN,0,
2025-12-16,KEY MIDDLE,Middle / Jr. High,inspection,4000 KELLEY HOUSTON TX,77026,OPEN,0,
2025-12-16,ISAACS ELEMENTARY,Elementary,inspection,3830 PICKFAIR HOUSTON TX,77026,OPEN,0,
2025-12-16,ISAACS ELEMENTARY,Elementary,grease_trap,3830 PICKFAIR HOUSTON TX,77026,OPEN,0,
2025-12-16,ISAACS ELEMENTARY,Elementary,inspection,3830 PICKFAIR HOUSTON TX,77026,OPEN,2,1 Houston Ordinance Violation: 20-21.20(a)(03) (Violation) | 2 Houston Ordinance Violation: 20-21.21(d) (Violation)
2025-12-16,FLEMING MIDDLE SCHOOL,Middle / Jr. High,inspection,4910 COLLINGSWORTH HOUSTON TX,77026,OPEN,0,
2025-12-16,FLEMING MIDDLE SCHOOL,Middle / Jr. High,grease_trap,4910 COLLINGSWORTH HOUSTON TX,77026,OPEN,0,
2025-12-16,FLEMING MIDDLE SCHOOL,Middle / Jr. High,inspection,4910 COLLINGSWORTH HOUSTON TX,77026,OPEN,2,1 Houston Ordinance Violation: 20-21.21(b) (Violation Repeat) | 2 Houston Ordinance Violation: 20-21.23(a) (Violation Repeat)
2025-12-16,ELSIK HIGH SCHOOL,High School,grease_trap,12601 HIGH STAR HOUSTON TX,77072,OPEN,0,
2025-12-16,ELSIK HIGH SCHOOL,High School,inspection,12601 HIGH STAR HOUSTON TX,77072,OPEN,0,
2025-12-16,ELSIK HIGH SCHOOL,High School,inspection,12601 HIGH STAR HOUSTON TX,77072,OPEN,0,
2025-12-16,DOGAN ELEMENTARY,Elementary,inspection,4202 LIBERTY RD HOUSTON TX,77026,OPEN,1,1 Houston Ordinance Violation: 20-21.17(a) (Violation)
2025-12-16,DOGAN ELEMENTARY,Elementary,grease_trap,4202 LIBERTY RD HOUSTON TX,77026,OPEN,0,
2025-12-16,DOGAN ELEMENTARY,Elementary,inspection,4202 LIBERTY RD HOUSTON TX,77026,OPEN,0,
2025-12-16,B.C. ELMORE ELEMENTARY,Elementary,inspection,8200 TATE HOUSTON TX,77028,OPEN,0,
2025-12-16,B.C. ELMORE ELEMENTARY,Elementary,inspection,8200 TATE HOUSTON TX,77028,OPEN,2,1 Houston Ordinance Violation: 20-21.10(a) (Violation) | 2 Houston Ordinance Violation: 20-21.21(b) (Violation)
2025-12-16,B.C. ELMORE ELEMENTARY,Elementary,grease_trap,8200 TATE HOUSTON TX,77028,OPEN,0,
2025-12-16,ALIEF MIDDLE SCHOOL,Middle / Jr. High,inspection,4415 COOK HOUSTON TX,77072,OPEN,0,
2025-12-16,ALIEF MIDDLE SCHOOL,Middle / Jr. High,grease_trap,4415 COOK HOUSTON TX,77072,OPEN,0,
2025-12-16,ALIEF MIDDLE SCHOOL,Middle / Jr. High,inspection,4415 COOK HOUSTON TX,77072,OPEN,0,
2025-12-16,ALIEF HIGH SCHOOL ANNEX,High School,grease_trap,12501 HIGH STAR HOUSTON TX,77072,OPEN,0,
2025-12-16,ALIEF HIGH SCHOOL ANNEX,High School,inspection,12501 HIGH STAR HOUSTON TX,77072,OPEN,0,
2025-12-16,ALIEF HIGH SCHOOL ANNEX,High School,inspection,12501 HIGH STAR HOUSTON TX,77072,OPEN,0,
2025-12-15,Secondary DAEP,Middle / Jr. High,inspection,5910 MARKET HOUSTON TX,77020,OPEN,1,1 Houston Ordinance Violation: 20-21.20(a)(03) (Violation Corrected On Site)
2025-12-15,Secondary DAEP,Middle / Jr. High,grease_trap,5910 MARKET HOUSTON TX,77020,OPEN,0,
2025-12-15,Secondary DAEP,Middle / Jr. High,inspection,5910 MARKET HOUSTON TX,77020,OPEN,3,1 Houston Ordinance Violation: 20-21.21(b) (Violation) | 2 Houston Ordinance Violation: 20-21.23(a) (Violation Repeat) | 3 Houston Ordinance Violation: 20-21.23(g) (Violation Repeat)
2025-12-15,SUTTON ELEMENTARY,Elementary,inspection,7402 ALBACORE HOUSTON TX,77074,OPEN,0,
2025-12-15,SUTTON ELEMENTARY,Elementary,grease_trap,7402 ALBACORE HOUSTON TX,77074,OPEN,0,
2025-12-15,SUTTON ELEMENTARY,Elementary,inspection,7402 ALBACORE HOUSTON TX,77074,OPEN,3,1 Houston Ordinance Violation: 20-21.18(c) (Violation Repeat) | 2 Houston Ordinance Violation: 20-21.19(b) (Violation Repeat) | 3 Houston Ordinance Violation: 20-21.19(g) (Violation Repeat)
2025-12-15,PORT HOUSTON ELEMENTARY,Elementary,inspection,1800 MCCARTY HOUSTON TX,77029,OPEN,1,1 Houston Ordinance Violation: 20-21.21(d) (Violation Corrected On Site)
2025-12-15,PORT HOUSTON ELEMENTARY,Elementary,inspection,1800 MCCARTY HOUSTON TX,77029,OPEN,0,
2025-12-15,PORT HOUSTON ELEMENTARY,Elementary,grease_trap,1800 MCCARTY HOUSTON TX,77029,OPEN,0,
2025-12-15,MICKEY LELAND COLLEGE PREP FOR YOUNG MEN,Middle / Jr. High,inspection,1700 GREGG ST HOUSTON TX,77020,OPEN,1,1 Houston Ordinance Violation: 20-21.23(a) (Violation)
2025-12-15,MICKEY LELAND COLLEGE PREP FOR YOUNG MEN,Middle / Jr. High,grease_trap,1700 GREGG ST HOUSTON TX,77020,OPEN,0,
2025-12-15,MICKEY LELAND COLLEGE PREP FOR YOUNG MEN,Middle / Jr. High,inspection,1700 GREGG ST HOUSTON TX,77020,OPEN,3,1 Houston Ordinance Violation: 20-21.03(c)(02) (Violation Corrected On Site) | 2 Houston Ordinance Violation: 20-21.12(g) (Violation) | 3 Houston Ordinance Violation: 20-21.23(g) (Violation)
2025-12-15,MARTINEZ ELEMENTARY,Elementary,inspection,7211 MARKET ST HOUSTON TX,77020,OPEN,0,
2025-12-15,MARTINEZ ELEMENTARY,Elementary,grease_trap,7211 MARKET ST HOUSTON TX,77020,OPEN,0,
2025-12-15,MARTINEZ ELEMENTARY,Elementary,inspection,7211 MARKET ST HOUSTON TX,77020,OPEN,1,1 Houston Ordinance Violation: 20-21.11(a)(07) (Violation Corrected On Site Repeat)
2025-12-15,LAWSON MIDDLE SCHOOL,Middle / Jr. High,inspection,14000 STANCLIFF ST HOUSTON TX,77045,OPEN,1,1 Houston Ordinance Violation: 20-21.19(b) (Violation)
2025-12-15,LAWSON MIDDLE SCHOOL,Middle / Jr. High,inspection,14000 STANCLIFF ST HOUSTON TX,77045,OPEN,3,1 Houston Ordinance Violation: 20-21.10(m) (Violation) | 2 Houston Ordinance Violation: 20-21.11(a)(07) (Violation) | 3 Houston Ordinance Violation: 20-21.23(b) (Violation)
2025-12-15,LAWSON MIDDLE SCHOOL,Middle / Jr. High,grease_trap,14000 STANCLIFF ST HOUSTON TX,77045,OPEN,0,
2025-12-15,HOLLAND MIDDLE SCHOOL,Middle / Jr. High,inspection,1600 GELLHORN HOUSTON TX,77029,OPEN,1,1 Houston Ordinance Violation: 20-21.19(b) (Violation)
2025-12-15,HOLLAND MIDDLE SCHOOL,Middle / Jr. High,grease_trap,1600 GELLHORN HOUSTON TX,77029,OPEN,0,
2025-12-15,HOLLAND MIDDLE SCHOOL,Middle / Jr. High,inspection,1600 GELLHORN HOUSTON TX,77029,OPEN,0,
2025-12-15,HILLIARD ELEMENTARY SCHOOL,Elementary,inspection,8115 E HOUSTON RD HOUSTON TX,77028,OPEN,1,1 Houston Ordinance Violation: 47-512(b) (Violation)
2025-12-15,HILLIARD ELEMENTARY SCHOOL,Elementary,grease_trap,8115 E HOUSTON RD HOUSTON TX,77028,OPEN,1,1 Houston Ordinance Violation: 47-512(b) (Violation Repeat)
2025-12-15,HILLIARD ELEMENTARY SCHOOL,Elementary,inspection,8115 E HOUSTON RD HOUSTON TX,77028,OPEN,1,1 Houston Ordinance Violation: 20-21.17(a) (Violation)
2025-12-15,EDISON JR. HIGH SCHOOL,Middle / Jr. High,inspection,6901 AVENUE I HOUSTON TX,77011,OPEN,1,1 Houston Ordinance Violation: 20-21.21(d) (Violation Corrected On Site)
2025-12-15,EDISON JR. HIGH SCHOOL,Middle / Jr. High,grease_trap,6901 AVENUE I HOUSTON TX,77011,OPEN,0,
2025-12-15,EDISON JR. HIGH SCHOOL,Middle / Jr. High,inspection,6901 AVENUE I HOUSTON TX,77011,OPEN,0,
2025-12-15,CUNNINGHAM ELEMENTARY,Elementary,inspection,5100 GULFTON HOUSTON TX,77081,OPEN,2,1 Houston Ordinance Violation: 20-21.19(d) (Violation) | 2 Houston Ordinance Violation: 20-21.19(c) (Violation)
2025-12-15,CUNNINGHAM ELEMENTARY,Elementary,inspection,5100 GULFTON HOUSTON TX,77081,OPEN,1,1 Houston Ordinance Violation: 20-21.27(b) (Violation)
2025-12-15,CUNNINGHAM ELEMENTARY,Elementary,grease_trap,5100 GULFTON HOUSTON TX,77081,OPEN,0,
2025-12-15,BRISCOE ELEMENTARY SCHOOL,Elementary,inspection,321 FOREST HILL HOUSTON TX,77011,OPEN,0,
2025-12-15,BRISCOE ELEMENTARY SCHOOL,Elementary,grease_trap,321 FOREST HILL HOUSTON TX,77011,OPEN,0,
2025-12-15,BRISCOE ELEMENTARY SCHOOL,Elementary,inspection,321 FOREST HILL HOUSTON TX,77011,OPEN,0,
2025-12-15,BELL ELEMENTARY SCHOOL,Elementary,grease_trap,12323 SHAFTSBURY HOUSTON TX,77031,OPEN,0,
2025-12-15,BELL ELEMENTARY SCHOOL,Elementary,inspection,12323 SHAFTSBURY HOUSTON TX,77031,OPEN,0,
2025-12-15,BELL ELEMENTARY SCHOOL,Elementary,inspection,12323 SHAFTSBURY HOUSTON TX,77031,OPEN,0,
2025-12-15,ACCELERATED INTERMEDIATE ACADEMY,Elementary,inspection,12829 SUMMIT RIDGE DR HOUSTON TX,77085,OPEN,0,
2025-12-12,HENDERSON N.Q. ELEMENTARY,Elementary,inspection,701 SOLO HOUSTON TX,77020,OPEN,0,
2025-12-12,HENDERSON N.Q. ELEMENTARY,Elementary,grease_trap,701 SOLO HOUSTON TX,77020,OPEN,0,
2025-12-12,HENDERSON N.Q. ELEMENTARY,Elementary,inspection,701 SOLO HOUSTON TX,77020,OPEN,0,
2025-12-12,ENERGIZED FOR STEM,High School,inspection,7055 BEECHNUT ST HOUSTON TX,77074,OPEN,0,
2025-12-12,ENERGIZED FOR STEM,High School,grease_trap,7055 BEECHNUT ST HOUSTON TX,77074,OPEN,0,
2025-12-12,ENERGIZED FOR STEM,High School,inspection,7055 BEECHNUT ST HOUSTON TX,77074,OPEN,3,1 Houston Ordinance Violation: 20-21.17(a) (Violation Repeat) | 2 Houston Ordinance Violation: 20-21.23(g) (Violation) | 3 Houston Ordinance Violation: 20-21.24(b)(01) (Violation Repeat)
2025-12-12,EMERSON ELEMENTARY SCHOOL,Elementary,inspection,9533 SKYLINE HOUSTON TX,77063,OPEN,0,
2025-12-12,EMERSON ELEMENTARY SCHOOL,Elementary,inspection,9533 SKYLINE HOUSTON TX,77063,OPEN,2,1 Houston Ordinance Violation: 20-21.10(a) (Violation) | 2 Houston Ordinance Violation: 20-21.23(b) (Violation)
2025-12-11,PLEASANTVILLE ELEMENTARY,Elementary,inspection,1431 GELLHORN HOUSTON TX,77029,OPEN,0,
2025-12-11,PLEASANTVILLE ELEMENTARY,Elementary,grease_trap,1431 GELLHORN HOUSTON TX,77029,OPEN,0,
2025-12-11,PLEASANTVILLE ELEMENTARY,Elementary,inspection,1431 GELLHORN HOUSTON TX,77029,OPEN,2,1 Houston Ordinance Violation: 20-21.19(b) (Violation Repeat) | 2 Houston Ordinance Violation: 20-21.28(a)(01) (Violation Repeat)
2025-12-11,LAMAR HIGH SCHOOL HISD,High School,inspection,3325 WESTHEIMER RD HOUSTON TX,77098,OPEN,1,1 Houston Ordinance Violation: 20-21.03(b)(10)b (Violation Corrected On Site)
2025-12-11,LAMAR HIGH SCHOOL HISD,High School,grease_trap,3325 WESTHEIMER RD HOUSTON TX,77098,OPEN,0,
2025-12-11,JOHN WARD ELEMENTARY SCHOOL,Elementary,inspection,1440 BOULDERCREST HOUSTON TX,77062,OPEN,2,1 Houston Ordinance Violation: 20-21.12(g) (Violation) | 2 Houston Ordinance Violation: 20-21.17(a) (Violation)
2025-12-11,JOHN WARD ELEMENTARY SCHOOL,Elementary,grease_trap,1440 BOULDERCREST HOUSTON TX,77062,OPEN,0,
2025-12-11,JOHN WARD ELEMENTARY SCHOOL,Elementary,inspection,1440 BOULDERCREST HOUSTON TX,77062,OPEN,0,
2025-12-11,ELLA BAKER MONTESSORI,Elementary,inspection,2100 YUPON HOUSTON TX,77006,OPEN,0,
2025-12-11,ELLA BAKER MONTESSORI,Elementary,inspection,2100 YUPON HOUSTON TX,77006,OPEN,0,
2025-12-11,ELLA BAKER MONTESSORI,Elementary,inspection,2100 YUPON HOUSTON TX,77006,OPEN,0,
2025-12-11,ELIOT ELEMENTARY,Elementary,grease_trap,6411 LAREDO HOUSTON TX,77020,OPEN,0,
2025-12-11,ELIOT ELEMENTARY,Elementary,inspection,6411 LAREDO HOUSTON TX,77020,OPEN,1,1 Houston Ordinance Violation: 20-21.20(a)(03) (Violation Repeat)
2025-12-11,CLEAR LAKE INTERMEDIATE SCHOOL,Middle / Jr. High,inspection,15545 EL CAMINO REAL HOUSTON TX,77062,OPEN,1,1 Houston Ordinance Violation: 20-21.19(d) (Violation)
2025-12-11,CLEAR LAKE INTERMEDIATE SCHOOL,Middle / Jr. High,grease_trap,15545 EL CAMINO REAL HOUSTON TX,77062,OPEN,0,
2025-12-11,CLEAR LAKE INTERMEDIATE SCHOOL,Middle / Jr. High,inspection,15545 EL CAMINO REAL HOUSTON TX,77062,OPEN,0,
2025-12-11,CLEAR LAKE CITY ELEMENTARY SCHOOL,Elementary,inspection,1707 FAIRWIND HOUSTON TX,77062,OPEN,0,
2025-12-11,CLEAR LAKE CITY ELEMENTARY SCHOOL,Elementary,grease_trap,1707 FAIRWIND HOUSTON TX,77062,OPEN,1,1 Houston Ordinance Violation: 47-512(b) (Violation)
2025-12-11,CLEAR LAKE CITY ELEMENTARY SCHOOL,Elementary,inspection,1707 FAIRWIND HOUSTON TX,77062,OPEN,0,
2025-12-11,BENAVIDEZ ELEMENTARY,Elementary,inspection,6262 GULFTON HOUSTON TX,77081,OPEN,2,1 Houston Ordinance Violation: 20-21.04(j) (Violation Corrected On Site) | 2 Houston Ordinance Violation: 20-21.19(a) (Violation Corrected On Site)
2025-12-11,BENAVIDEZ ELEMENTARY,Elementary,grease_trap,6262 GULFTON HOUSTON TX,77081,OPEN,0,
2025-12-10,GLADYS BIRDWELL-HORN ELEMENTARY SCHOOL,Elementary,inspection,10734 BISSONNET ST HOUSTON TX,77099,OPEN,0,
2025-12-10,GLADYS BIRDWELL-HORN ELEMENTARY SCHOOL,Elementary,grease_trap,10734 BISSONNET ST HOUSTON TX,77099,OPEN,0,
2025-12-10,GLADYS BIRDWELL-HORN ELEMENTARY SCHOOL,Elementary,inspection,10734 BISSONNET ST HOUSTON TX,77099,OPEN,0,
2025-12-10,FOREST BROOK MIDDLE SCHOOL,Middle / Jr. High,inspection,7525 TIDWELL RD HOUSTON TX,77016,OPEN,4,1 Houston Ordinance Violation: 20-21.12(g) (Violation) | 2 Houston Ordinance Violation: 20-21.14(b)(01) (Violation) | 3 Houston Ordinance Violation: 20-21.22(a) (Violation) | 4 Houston Ordinance Violation: 20-53(g) (Violation)
2025-12-10,FOREST BROOK MIDDLE SCHOOL,Middle / Jr. High,grease_trap,7525 TIDWELL RD HOUSTON TX,77016,OPEN,0,
2025-12-10,CARNEGIE VANGUARD HIGH SCHOOL,High School,inspection,1501 TAFT ST HOUSTON TX,77019,OPEN,0,
2025-12-10,CARNEGIE VANGUARD HIGH SCHOOL,High School,inspection,1501 TAFT ST HOUSTON TX,77019,OPEN,2,1 Houston Ordinance Violation: 20-21.10(a) (Violation) | 2 Houston Ordinance Violation: 20-53(a) (Violation)
2025-12-10,ARABIC IMMERSION MAGNET SCHOOL,Elementary,inspection,4001 STANFORD ST HOUSTON TX,77006,OPEN,0,
2025-12-10,ARABIC IMMERSION MAGNET SCHOOL,Elementary,inspection,4001 STANFORD ST HOUSTON TX,77006,OPEN,1,1 Houston Ordinance Violation: 20-21.21(b) (Violation)
2025-12-10,ARABIC IMMERSION MAGNET SCHOOL,Elementary,grease_trap,4001 STANFORD ST HOUSTON TX,77006,OPEN,0,
2025-12-09,WINDSOR VILLAGE ELEMENTARY SCHOOL,Elementary,inspection,14440 POLO HOUSTON TX,77085,OPEN,0,
2025-12-09,WINDSOR VILLAGE ELEMENTARY SCHOOL,Elementary,grease_trap,14440 POLO HOUSTON TX,77085,OPEN,0,
2025-12-09,TIJERINA ELEMENTARY SCHOOL,Elementary,inspection,6501 SHERMAN HOUSTON TX,77011,OPEN,0,
2025-12-09,TIJERINA ELEMENTARY SCHOOL,Elementary,grease_trap,6501 SHERMAN HOUSTON TX,77011,OPEN,1,1 Houston Ordinance Violation: 47-512(b) (Violation)
2025-12-09,TIJERINA ELEMENTARY SCHOOL,Elementary,inspection,6501 SHERMAN HOUSTON TX,77011,OPEN,3,1 Houston Ordinance Violation: 20-21.09(a) (Violation Corrected On Site) | 2 Houston Ordinance Violation: 20-21.12(g) (Violation Repeat) | 3 Houston Ordinance Violation: 20-21.28(a)(01) (Violation Repeat)
2025-12-09,ST GEORGE ELEMENTARY,Elementary,inspection,5430 HIDALGO HOUSTON TX,77056,OPEN,4,1 Houston Ordinance Violation: 20-21.10(m) (Violation) | 2 Houston Ordinance Violation: 20-21.10(a) (Violation) | 3 Houston Ordinance Violation: 20-21.19(d) (Violation) | 4 Houston Ordinance Violation: 20-21.19(c) (Violation)
2025-12-09,ST GEORGE ELEMENTARY,Elementary,inspection,5430 HIDALGO HOUSTON TX,77056,OPEN,0,
2025-12-09,ST GEORGE ELEMENTARY,Elementary,grease_trap,5430 HIDALGO HOUSTON TX,77056,OPEN,0,
2025-12-09,PAUL REVERE MIDDLE SCHOOL,Middle / Jr. High,inspection,10502 BRIAR FOREST HOUSTON TX,77042,OPEN,0,
2025-12-09,PAUL REVERE MIDDLE SCHOOL,Middle / Jr. High,inspection,10502 BRIAR FOREST HOUSTON TX,77042,OPEN,3,1 Houston Ordinance Violation: 20-21.19(g) (Violation) | 2 Houston Ordinance Violation: 20-21.23(a) (Violation) | 3 Houston Ordinance Violation: 20-53(a) (Violation)
2025-12-09,PAUL REVERE MIDDLE SCHOOL,Middle / Jr. High,grease_trap,10502 BRIAR FOREST HOUSTON TX,77042,OPEN,0,
2025-12-09,FRANKLIN ELEMENTARY,Elementary,inspection,7101 CANAL HOUSTON TX,77011,OPEN,4,1 Houston Ordinance Violation: 20-21.20(a)(03) (Violation) | 2 Houston Ordinance Violation: 20-21.21(b) (Violation) | 3 Houston Ordinance Violation: 20-21.23(a) (Violation) | 4 Houston Ordinance Violation: 20-21.23(g) (Violation)
2025-12-09,FRANKLIN ELEMENTARY,Elementary,grease_trap,7101 CANAL HOUSTON TX,77011,OPEN,0,
2025-12-09,FRANKLIN ELEMENTARY,Elementary,inspection,7101 CANAL HOUSTON TX,77011,OPEN,1,1 Houston Ordinance Violation: 20-21.27(b) (Violation Corrected On Site)
2025-12-08,WOODSON SCHOOL,Middle / Jr. High,inspection,10720 SOUTHVIEW HOUSTON TX,77047,OPEN,4,1 Houston Ordinance Violation: 20-21.10(m) (Violation Repeat) | 2 Houston Ordinance Violation: 20-21.18(d) (Violation) | 3 Houston Ordinance Violation: 20-21.19(b) (Violation) | 4 Houston Ordinance Violation: 20-21.19(d) (Violation)
2025-12-08,WOODSON SCHOOL,Middle / Jr. High,inspection,10720 SOUTHVIEW HOUSTON TX,77047,OPEN,5,1 Houston Ordinance Violation: 20-20(c) (Violation) | 2 Houston Ordinance Violation: 20-21.10(m) (Violation) | 3 Houston Ordinance Violation: 20-21.20(a)(03) (Violation) | 4 Houston Ordinance Violation: 20-21.23(a) (Violation) | 5 Houston Ordinance Violation: 20-56(a) (Violation)
2025-12-08,WOODSON SCHOOL,Middle / Jr. High,grease_trap,10720 SOUTHVIEW HOUSTON TX,77047,OPEN,0,
2025-12-08,WILLOW CREEK ELEMENTARY,Elementary,inspection,2002 WILLOW TERRACE HUMBLE TX,77339,OPEN,2,1 Houston Ordinance Violation: 20-21.10(a) (Violation) | 2 Houston Ordinance Violation: 20-21.11(c)(03) (Violation)
2025-12-08,WILLOW CREEK ELEMENTARY,Elementary,grease_trap,2002 WILLOW TERRACE HUMBLE TX,77339,OPEN,0,
2025-12-08,SHADOW FOREST ELEMENTARY,Elementary,inspection,2300 MILLS BRANCH DR HUMBLE TX,77345,OPEN,7,1 Houston Ordinance Violation: 20-21.08(a) (Violation Corrected On Site) | 2 Houston Ordinance Violation: 20-21.10(m) (Violation) | 3 Houston Ordinance Violation: 20-21.10(a) (Violation) | 4 Houston Ordinance Violation: 20-21.20(h) (Violation Repeat) | 5 Houston Ordinance Violation: 20-21.21(b) (Violation) | 6 Houston Ordinance Violation: 20-21.22(a) (Violation Repeat) | 7 Houston Ordinance Violation: 20-21.23(g) (Violation Repeat)
2025-12-08,SHADOW FOREST ELEMENTARY,Elementary,grease_trap,2300 MILLS BRANCH DR HUMBLE TX,77345,OPEN,0,
2025-12-08,PUGH ELEMENTARY SCHOOL,Elementary,inspection,1147 KRESS HOUSTON TX,77020,OPEN,1,1 Houston Ordinance Violation: 20-21.23(g) (Violation Repeat)
2025-12-08,PUGH ELEMENTARY SCHOOL,Elementary,inspection,1147 KRESS HOUSTON TX,77020,OPEN,2,1 Houston Ordinance Violation: 20-21.11(a)(07) (Violation) | 2 Houston Ordinance Violation: 20-21.23(a) (Violation)
2025-12-08,PUGH ELEMENTARY SCHOOL,Elementary,grease_trap,1147 KRESS HOUSTON TX,77020,OPEN,0,
2025-12-08,KINGWOOD PARK HIGH SCHOOL,High School,inspection,4015 WOODLAND HILLS DR KINGWOOD TX,77339,OPEN,7,1 Houston Ordinance Violation: 20-21.03(c)(02) (Violation) | 2 Houston Ordinance Violation: 20-21.10(a) (Violation) | 3 Houston Ordinance Violation: 20-21.10(m) (Violation) | 4 Houston Ordinance Violation: 20-21.11(c)(03) (Violation Corrected On Site) | 5 Houston Ordinance Violation: 20-21.19(d) (Violation) | 6 Houston Ordinance Violation: 20-21.22(a) (Violation) | 7 Houston Ordinance Violation: 20-21.23(g) (Violation)
2025-12-08,KINGWOOD PARK HIGH SCHOOL,High School,grease_trap,4015 WOODLAND HILLS DR KINGWOOD TX,77339,OPEN,0,
2025-12-08,FONDREN MIDDLE SCHOOL,Middle / Jr. High,grease_trap,6333 S BRAESWOOD BLVD HOUSTON TX,77096,OPEN,0,
2025-12-08,FONDREN MIDDLE SCHOOL,Middle / Jr. High,inspection,6333 S BRAESWOOD BLVD HOUSTON TX,77096,OPEN,0,
2025-12-08,BRUCE ELEMENTARY SCHOOL,Elementary,inspection,510 JENSEN DR HOUSTON TX,77020,OPEN,1,1 Houston Ordinance Violation: 20-21.20(a)(03) (Violation)
2025-12-08,BRUCE ELEMENTARY SCHOOL,Elementary,grease_trap,510 JENSEN DR HOUSTON TX,77020,OPEN,0,
2025-12-08,BRUCE ELEMENTARY SCHOOL,Elementary,inspection,510 JENSEN DR HOUSTON TX,77020,OPEN,4,1 Houston Ordinance Violation: 20-21.10(a) (Violation) | 2 Houston Ordinance Violation: 20-21.10(m) (Violation) | 3 Houston Ordinance Violation: 20-21.11(a)(07) (Violation) | 4 Houston Ordinance Violation: 20-21.19(a) (Violation Corrected On Site)
2025-12-08,ATHERTON ELEMENTARY,Elementary,inspection,2011 SOLO HOUSTON TX,77020,OPEN,2,1 Houston Ordinance Violation: 20-21.10(a) (Violation) | 2 Houston Ordinance Violation: 20-21.19(d) (Violation)
2025-12-08,ATHERTON ELEMENTARY,Elementary,grease_trap,2011 SOLO HOUSTON TX,77020,OPEN,0,
2025-12-08,ATHERTON ELEMENTARY,Elementary,inspection,2011 SOLO HOUSTON TX,77020,OPEN,3,1 Houston Ordinance Violation: 20-21.11(a)(07) (Violation) | 2 Houston Ordinance Violation: 20-21.19(d) (Violation) | 3 Houston Ordinance Violation: 20-21.23(a) (Violation)
2025-12-08,ALMEDA ELEMENTARY,Elementary,inspection,14226 ALMEDA SCHOOL RD HOUSTON TX,77047,OPEN,4,1 Houston Ordinance Violation: 20-21.18(d) (Violation) | 2 Houston Ordinance Violation: 20-21.19(b) (Violation) | 3 Houston Ordinance Violation: 20-21.19(d) (Violation) | 4 Houston Ordinance Violation: 20-21.23(a) (Violation Repeat)
2025-12-08,ALMEDA ELEMENTARY,Elementary,inspection,14226 ALMEDA SCHOOL RD HOUSTON TX,77047,OPEN,4,1 Houston Ordinance Violation: 20-21.10(m) (Violation) | 2 Houston Ordinance Violation: 20-21.10(a) (Violation) | 3 Houston Ordinance Violation: 20-21.21(d) (Violation) | 4 Houston Ordinance Violation: 20-21.23(a) (Violation)
2025-12-08,ALMEDA ELEMENTARY,Elementary,grease_trap,14226 ALMEDA SCHOOL RD HOUSTON TX,77047,OPEN,0,
2025-12-05,YOUNGBLOOD INTERMEDIATE SCHOOL,Middle / Jr. High,grease_trap,8410 DAIRYVIEW HOUSTON TX,77072,OPEN,0,
2025-12-05,YOUNGBLOOD INTERMEDIATE SCHOOL,Middle / Jr. High,inspection,8410 DAIRYVIEW HOUSTON TX,77072,OPEN,0,
2025-12-05,T.H.ROGERS SCHOOL,Middle / Jr. High,grease_trap,5840 SAN FELIPE HOUSTON TX,77057,OPEN,0,
2025-12-05,T.H.ROGERS SCHOOL,Middle / Jr. High,inspection,5840 SAN FELIPE HOUSTON TX,77057,OPEN,0,
2025-12-05,T.H.ROGERS SCHOOL,Middle / Jr. High,inspection,5840 SAN FELIPE HOUSTON TX,77057,OPEN,0,
2025-12-05,STEP CHARTER SCHOOL,Middle / Jr. High,inspection,8282 BISSONNET HOUSTON TX,77074,OPEN,0,
2025-12-05,LANIER JR. HIGH SCHOOL,Middle / Jr. High,inspection,2600 WOODHEAD HOUSTON TX,77098,OPEN,1,1 Houston Ordinance Violation: 20-21.20(a)(03) (Violation Corrected On Site)
2025-12-05,LANIER JR. HIGH SCHOOL,Middle / Jr. High,grease_trap,2600 WOODHEAD HOUSTON TX,77098,OPEN,0,
2025-12-05,LANIER JR. HIGH SCHOOL,Middle / Jr. High,inspection,2600 WOODHEAD HOUSTON TX,77098,OPEN,0,
2025-12-05,HOUSTON CAN ACADEMY,High School,inspection,10914 S GESSNER DR HOUSTON TX,77071,OPEN,2,1 Houston Ordinance Violation: 20-21.03(b)(10)b (Violation) | 2 Houston Ordinance Violation: 20-21.11(a)(07) (Violation)
2025-12-05,G.H. WHITCOMB ELEMENTARY SCH,Elementary,grease_trap,900 RESEDA HOUSTON TX,77062,OPEN,0,
2025-12-05,G.H. WHITCOMB ELEMENTARY SCH,Elementary,inspection,900 RESEDA HOUSTON TX,77062,OPEN,0,
2025-12-05,FRED ROBERTS MIDDLE SCHOOL,Middle / Jr. High,inspection,13402 CONKLIN LN HOUSTON TX,77034,OPEN,0,
2025-12-05,FRED ROBERTS MIDDLE SCHOOL,Middle / Jr. High,grease_trap,13402 CONKLIN LN HOUSTON TX,77034,OPEN,1,1 Houston Ordinance Violation: 47-512(b) (Violation)
2025-12-05,FRED ROBERTS MIDDLE SCHOOL,Middle / Jr. High,inspection,13402 CONKLIN LN HOUSTON TX,77034,OPEN,0,
2025-12-05,CHRISTA MCAULIFFE MIDDLE SCHOOL,Middle / Jr. High,inspection,16650 S POST OAK HOUSTON TX,77053,OPEN,2,1 Houston Ordinance Violation: 20-21.18(c) (Violation) | 2 Houston Ordinance Violation: 20-21.21(b) (Violation)
2025-12-05,CHRISTA MCAULIFFE MIDDLE SCHOOL,Middle / Jr. High,grease_trap,16650 S POST OAK HOUSTON TX,77053,OPEN,0,
2025-12-04,SNEED ELEMENTARY,Elementary,inspection,9855 PAGEWOOD HOUSTON TX,77042,OPEN,0,
2025-12-04,SMITH ELEMENTARY SCHOOL,Elementary,grease_trap,11300 STANCLIFF HOUSTON TX,77099,OPEN,0,
2025-12-04,SMITH ELEMENTARY SCHOOL,Elementary,inspection,11300 STANCLIFF HOUSTON TX,77099,OPEN,0,
2025-12-04,SMITH ELEMENTARY SCHOOL,Elementary,inspection,11300 STANCLIFF HOUSTON TX,77099,OPEN,0,
2025-12-04,MARK WHITE ELEMENTARY,Elementary,inspection,2515 OLD FARMS RD HOUSTON TX,77063,OPEN,0,
2025-12-04,MARK WHITE ELEMENTARY,Elementary,inspection,2515 OLD FARMS RD HOUSTON TX,77063,OPEN,1,1 Houston Ordinance Violation: 20-21.19(d) (Violation)
2025-12-04,MARK WHITE ELEMENTARY,Elementary,inspection,2515 OLD FARMS RD HOUSTON TX,77063,OPEN,0,
2025-12-04,KIPP VOYAGE,Middle / Jr. High,inspection,9616 MESA RD HOUSTON TX,77078,OPEN,1,1 Houston Ordinance Violation: 20-21.10(a) (Violation)
2025-12-04,KIPP VOYAGE,Middle / Jr. High,grease_trap,9616 MESA RD HOUSTON TX,77078,OPEN,0,
2025-12-04,KIPP Polaris,Middle / Jr. High,inspection,9636 MESA DR HOUSTON TX,77078,OPEN,0,
2025-12-04,KIPP Polaris,Middle / Jr. High,grease_trap,9636 MESA DR HOUSTON TX,77078,OPEN,0,
2025-12-04,KIPP Polaris,Middle / Jr. High,inspection,9636 MESA DR HOUSTON TX,77078,OPEN,2,1 Houston Ordinance Violation: 20-21.10(a) (Violation) | 2 Houston Ordinance Violation: 20-21.10(m) (Violation)
2025-12-04,ENERGIZED FOR EXCELLENCE,Middle / Jr. High,inspection,6107 BISSONNET HOUSTON TX,77081,OPEN,2,1 Houston Ordinance Violation: 20-21.18(c) (Violation) | 2 Houston Ordinance Violation: 20-21.23(a) (Violation Repeat)
2025-12-04,ENERGIZED FOR EXCELLENCE,Middle / Jr. High,inspection,6107 BISSONNET HOUSTON TX,77081,OPEN,2,1 Houston Ordinance Violation: 20-21.17(a) (Violation) | 2 Houston Ordinance Violation: 20-21.23(a) (Violation)
2025-12-04,ENERGIZED FOR EXCELLENCE,Middle / Jr. High,grease_trap,6107 BISSONNET HOUSTON TX,77081,OPEN,0,
2025-12-04,A.B.FREEMAN ELEMENTARY,Elementary,inspection,2323 THETA HOUSTON TX,77034,OPEN,1,1 Houston Ordinance Violation: 20-21.21(b) (Violation)
2025-12-04,A.B.FREEMAN ELEMENTARY,Elementary,grease_trap,2323 THETA HOUSTON TX,77034,OPEN,0,
2025-12-04,A.B.FREEMAN ELEMENTARY,Elementary,inspection,2323 THETA HOUSTON TX,77034,OPEN,0,
2025-12-03,RIVER OAKS ELEMENTARY SCHOOL,Elementary,inspection,2008 KIRBY DR HOUSTON TX,77019,OPEN,0,
2025-12-03,RIVER OAKS ELEMENTARY SCHOOL,Elementary,grease_trap,2008 KIRBY DR HOUSTON TX,77019,OPEN,0,
2025-12-03,RIVER OAKS ELEMENTARY SCHOOL,Elementary,inspection,2008 KIRBY DR HOUSTON TX,77019,OPEN,1,1 Houston Ordinance Violation: 20-21.10(a) (Violation)
2025-12-03,RICE SCHOOL,Middle / Jr. High,grease_trap,7550 SEUSS HOUSTON TX,77025,OPEN,0,
2025-12-03,RICE SCHOOL,Middle / Jr. High,inspection,7550 SEUSS HOUSTON TX,77025,OPEN,1,1 Houston Ordinance Violation: 20-21.20(a)(03) (Violation)
2025-12-03,MILSTEAD MIDDLE SCHOOL,Middle / Jr. High,inspection,338 GILPIN ST HOUSTON TX,77034,OPEN,1,1 Houston Ordinance Violation: 20-21.21(b) (Violation)
2025-12-03,MILSTEAD MIDDLE SCHOOL,Middle / Jr. High,inspection,338 GILPIN ST HOUSTON TX,77034,OPEN,2,1 Houston Ordinance Violation: 20-21.10(m) (Violation) | 2 Houston Ordinance Violation: 20-21.22(a) (Violation)
2025-12-03,MILSTEAD MIDDLE SCHOOL,Middle / Jr. High,grease_trap,338 GILPIN ST HOUSTON TX,77034,OPEN,1,1 Houston Ordinance Violation: 47-512(b) (Violation Repeat)
2025-12-03,KIPP Northeast College Prep HS,High School,grease_trap,9680 MESA DR HOUSTON TX,77078,OPEN,0,
2025-12-03,KIPP Northeast College Prep HS,High School,inspection,9680 MESA DR HOUSTON TX,77078,OPEN,0,
2025-12-02,YES PREP SOUTHEAST ELEMENTARY,Elementary,inspection,507 CRENSHAW RD HOUSTON TX,77034,OPEN,2,1 Houston Ordinance Violation: 20-21.19(b) (Violation Repeat) | 2 Houston Ordinance Violation: 20-21.19(d) (Violation)
2025-12-02,YES PREP SOUTHEAST ELEMENTARY,Elementary,inspection,507 CRENSHAW RD HOUSTON TX,77034,OPEN,2,1 Houston Ordinance Violation: 20-21.23(g) (Violation) | 2 Houston Ordinance Violation: 20-21.23(a) (Violation)
2025-12-02,YES PREP SOUTHEAST ELEMENTARY,Elementary,grease_trap,507 CRENSHAW RD HOUSTON TX,77034,OPEN,0,
2025-12-02,YES PREP ELEMENTARY- BRAYS OAKS,Elementary,inspection,9060 BENNING DR HOUSTON TX,77031,OPEN,0,
2025-12-02,YES PREP ELEMENTARY- BRAYS OAKS,Elementary,inspection,9060 BENNING DR HOUSTON TX,77031,OPEN,1,1 Houston Ordinance Violation: 20-21.19(g) (Violation)
2025-12-02,WILLOWRIDGE HIGH SCHOOL,High School,grease_trap,16301 CHIMNEY ROCK HOUSTON TX,77053,OPEN,0,
2025-12-02,WILLOWRIDGE HIGH SCHOOL,High School,inspection,16301 CHIMNEY ROCK HOUSTON TX,77053,OPEN,5,1 Houston Ordinance Violation: 20-21.11(a)(07) (Violation) | 2 Houston Ordinance Violation: 20-21.20(a)(03) (Violation) | 3 Houston Ordinance Violation: 20-21.21(a)(04) (Violation) | 4 Houston Ordinance Violation: 20-21.22(a) (Violation) | 5 Houston Ordinance Violation: 20-21.23(g) (Violation)
2025-12-02,WESTCOTT STUDY CENTER,Middle / Jr. High,inspection,410 WESTCOTT ST HOUSTON TX,77007,OPEN,5,1 Houston Ordinance Violation: 20-21.03(a)(06) (Violation Corrected On Site) | 2 Houston Ordinance Violation: 20-21.12(f) (Violation) | 3 Houston Ordinance Violation: 20-21.12(g) (Violation) | 4 Houston Ordinance Violation: 20-36(a) (Violation Repeat) | 5 Houston Ordinance Violation: 21-244(a) (Violation)
2025-12-02,WESTCOTT STUDY CENTER,Middle / Jr. High,grease_trap,410 WESTCOTT ST HOUSTON TX,77007,OPEN,1,1 Houston Ordinance Violation: 47-522 (Violation)
2025-12-02,WESTCOTT STUDY CENTER,Middle / Jr. High,inspection,410 WESTCOTT ST HOUSTON TX,77007,OPEN,0,
2025-12-02,RIVERWOOD MIDDLE SCHOOL,Middle / Jr. High,inspection,2910 HIGH VALLEY HOUSTON TX,77339,OPEN,5,1 Houston Ordinance Violation: 20-21.03(c)(02) (Violation Corrected On Site) | 2 Houston Ordinance Violation: 20-21.03(c)(01) (Violation) | 3 Houston Ordinance Violation: 20-21.11(a)(07) (Violation) | 4 Houston Ordinance Violation: 20-21.23(a) (Violation) | 5 Houston Ordinance Violation: 20-21.23(a) (Violation)
2025-12-02,RIVERWOOD MIDDLE SCHOOL,Middle / Jr. High,grease_trap,2910 HIGH VALLEY HOUSTON TX,77339,OPEN,1,1 Houston Ordinance Violation: 47-512(b) (Violation)
2025-12-02,KLENTZMAN INTERMEDIATE,Middle / Jr. High,grease_trap,11100 STANCLIFF HOUSTON TX,77099,OPEN,0,
2025-12-02,KLENTZMAN INTERMEDIATE,Middle / Jr. High,inspection,11100 STANCLIFF HOUSTON TX,77099,OPEN,0,
2025-12-02,KLENTZMAN INTERMEDIATE,Middle / Jr. High,inspection,11100 STANCLIFF HOUSTON TX,77099,OPEN,0,
2025-12-02,GALLEGOS ELEMENTARY SCHOOL,Elementary,inspection,7415 HARRISBURG HOUSTON TX,77011,OPEN,3,1 Houston Ordinance Violation: 20-21.10(m) (Violation) | 2 Houston Ordinance Violation: 20-21.20(a)(03) (Violation) | 3 Houston Ordinance Violation: 20-21.23(g) (Violation)
2025-12-02,GALLEGOS ELEMENTARY SCHOOL,Elementary,grease_trap,7415 HARRISBURG HOUSTON TX,77011,OPEN,1,1 Houston Ordinance Violation: 47-512(b) (Violation)
2025-12-02,GALLEGOS ELEMENTARY SCHOOL,Elementary,inspection,7415 HARRISBURG HOUSTON TX,77011,OPEN,3,1 Houston Ordinance Violation: 20-21.10(a) (Violation) | 2 Houston Ordinance Violation: 20-21.19(c) (Violation Corrected On Site Repeat) | 3 Houston Ordinance Violation: 20-21.23(a) (Violation)
2025-12-02,CUMMINGS ELEMENTARY SCHOOL,Elementary,grease_trap,10455 S KIRKWOOD HOUSTON TX,77099,OPEN,0,
2025-12-02,CUMMINGS ELEMENTARY SCHOOL,Elementary,inspection,10455 S KIRKWOOD HOUSTON TX,77099,OPEN,0,
2025-12-02,CUMMINGS ELEMENTARY SCHOOL,Elementary,inspection,10455 S KIRKWOOD HOUSTON TX,77099,OPEN,0,
2025-12-02,CTE HIGH SCHOOL,High School,inspection,1348 GENOA RED BLUFF RD HOUSTON TX,77034,OPEN,0,
2025-12-02,CTE HIGH SCHOOL,High School,inspection,1348 GENOA RED BLUFF RD HOUSTON TX,77034,OPEN,2,1 Houston Ordinance Violation: 20-21.20(a)(03) (Violation) | 2 Houston Ordinance Violation: 20-21.23(a) (Violation)
2025-12-02,CTE HIGH SCHOOL,High School,grease_trap,1348 GENOA RED BLUFF RD HOUSTON TX,77034,OPEN,1,1 Houston Ordinance Violation: 47-512(b) (Violation)
2025-12-02,CHRISTA MCAULIFFE MIDDLE SCHOOL,Middle / Jr. High,grease_trap,16650 S POST OAK HOUSTON TX,77053,OPEN,0,
2025-12-02,CHRISTA MCAULIFFE MIDDLE SCHOOL,Middle / Jr. High,inspection,16650 S POST OAK HOUSTON TX,77053,OPEN,2,1 Houston Ordinance Violation: 20-21.02(a)(01) (Violation Corrected On Site) | 2 Houston Ordinance Violation: 20-21.07(a)(03) (Violation Corrected On Site)
2025-12-01,WISDOM HIGH SCHOOL,High School,grease_trap,6529 BEVERLY HILL HOUSTON TX,77057,OPEN,0,
2025-12-01,WISDOM HIGH SCHOOL,High School,inspection,6529 BEVERLY HILL HOUSTON TX,77057,OPEN,0,
2025-12-01,WISDOM HIGH SCHOOL,High School,inspection,6529 BEVERLY HILL HOUSTON TX,77057,OPEN,1,1 Houston Ordinance Violation: 20-21.11(a)(08)c[04] (Violation Corrected On Site)
2025-12-01,SECONDARY D.A.E.P.,Middle / Jr. High,inspection,1510 JENSEN DR HOUSTON TX,77020,OPEN,1,1 Houston Ordinance Violation: 20-21.23(a) (Violation)
2025-12-01,SECONDARY D.A.E.P.,Middle / Jr. High,inspection,1510 JENSEN DR HOUSTON TX,77020,OPEN,1,1 Houston Ordinance Violation: 20-21.23(g) (Violation)
2025-12-01,SECONDARY D.A.E.P.,Middle / Jr. High,grease_trap,1510 JENSEN DR HOUSTON TX,77020,OPEN,0,
2025-12-01,RIDGEGATE ELEMENTARY SCHOOL,Elementary,inspection,6015 W RIDGECREEK HOUSTON TX,77053,OPEN,1,1 Houston Ordinance Violation: 20-21.19(b) (Violation)
2025-12-01,RIDGEGATE ELEMENTARY SCHOOL,Elementary,inspection,6015 W RIDGECREEK HOUSTON TX,77053,OPEN,0,
2025-12-01,RIDGEGATE ELEMENTARY SCHOOL,Elementary,grease_trap,6015 W RIDGECREEK HOUSTON TX,77053,OPEN,0,
2025-12-01,POE ELEMENTARY,Elementary,inspection,5100 HAZARD HOUSTON TX,77098,OPEN,0,
2025-12-01,POE ELEMENTARY,Elementary,grease_trap,5100 HAZARD HOUSTON TX,77098,OPEN,1,1 Houston Ordinance Violation: 47-522 (Violation)
2025-12-01,POE ELEMENTARY,Elementary,inspection,5100 HAZARD HOUSTON TX,77098,OPEN,0,
2025-12-01,PETERSON ELEMENTARY SCHOOL,Elementary,inspection,14404 WATERLOO HOUSTON TX,77045,OPEN,4,1 Houston Ordinance Violation: 20-21.10(m) (Violation Repeat) | 2 Houston Ordinance Violation: 20-21.18(d) (Violation) | 3 Houston Ordinance Violation: 20-21.19(b) (Violation) | 4 Houston Ordinance Violation: 20-21.19(d) (Violation)
2025-12-01,PETERSON ELEMENTARY SCHOOL,Elementary,inspection,14404 WATERLOO HOUSTON TX,77045,OPEN,3,1 Houston Ordinance Violation: 20-20(c) (Violation Corrected On Site) | 2 Houston Ordinance Violation: 20-21.10(m) (Violation) | 3 Houston Ordinance Violation: 20-21.23(a) (Violation)
2025-12-01,PETERSON ELEMENTARY SCHOOL,Elementary,grease_trap,14404 WATERLOO HOUSTON TX,77045,OPEN,0,
2025-12-01,MADISON SR. HIGH,High School,inspection,13719 WHITE HEATHER HOUSTON TX,77045,OPEN,1,1 Houston Ordinance Violation: 20-21.19(b) (Violation Repeat)
2025-12-01,MADISON SR. HIGH,High School,inspection,13719 WHITE HEATHER HOUSTON TX,77045,OPEN,4,1 Houston Ordinance Violation: 20-21.10(m) (Violation) | 2 Houston Ordinance Violation: 20-21.11(a)(08)c[04] (Violation) | 3 Houston Ordinance Violation: 20-21.11(a)(07) (Violation) | 4 Houston Ordinance Violation: 20-21.19(b) (Violation)
2025-12-01,MADISON SR. HIGH,High School,grease_trap,13719 WHITE HEATHER HOUSTON TX,77045,OPEN,1,1 Houston Ordinance Violation: 47-512(b) (Violation)
2025-11-23,WESTCOTT STUDY CENTER,Middle / Jr. High,inspection,410 WESTCOTT ST HOUSTON TX,77007,OPEN,0,
2025-11-21,KINGWOOD MIDDLE SCHOOL,Middle / Jr. High,inspection,2407 PINE TERRACE KINGWOOD TX,77339,OPEN,3,1 Houston Ordinance Violation: 20-21.11(a)(07) (Violation Repeat) | 2 Houston Ordinance Violation: 20-21.20(a)(03) (Violation) | 3 Houston Ordinance Violation: 20-21.28(e) (Violation)
2025-11-21,KINGWOOD MIDDLE SCHOOL,Middle / Jr. High,inspection,2407 PINE TERRACE KINGWOOD TX,77339,OPEN,0,
2025-11-21,KINGWOOD HIGH SCHOOL,High School,inspection,2701 KINGWOOD DR HUMBLE TX,77339,OPEN,4,1 Houston Ordinance Violation: 20-21.11(a)(07) (Violation) | 2 Houston Ordinance Violation: 20-21.20(a)(03) (Violation Corrected On Site Repeat) | 3 Houston Ordinance Violation: 20-21.21(b) (Violation) | 4 Houston Ordinance Violation: 20-21.22(a) (Violation)
2025-11-21,KINGWOOD HIGH SCHOOL,High School,grease_trap,2701 KINGWOOD DR HUMBLE TX,77339,OPEN,0,
2025-11-20,WORTHING HIGH SCHOOL-NUTRITION SERVICES,High School,inspection,9215 SCOTT ST HOUSTON TX,77051,OPEN,0,
2025-11-20,WORTHING HIGH SCHOOL-NUTRITION SERVICES,High School,grease_trap,9215 SCOTT ST HOUSTON TX,77051,OPEN,0,
2025-11-20,WORTHING HIGH SCHOOL-NUTRITION SERVICES,High School,inspection,9215 SCOTT ST HOUSTON TX,77051,OPEN,4,1 Houston Ordinance Violation: 20-21.11(a)(07) (Violation) | 2 Houston Ordinance Violation: 20-21.17(a) (Violation) | 3 Houston Ordinance Violation: 20-21.20(a)(03) (Violation) | 4 Houston Ordinance Violation: 20-21.23(g) (Violation)
2025-11-20,WESTBURY SENIOR HIGH,High School,grease_trap,11911 CHIMNEY ROCK RD HOUSTON TX,77035,OPEN,0,
2025-11-20,WESTBURY SENIOR HIGH,High School,inspection,11911 CHIMNEY ROCK RD HOUSTON TX,77035,OPEN,2,1 Houston Ordinance Violation: 20-21.19(d) (Violation) | 2 Houston Ordinance Violation: 20-21.20(a)(03) (Violation)
2025-11-20,SOUTH EARLY COLLEGE HIGH SCHOOL,High School,inspection,1930 AIRPORT BLVD HOUSTON TX,77051,OPEN,1,1 Houston Ordinance Violation: 20-21.18(d) (Violation)
2025-11-20,SOUTH EARLY COLLEGE HIGH SCHOOL,High School,inspection,1930 AIRPORT BLVD HOUSTON TX,77051,OPEN,1,1 Houston Ordinance Violation: 20-21.10(a) (Violation)
2025-11-20,SOUTH EARLY COLLEGE HIGH SCHOOL,High School,grease_trap,1930 AIRPORT BLVD HOUSTON TX,77051,OPEN,0,
2025-11-20,NORTHBROOK HIGH SCHOOL,High School,inspection,1 RAIDER CIR HOUSTON TX,77080,OPEN,0,
2025-11-20,HOUSTON CAN ACADEMY,High School,inspection,9020 GULF FWY HOUSTON TX,77017,OPEN,0,
2025-11-20,HOUSTON CAN ACADEMY,High School,inspection,9020 GULF FWY HOUSTON TX,77017,OPEN,4,1 Houston Ordinance Violation: 20-21.03(b)(01) (Violation Repeat) | 2 Houston Ordinance Violation: 20-21.10(a) (Violation) | 3 Houston Ordinance Violation: 20-21.22(a) (Violation Repeat) | 4 Houston Ordinance Violation: 20-21.23(a) (Violation)
2025-11-20,HOUSTON CAN ACADEMY,High School,grease_trap,9020 GULF FWY HOUSTON TX,77017,OPEN,0,
2025-11-20,HOBBY ELEMENTARY SCHOOL,Elementary,inspection,4021 WOODMONT HOUSTON TX,77045,OPEN,3,1 Houston Ordinance Violation: 20-21.10(m) (Violation Repeat) | 2 Houston Ordinance Violation: 20-21.18(d) (Violation) | 3 Houston Ordinance Violation: 20-21.19(d) (Violation)
2025-11-20,HOBBY ELEMENTARY SCHOOL,Elementary,inspection,4021 WOODMONT HOUSTON TX,77045,OPEN,5,1 Houston Ordinance Violation: 20-20(c) (Violation) | 2 Houston Ordinance Violation: 20-21.10(m) (Violation) | 3 Houston Ordinance Violation: 20-21.11(a)(07) (Violation) | 4 Houston Ordinance Violation: 20-21.20(a)(03) (Violation) | 5 Houston Ordinance Violation: 20-21.23(a) (Violation)
2025-11-20,HOBBY ELEMENTARY SCHOOL,Elementary,grease_trap,4021 WOODMONT HOUSTON TX,77045,OPEN,0,
2025-11-20,ATTUCKS MIDDLE SCHOOL,Middle / Jr. High,inspection,4330 BELLFORT HOUSTON TX,77051,OPEN,1,1 Houston Ordinance Violation: 20-21.21(b) (Violation Repeat)
2025-11-20,ATTUCKS MIDDLE SCHOOL,Middle / Jr. High,inspection,4330 BELLFORT HOUSTON TX,77051,OPEN,1,1 Houston Ordinance Violation: 20-21.22(a) (Violation)
2025-11-20,ATTUCKS MIDDLE SCHOOL,Middle / Jr. High,grease_trap,4330 BELLFORT HOUSTON TX,77051,OPEN,0,
2025-11-20,ABS WEST SCHOOLS,Elementary,grease_trap,12772 MEDFIELD HOUSTON TX,77082,OPEN,1,1 Houston Ordinance Violation: 47-522 (Violation)
2025-11-20,ABS WEST SCHOOLS,Elementary,inspection,12772 MEDFIELD HOUSTON TX,77082,OPEN,0,
2025-11-20,ABS WEST SCHOOLS,Elementary,inspection,12772 MEDFIELD HOUSTON TX,77082,OPEN,0,
2025-11-19,YOUNGBLOOD INTERMEDIATE SCHOOL,Middle / Jr. High,grease_trap,8410 DAIRYVIEW HOUSTON TX,77072,OPEN,0,
2025-11-19,YOUNGBLOOD INTERMEDIATE SCHOOL,Middle / Jr. High,inspection,8410 DAIRYVIEW HOUSTON TX,77072,OPEN,0,
2025-11-19,YOUNGBLOOD INTERMEDIATE SCHOOL,Middle / Jr. High,inspection,8410 DAIRYVIEW HOUSTON TX,77072,OPEN,1,1 Houston Ordinance Violation: 20-21.10(a) (Violation)
2025-11-19,R. YZAGUIRRE SCHOOL FOR SUCCESS,Middle / Jr. High,inspection,2950 BROADWAY HOUSTON TX,77017,OPEN,0,
2025-11-19,R. YZAGUIRRE SCHOOL FOR SUCCESS,Middle / Jr. High,grease_trap,2950 BROADWAY HOUSTON TX,77017,OPEN,0,
2025-11-19,R. YZAGUIRRE SCHOOL FOR SUCCESS,Middle / Jr. High,inspection,2950 BROADWAY HOUSTON TX,77017,OPEN,2,1 Houston Ordinance Violation: 20-21.22(a) (Violation) | 2 Houston Ordinance Violation: 20-21.23(a) (Violation)
2025-11-19,R. YZAGUIRRE SCHOOL FOR SUCCESS,Middle / Jr. High,grease_trap,2950 BROADWAY HOUSTON TX,77017,OPEN,0,
2025-11-19,HASTINGS 9TH GRADE CENTER,Middle / Jr. High,grease_trap,6750 COOK HOUSTON TX,77072,OPEN,0,
2025-11-19,HASTINGS 9TH GRADE CENTER,Middle / Jr. High,inspection,6750 COOK HOUSTON TX,77072,OPEN,0,
2025-11-19,HASTINGS 9TH GRADE CENTER,Middle / Jr. High,inspection,6750 COOK HOUSTON TX,77072,OPEN,0,
2025-11-19,ELSIK 9TH GRADE CENTER,Middle / Jr. High,grease_trap,6767 DAIRY ASHFORD HOUSTON TX,77072,OPEN,0,
2025-11-19,ELSIK 9TH GRADE CENTER,Middle / Jr. High,inspection,6767 DAIRY ASHFORD HOUSTON TX,77072,OPEN,0,
2025-11-19,ELSIK 9TH GRADE CENTER,Middle / Jr. High,inspection,6767 DAIRY ASHFORD HOUSTON TX,77072,OPEN,0,
2025-11-19,DEADY MIDDLE SCHOOL,Middle / Jr. High,inspection,2500 BROADWAY HOUSTON TX,77012,OPEN,1,1 Houston Ordinance Violation: 20-21.21(b) (Violation Repeat)
2025-11-19,DEADY MIDDLE SCHOOL,Middle / Jr. High,inspection,2500 BROADWAY HOUSTON TX,77012,OPEN,2,1 Houston Ordinance Violation: 20-21.21(b) (Violation) | 2 Houston Ordinance Violation: 20-21.23(a) (Violation)
2025-11-19,DEADY MIDDLE SCHOOL,Middle / Jr. High,grease_trap,2500 BROADWAY HOUSTON TX,77012,OPEN,0,
2025-11-18,KILLOUGH MIDDLE SCHOOL,Middle / Jr. High,grease_trap,7600 SYNOTT HOUSTON TX,77083,OPEN,0,
2025-11-18,KILLOUGH MIDDLE SCHOOL,Middle / Jr. High,inspection,7600 SYNOTT HOUSTON TX,77083,OPEN,0,
2025-11-18,KILLOUGH MIDDLE SCHOOL,Middle / Jr. High,inspection,7600 SYNOTT HOUSTON TX,77083,OPEN,0,
2025-11-18,HOLLIBROOK ELEMENTARY SCHOOL,Elementary,inspection,3602 HOLLISTER HOUSTON TX,77080,OPEN,0,
2025-11-18,ALIEF ISD CAREER CENTER,High School,inspection,12160 RICHMOND AVE HOUSTON TX,77082,OPEN,0,
2025-11-18,ALIEF ISD CAREER CENTER,High School,grease_trap,12160 RICHMOND AVE HOUSTON TX,77082,OPEN,0,
2025-11-18,ALIEF ISD CAREER CENTER,High School,inspection,12160 RICHMOND AVE HOUSTON TX,77082,OPEN,1,1 Houston Ordinance Violation: 20-21.02(a)(01) (Violation Corrected On Site)
2025-11-17,YES PREP NORTHWEST SECONDARY,Middle / Jr. High,inspection,14741 YORKTOWN PLAZA DR HOUSTON TX,77040,OPEN,0,
2025-11-17,YES PREP NORTHWEST SECONDARY,Middle / Jr. High,inspection,14741 YORKTOWN PLAZA DR HOUSTON TX,77040,OPEN,0,
2025-11-17,YES PREP NORTHWEST SECONDARY,Middle / Jr. High,inspection,14741 YORKTOWN PLAZA DR HOUSTON TX,77040,OPEN,0,
2025-11-17,WESTBROOK INTERMEDIATE SCHOOL,Middle / Jr. High,grease_trap,302 EL DORADO BLVD FRIENDSWOOD TX,77546,OPEN,0,
2025-11-17,WESTBROOK INTERMEDIATE SCHOOL,Middle / Jr. High,inspection,302 EL DORADO BLVD FRIENDSWOOD TX,77546,OPEN,2,1 Houston Ordinance Violation: 20-21.10(m) (Violation) | 2 Houston Ordinance Violation: 20-21.20(h) (Violation)
2025-11-17,SHEARN ELEMENTARY SCHOOL,Elementary,grease_trap,9802 STELLA LINK HOUSTON TX,77025,OPEN,0,
2025-11-17,SHEARN ELEMENTARY SCHOOL,Elementary,inspection,9802 STELLA LINK HOUSTON TX,77025,OPEN,0,
2025-11-17,SER-NINOS MIDDLE SCHOOL,Middle / Jr. High,inspection,5610 GULFTON HOUSTON TX,77081,OPEN,2,1 Houston Ordinance Violation: 20-21.19(c) (Violation) | 2 Houston Ordinance Violation: 20-21.19(c) (Violation)
2025-11-17,SER-NINOS MIDDLE SCHOOL,Middle / Jr. High,inspection,5610 GULFTON HOUSTON TX,77081,OPEN,2,1 Houston Ordinance Violation: 20-19(d) (Violation) | 2 Houston Ordinance Violation: 20-21.07(a)(03) (Violation)
2025-11-17,HIDDEN HOLLOW ELEMENTARY,Elementary,inspection,4104 APPALACHIAN TRL HOUSTON TX,77339,OPEN,5,1 Houston Ordinance Violation: 20-21.03(c)(02) (Violation Corrected On Site) | 2 Houston Ordinance Violation: 20-21.10(m) (Violation) | 3 Houston Ordinance Violation: 20-21.11(a)(07) (Violation Repeat) | 4 Houston Ordinance Violation: 20-21.20(a)(03) (Violation Repeat) | 5 Houston Ordinance Violation: 20-21.23(g) (Violation Repeat)
2025-11-17,HIDDEN HOLLOW ELEMENTARY,Elementary,grease_trap,4104 APPALACHIAN TRL HOUSTON TX,77339,OPEN,0,
2025-11-17,HCC / ALIEF EARLY COLLEGE HIGH SCHOOL,High School,inspection,2811 HAYES RD HOUSTON TX,77082,OPEN,0,
2025-11-17,HCC / ALIEF EARLY COLLEGE HIGH SCHOOL,High School,grease_trap,2811 HAYES RD HOUSTON TX,77082,OPEN,0,
2025-11-17,HCC / ALIEF EARLY COLLEGE HIGH SCHOOL,High School,inspection,2811 HAYES RD HOUSTON TX,77082,OPEN,0,
2025-11-17,GREENTREE ELEMENTARY,Elementary,inspection,3502 BROOKSHADOW DR KINGWOOD TX,77345,OPEN,3,1 Houston Ordinance Violation: 20-21.11(a)(07) (Violation) | 2 Houston Ordinance Violation: 20-21.22(a) (Violation) | 3 Houston Ordinance Violation: 20-21.23(g) (Violation)
2025-11-17,GREENTREE ELEMENTARY,Elementary,grease_trap,3502 BROOKSHADOW DR KINGWOOD TX,77345,OPEN,0,
2025-11-17,DEERWOOD ELEMENTARY,Elementary,inspection,2920 FOREST GARDEN HUMBLE TX,77346,OPEN,4,1 Houston Ordinance Violation: 20-21.10(m) (Violation) | 2 Houston Ordinance Violation: 20-21.11(c)(03) (Violation Corrected On Site) | 3 Houston Ordinance Violation: 20-21.20(a)(03) (Violation) | 4 Houston Ordinance Violation: 20-21.23(g) (Violation Repeat)
2025-11-17,DEERWOOD ELEMENTARY,Elementary,grease_trap,2920 FOREST GARDEN HUMBLE TX,77346,OPEN,0,
2025-11-17,CULLEN JUNIOR HIGH SCHOOL,Middle / Jr. High,grease_trap,6900 SCOTT ST HOUSTON TX,77021,OPEN,0,
2025-11-17,CULLEN JUNIOR HIGH SCHOOL,Middle / Jr. High,inspection,6900 SCOTT ST HOUSTON TX,77021,OPEN,0,
2025-11-17,CULLEN JUNIOR HIGH SCHOOL,Middle / Jr. High,inspection,6900 SCOTT ST HOUSTON TX,77021,OPEN,1,1 Houston Ordinance Violation: 20-21.22(a) (Violation)
2025-11-17,BUDEWIG INTERMEDIATE SCHOOL,Middle / Jr. High,grease_trap,12570 RICHMOND HOUSTON TX,77082,OPEN,0,
2025-11-17,BUDEWIG INTERMEDIATE SCHOOL,Middle / Jr. High,inspection,12570 RICHMOND HOUSTON TX,77082,OPEN,0,
2025-11-17,BUDEWIG INTERMEDIATE SCHOOL,Middle / Jr. High,inspection,12570 RICHMOND HOUSTON TX,77082,OPEN,0,
2025-11-14,L.C. OWENS INTERMED. SCHOOL,Middle / Jr. High,grease_trap,6900 TURTLEWOOD HOUSTON TX,77072,OPEN,0,
2025-11-14,L.C. OWENS INTERMED. SCHOOL,Middle / Jr. High,inspection,6900 TURTLEWOOD HOUSTON TX,77072,OPEN,0,
2025-11-14,L.C. OWENS INTERMED. SCHOOL,Middle / Jr. High,inspection,6900 TURTLEWOOD HOUSTON TX,77072,OPEN,0,
2025-11-13,TALMMEDGE HEFLIN ELEMENTARY SCHOOL,Elementary,grease_trap,3303 SYNOTT HOUSTON TX,77082,OPEN,0,
2025-11-13,TALMMEDGE HEFLIN ELEMENTARY SCHOOL,Elementary,inspection,3303 SYNOTT HOUSTON TX,77082,OPEN,0,
2025-11-13,TALMMEDGE HEFLIN ELEMENTARY SCHOOL,Elementary,inspection,3303 SYNOTT HOUSTON TX,77082,OPEN,0,
2025-11-13,MILBY HIGH SCHOOL,High School,inspection,1601 BROADWAY HOUSTON TX,77012,OPEN,0,
2025-11-13,MILBY HIGH SCHOOL,High School,inspection,1601 BROADWAY HOUSTON TX,77012,OPEN,2,1 Houston Ordinance Violation: 20-21.21(b) (Violation) | 2 Houston Ordinance Violation: 20-21.23(a) (Violation)
2025-11-13,MILBY HIGH SCHOOL,High School,grease_trap,1601 BROADWAY HOUSTON TX,77012,OPEN,0,
2025-11-13,HARTMAN MIDDLE SCHOOL,Middle / Jr. High,inspection,7111 WESTOVER HOUSTON TX,77087,OPEN,0,
2025-11-13,HARTMAN MIDDLE SCHOOL,Middle / Jr. High,inspection,7111 WESTOVER HOUSTON TX,77087,OPEN,0,
2025-11-13,HARTMAN MIDDLE SCHOOL,Middle / Jr. High,grease_trap,7111 WESTOVER HOUSTON TX,77087,OPEN,0,
2025-11-13,HARTMAN MIDDLE SCHOOL,Middle / Jr. High,inspection,7111 WESTOVER HOUSTON TX,77087,OPEN,2,1 Houston Ordinance Violation: 20-21.22(a) (Violation) | 2 Houston Ordinance Violation: 21-244(a) (Violation)
2025-11-13,CESAR E. CHAVEZ HIGH SCHOOL,Middle / Jr. High,inspection,8501 HOWARD HOUSTON TX,77017,OPEN,2,1 Houston Ordinance Violation: 20-21.18(d) (Violation) | 2 Houston Ordinance Violation: 20-21.21(b) (Violation)
2025-11-13,CESAR E. CHAVEZ HIGH SCHOOL,Middle / Jr. High,inspection,8501 HOWARD HOUSTON TX,77017,OPEN,2,1 Houston Ordinance Violation: 20-21.22(f) (Violation) | 2 Houston Ordinance Violation: 20-21.23(a) (Violation)
2025-11-13,CESAR E. CHAVEZ HIGH SCHOOL,Middle / Jr. High,grease_trap,8501 HOWARD HOUSTON TX,77017,OPEN,0,
2025-11-13,ALIEF MONTESSORI COMMUNITY SCHOOL,Elementary,inspection,4215 H ST HOUSTON TX,77072,OPEN,0,
2025-11-13,ALIEF MONTESSORI COMMUNITY SCHOOL,Elementary,grease_trap,4215 H ST HOUSTON TX,77072,OPEN,0,
2025-11-13,ALIEF MONTESSORI COMMUNITY SCHOOL,Elementary,inspection,4215 H ST HOUSTON TX,77072,OPEN,0,
2025-11-11,HIGH SCHOOL FOR THE PERFORMING & VISUAL ARTS,High School,inspection,790 AUSTIN HOUSTON TX,77002,OPEN,1,1 Houston Ordinance Violation: 20-21.20(a)(03) (Violation)
2025-11-11,HIGH SCHOOL FOR THE PERFORMING & VISUAL ARTS,High School,grease_trap,790 AUSTIN HOUSTON TX,77002,OPEN,1,1 Houston Ordinance Violation: 47-512(b) (Violation)
2025-11-11,HIGH SCHOOL FOR LAW & JUSTICE,High School,grease_trap,3505 COYLE ST HOUSTON TX,77003,OPEN,0,
2025-11-11,HIGH SCHOOL FOR LAW & JUSTICE,High School,inspection,3505 COYLE ST HOUSTON TX,77003,OPEN,0,
2025-11-10,WOODLAND ACRES MIDDLE SCHOOL,Middle / Jr. High,inspection,12947 MYRTLE HOUSTON TX,77015,OPEN,0,
2025-11-10,WOODLAND ACRES MIDDLE SCHOOL,Middle / Jr. High,inspection,12947 MYRTLE HOUSTON TX,77015,OPEN,0,
2025-11-10,WOODLAND ACRES MIDDLE SCHOOL,Middle / Jr. High,grease_trap,12947 MYRTLE HOUSTON TX,77015,OPEN,0,
2025-11-10,RIDGEMONT ELEMENTARY SCHOOL,Elementary,inspection,4910 RAVEN RIDGE HOUSTON TX,77053,OPEN,3,1 Houston Ordinance Violation: 20-21.10(m) (Violation) | 2 Houston Ordinance Violation: 20-21.19(b) (Violation) | 3 Houston Ordinance Violation: 20-21.19(d) (Violation)
2025-11-10,RIDGEMONT ELEMENTARY SCHOOL,Elementary,inspection,4910 RAVEN RIDGE HOUSTON TX,77053,OPEN,4,1 Houston Ordinance Violation: 20-20(c) (Violation) | 2 Houston Ordinance Violation: 20-21.04(j) (Violation Corrected On Site) | 3 Houston Ordinance Violation: 20-21.21(d) (Violation) | 4 Houston Ordinance Violation: 20-21.23(a) (Violation)
2025-11-10,RIDGEMONT ELEMENTARY SCHOOL,Elementary,inspection,4910 RAVEN RIDGE HOUSTON TX,77053,OPEN,1,1 Houston Ordinance Violation: 47-512(b) (Violation)
2025-11-10,NORTH POINTE ELEMENTARY,Elementary,inspection,3200 ALMOND CREEK HOUSTON TX,77059,OPEN,0,
2025-11-10,NORTH POINTE ELEMENTARY,Elementary,grease_trap,3200 ALMOND CREEK HOUSTON TX,77059,OPEN,0,
2025-11-10,NORTH POINTE ELEMENTARY,Elementary,inspection,3200 ALMOND CREEK HOUSTON TX,77059,OPEN,1,1 Houston Ordinance Violation: 20-21.23(g) (Violation)
2025-11-10,MONTGOMERY ELEMENTARY SCHOOL,Elementary,inspection,4000 SIMSBROOK HOUSTON TX,77045,OPEN,4,1 Houston Ordinance Violation: 20-21.10(m) (Violation Repeat) | 2 Houston Ordinance Violation: 20-21.18(d) (Violation) | 3 Houston Ordinance Violation: 20-21.19(b) (Violation) | 4 Houston Ordinance Violation: 20-21.19(d) (Violation)
2025-11-10,MONTGOMERY ELEMENTARY SCHOOL,Elementary,inspection,4000 SIMSBROOK HOUSTON TX,77045,OPEN,7,1 Houston Ordinance Violation: 20-20(c) (Violation) | 2 Houston Ordinance Violation: 20-21.10(a) (Violation) | 3 Houston Ordinance Violation: 20-21.10(m) (Violation) | 4 Houston Ordinance Violation: 20-21.20(a)(03) (Violation) | 5 Houston Ordinance Violation: 20-21.21(a)(02) (Violation) | 6 Houston Ordinance Violation: 20-21.22(f) (Violation) | 7 Houston Ordinance Violation: 20-21.23(a) (Violation)
2025-11-10,MONTGOMERY ELEMENTARY SCHOOL,Elementary,grease_trap,4000 SIMSBROOK HOUSTON TX,77045,OPEN,1,1 Houston Ordinance Violation: 47-512(b) (Violation)
2025-11-10,JUDSON ROBINSON ELEMENTARY SCHOOL,Elementary,inspection,12425 WOODFOREST BLVD HOUSTON TX,77013,OPEN,2,1 Houston Ordinance Violation: 20-20(c) (Violation Corrected On Site) | 2 Houston Ordinance Violation: 20-21.20(a)(03) (Violation)
2025-11-10,JUDSON ROBINSON ELEMENTARY SCHOOL,Elementary,grease_trap,12425 WOODFOREST BLVD HOUSTON TX,77013,OPEN,0,
2025-11-10,JUDSON ROBINSON ELEMENTARY SCHOOL,Elementary,inspection,12425 WOODFOREST BLVD HOUSTON TX,77013,OPEN,0,
2025-11-10,GROSS ELEMENTARY SCHOOL,Elementary,grease_trap,12583 S GESSNER HOUSTON TX,77071,OPEN,0,
2025-11-10,GROSS ELEMENTARY SCHOOL,Elementary,inspection,12583 S GESSNER HOUSTON TX,77071,OPEN,1,1 Houston Ordinance Violation: 20-21.23(a) (Violation)
2025-11-10,GROSS ELEMENTARY SCHOOL,Elementary,inspection,12583 S GESSNER HOUSTON TX,77071,OPEN,1,1 Houston Ordinance Violation: 20-20(c) (Violation Corrected On Site)
2025-11-07,THE VARNETT SCHOOL,Elementary,inspection,804 MAXEY HOUSTON TX,77015,OPEN,1,1 Houston Ordinance Violation: 20-21.21(b) (Violation)
2025-11-07,THE GUTHRIE CENTER,High School,inspection,10660 HAMMERLY HOUSTON TX,77043,OPEN,4,1 Houston Ordinance Violation: 20-21.02(b)(01) (Violation Corrected On Site) | 2 Houston Ordinance Violation: 20-21.03(b)(10)b (Violation Corrected On Site) | 3 Houston Ordinance Violation: 20-21.22(a) (Violation) | 4 Houston Ordinance Violation: 20-21.25(b)(03) (Violation)
2025-11-07,THE GUTHRIE CENTER,High School,grease_trap,10660 HAMMERLY HOUSTON TX,77043,OPEN,1,1 Houston Ordinance Violation: 47-522 (Violation)
2025-11-07,SPRING OAKS MIDDLE SCHOOL,Middle / Jr. High,inspection,2150 SHADOWDALE HOUSTON TX,77043,OPEN,1,1 Houston Ordinance Violation: 20-21.10(a) (Violation Repeat)
2025-11-07,SPRING OAKS MIDDLE SCHOOL,Middle / Jr. High,inspection,2150 SHADOWDALE HOUSTON TX,77043,OPEN,3,1 Houston Ordinance Violation: 20-21.03(b)(09) (Violation) | 2 Houston Ordinance Violation: 20-21.10(a) (Violation) | 3 Houston Ordinance Violation: 20-21.21(b) (Violation)
2025-11-07,SPRING OAKS MIDDLE SCHOOL,Middle / Jr. High,grease_trap,2150 SHADOWDALE HOUSTON TX,77043,OPEN,0,
2025-11-07,PYBURN ELEMENTARY SCHOOL,Elementary,inspection,12302 COULSON ST HOUSTON TX,77015,OPEN,1,1 Houston Ordinance Violation: 20-21.17(c) (Violation)
2025-11-07,PYBURN ELEMENTARY SCHOOL,Elementary,inspection,12302 COULSON ST HOUSTON TX,77015,OPEN,0,
2025-11-07,PYBURN ELEMENTARY SCHOOL,Elementary,inspection,12302 COULSON ST HOUSTON TX,77015,OPEN,0,
2025-11-07,HOLLIBROOK ELEMENTARY SCHOOL,Elementary,grease_trap,3602 HOLLISTER HOUSTON TX,77080,OPEN,1,1 Houston Ordinance Violation: 47-512(b) (Violation)
2025-11-07,HOLLIBROOK ELEMENTARY SCHOOL,Elementary,inspection,3602 HOLLISTER HOUSTON TX,77080,OPEN,0,
2025-11-07,HOLLIBROOK ELEMENTARY SCHOOL,Elementary,inspection,3602 HOLLISTER HOUSTON TX,77080,OPEN,3,1 Houston Ordinance Violation: 20-21.11(a)(08)c[04] (Violation) | 2 Houston Ordinance Violation: 20-21.21(d) (Violation) | 3 Houston Ordinance Violation: 20-21.22(f) (Violation)
2025-11-07,CARVER HIGH SCHOOL,High School,inspection,2100 S VICTORY HOUSTON TX,77088,OPEN,0,
2025-11-06,PINE SHADOWS ELEMENTARY SCHOOL,Elementary,inspection,9900 NEUENS HOUSTON TX,77080,OPEN,0,
2025-11-06,PINE SHADOWS ELEMENTARY SCHOOL,Elementary,inspection,9900 NEUENS HOUSTON TX,77080,OPEN,1,1 Houston Ordinance Violation: 20-21.03(a)(02) (Violation Corrected On Site)
2025-11-06,PINE SHADOWS ELEMENTARY SCHOOL,Elementary,grease_trap,9900 NEUENS HOUSTON TX,77080,OPEN,0,
2025-11-06,NORTHBROOK HIGH SCHOOL,High School,inspection,1 RAIDER CIR HOUSTON TX,77080,OPEN,0,
2025-11-06,NORTHBROOK HIGH SCHOOL,High School,grease_trap,1 RAIDER CIR HOUSTON TX,77080,OPEN,0,
2025-11-06,NORTHBROOK HIGH SCHOOL,High School,inspection,1 RAIDER CIR HOUSTON TX,77080,OPEN,3,1 Houston Ordinance Violation: 20-21.11(a)(08)c[04] (Violation) | 2 Houston Ordinance Violation: 20-21.21(b) (Violation) | 3 Houston Ordinance Violation: 20-21.23(g) (Violation)
2025-11-06,MORRIS 5TH GRADE CENTER,Middle / Jr. High,inspection,10415 FUQUA HOUSTON TX,77089,OPEN,1,1 Houston Ordinance Violation: 20-20(c) (Violation Corrected On Site)
2025-11-06,MORRIS 5TH GRADE CENTER,Middle / Jr. High,inspection,10415 FUQUA HOUSTON TX,77089,OPEN,0,
2025-11-06,MORRIS 5TH GRADE CENTER,Middle / Jr. High,grease_trap,10415 FUQUA HOUSTON TX,77089,OPEN,1,1 Houston Ordinance Violation: 47-512(b) (Violation)
2025-11-06,MILNE ELEMENTARY SCHOOL,Elementary,inspection,7800 PORTAL HOUSTON TX,77071,OPEN,0,
2025-11-06,MILNE ELEMENTARY SCHOOL,Elementary,grease_trap,7800 PORTAL HOUSTON TX,77071,OPEN,0,
2025-11-06,MILNE ELEMENTARY SCHOOL,Elementary,inspection,7800 PORTAL HOUSTON TX,77071,OPEN,0,
2025-11-06,MEADOR ELEMENTARY SCHOOL,Elementary,inspection,10701 SEAFORD HOUSTON TX,77089,OPEN,0,
2025-11-06,MEADOR ELEMENTARY SCHOOL,Elementary,inspection,10701 SEAFORD HOUSTON TX,77089,OPEN,2,1 Houston Ordinance Violation: 20-20(c) (Violation Corrected On Site) | 2 Houston Ordinance Violation: 20-21.23(g) (Violation)
2025-11-06,MEADOR ELEMENTARY SCHOOL,Elementary,grease_trap,10701 SEAFORD HOUSTON TX,77089,OPEN,1,1 Houston Ordinance Violation: 47-512(b) (Violation)
2025-11-06,GROSS ELEMENTARY SCHOOL,Elementary,grease_trap,12583 S GESSNER HOUSTON TX,77071,OPEN,0,
2025-11-06,GROSS ELEMENTARY SCHOOL,Elementary,inspection,12583 S GESSNER HOUSTON TX,77071,CLOSED TEMPORARILY,2,1 Houston Ordinance Violation: 20-19(b) (Violation) | 2 Houston Ordinance Violation: 20-21.21(a) (Violation)
2025-11-06,EDGEWOOD ELEMENTARY,Elementary,inspection,8757 KEMPWOOD DR HOUSTON TX,77080,OPEN,1,1 Houston Ordinance Violation: 20-21.27(c) (Violation Corrected On Site)
2025-11-06,EDGEWOOD ELEMENTARY,Elementary,grease_trap,8757 KEMPWOOD DR HOUSTON TX,77080,OPEN,0,
2025-11-06,BEVERLY HILLS INTERMEDIATE,Middle / Jr. High,inspection,11111 BEAMER HOUSTON TX,77089,OPEN,1,1 Houston Ordinance Violation: 20-21.20(a)(03) (Violation)
2025-11-06,BEVERLY HILLS INTERMEDIATE,Middle / Jr. High,inspection,11111 BEAMER HOUSTON TX,77089,OPEN,0,
2025-11-06,BEVERLY HILLS INTERMEDIATE,Middle / Jr. High,grease_trap,11111 BEAMER HOUSTON TX,77089,OPEN,1,1 Houston Ordinance Violation: 47-512(b) (Violation)
2025-11-05,YES PREP ELEMENTARY-SOUTHWEST CAMPUS,Elementary,inspection,5212 ANDERSON RD HOUSTON TX,77053,OPEN,1,1 Houston Ordinance Violation: 20-21.19(b) (Violation)
2025-11-05,YES PREP ELEMENTARY-SOUTHWEST CAMPUS,Elementary,inspection,5212 ANDERSON RD HOUSTON TX,77053,OPEN,4,1 Houston Ordinance Violation: 20-20(c) (Violation) | 2 Houston Ordinance Violation: 20-21.10(a) (Violation) | 3 Houston Ordinance Violation: 20-21.20(a)(03) (Violation) | 4 Houston Ordinance Violation: 20-21.28(e) (Violation)
2025-11-05,YES PREP ELEMENTARY-SOUTHWEST CAMPUS,Elementary,inspection,5212 ANDERSON RD HOUSTON TX,77053,OPEN,0,
2025-11-05,SHARPSTOWN HIGH SCHOOL,High School,inspection,7504 BISSONNET HOUSTON TX,77074,OPEN,0,
2025-11-05,SHARPSTOWN HIGH SCHOOL,High School,grease_trap,7504 BISSONNET HOUSTON TX,77074,OPEN,0,
2025-11-05,SHARPSTOWN HIGH SCHOOL,High School,inspection,7504 BISSONNET HOUSTON TX,77074,OPEN,1,1 Houston Ordinance Violation: 20-21.03(c)(02) (Violation Corrected On Site)
2025-11-05,SCROGGINS ELEMENTARY,Elementary,inspection,400 BOYLES HOUSTON TX,77020,OPEN,0,
2025-11-05,SCROGGINS ELEMENTARY,Elementary,grease_trap,400 BOYLES HOUSTON TX,77020,OPEN,0,
2025-11-05,SCROGGINS ELEMENTARY,Elementary,inspection,400 BOYLES HOUSTON TX,77020,OPEN,4,1 Houston Ordinance Violation: 20-21.23(a) (Violation) | 2 Houston Ordinance Violation: 20-21.24(a) (Violation) | 3 Houston Ordinance Violation: 20-21.27(b) (Violation Corrected On Site) | 4 Houston Ordinance Violation: 20-53(g) (Violation)
2025-11-05,RIPLEY MIDDLE SCHOOL,Middle / Jr. High,inspection,4414 NAVIGATION BLVD HOUSTON TX,77011,OPEN,1,1 Houston Ordinance Violation: 20-19(d) (Violation Corrected On Site)
2025-11-05,RIDGEMONT ELEMENTARY SCHOOL,Elementary,inspection,4910 RAVEN RIDGE HOUSTON TX,77053,OPEN,0,
2025-11-05,RIDGEMONT ELEMENTARY SCHOOL,Elementary,inspection,4910 RAVEN RIDGE HOUSTON TX,77053,OPEN,5,1 Houston Ordinance Violation: 20-20(c) (Violation) | 2 Houston Ordinance Violation: 20-21.11(a)(08)c[04] (Violation) | 3 Houston Ordinance Violation: 20-21.19(b) (Violation) | 4 Houston Ordinance Violation: 20-21.20(a)(03) (Violation) | 5 Houston Ordinance Violation: 20-21.23(g) (Violation)
2025-11-05,RIDGEMONT ELEMENTARY SCHOOL,Elementary,inspection,4910 RAVEN RIDGE HOUSTON TX,77053,OPEN,0,
2025-11-05,FALCON PASS ELEMENTARY SCHOOL,Elementary,grease_trap,2465 FALCON PASS HOUSTON TX,77062,OPEN,0,
2025-11-05,FALCON PASS ELEMENTARY SCHOOL,Elementary,inspection,2465 FALCON PASS HOUSTON TX,77062,OPEN,0,
2025-11-05,DOBIE HIGH SCHOOL 9TH GRADE CAMPUS,Middle / Jr. High,inspection,10811 MONROE HOUSTON TX,77075,OPEN,1,1 Houston Ordinance Violation: 20-20(c) (Violation Corrected On Site)
2025-11-05,DOBIE HIGH SCHOOL 9TH GRADE CAMPUS,Middle / Jr. High,grease_trap,10811 MONROE HOUSTON TX,77075,OPEN,0,
2025-11-05,DOBIE HIGH SCHOOL 9TH GRADE CAMPUS,Middle / Jr. High,inspection,10811 MONROE HOUSTON TX,77075,OPEN,0,
2025-11-04,STEVENSON MIDDLE SCHOOL,Middle / Jr. High,inspection,9595 WINKLER HOUSTON TX,77017,OPEN,0,
2025-11-04,STEVENSON MIDDLE SCHOOL,Middle / Jr. High,inspection,9595 WINKLER HOUSTON TX,77017,OPEN,2,1 Houston Ordinance Violation: 20-21.10(a) (Violation) | 2 Houston Ordinance Violation: 20-21.23(a) (Violation)
2025-11-04,STEVENSON MIDDLE SCHOOL,Middle / Jr. High,grease_trap,9595 WINKLER HOUSTON TX,77017,OPEN,0,
2025-11-04,J.R. REYNOLDS ELEMENTARY SCHOOL,Elementary,inspection,9601 ROSEHAVEN DR HOUSTON TX,77051,OPEN,3,1 Houston Ordinance Violation: 20-21.18(d) (Violation) | 2 Houston Ordinance Violation: 20-21.19(b) (Violation) | 3 Houston Ordinance Violation: 20-21.19(d) (Violation)
2025-11-04,J.R. REYNOLDS ELEMENTARY SCHOOL,Elementary,inspection,9601 ROSEHAVEN DR HOUSTON TX,77051,OPEN,3,1 Houston Ordinance Violation: 20-20(c) (Violation) | 2 Houston Ordinance Violation: 20-21.23(a) (Violation) | 3 Houston Ordinance Violation: 20-56(a) (Violation)
2025-11-04,J.R. REYNOLDS ELEMENTARY SCHOOL,Elementary,grease_trap,9601 ROSEHAVEN DR HOUSTON TX,77051,OPEN,0,
2025-11-04,HOGG JR HIGH SCHOOL,Middle / Jr. High,inspection,1100 MERRILL HOUSTON TX,77009,OPEN,2,1 Houston Ordinance Violation: 20-21.20(b)(03) (Violation Repeat) | 2 Houston Ordinance Violation: 20-21.22(f) (Violation)
2025-11-04,HOGG JR HIGH SCHOOL,Middle / Jr. High,grease_trap,1100 MERRILL HOUSTON TX,77009,OPEN,0,
2025-11-04,HASTINGS 9TH GRADE CENTER,Middle / Jr. High,inspection,6750 COOK HOUSTON TX,77072,OPEN,0,
2025-11-04,HARVARD ELEMENTARY SCHOOL,Elementary,inspection,810 HARVARD HOUSTON TX,77007,OPEN,0,
2025-11-04,HARVARD ELEMENTARY SCHOOL,Elementary,grease_trap,810 HARVARD HOUSTON TX,77007,OPEN,0,
2025-11-04,ALIEF ISD CAREER CENTER,High School,inspection,12160 RICHMOND AVE HOUSTON TX,77082,OPEN,0,
2025-11-03,SCHOOL OF SCIENCE AND TECHNOLOGY,Elementary,grease_trap,12801 BRANT ROCK DR HOUSTON TX,77082,OPEN,1,1 Houston Ordinance Violation: 47-512(b) (Violation)
2025-11-03,SCHOOL OF SCIENCE AND TECHNOLOGY,Elementary,inspection,12801 BRANT ROCK DR HOUSTON TX,77082,OPEN,4,1 Houston Ordinance Violation: 20-21.03(b)(01) (Violation) | 2 Houston Ordinance Violation: 20-21.18(d) (Violation) | 3 Houston Ordinance Violation: 20-21.19(g) (Violation) | 4 Houston Ordinance Violation: 20-21.23(g) (Violation)
2025-11-03,GARCIA ELEMENTARY SCHOOL,Elementary,inspection,9550 ALDINE WESTFIELD HOUSTON TX,77093,OPEN,3,1 Houston Ordinance Violation: 20-21.10(m) (Violation) | 2 Houston Ordinance Violation: 20-21.19(g) (Violation Corrected On Site) | 3 Houston Ordinance Violation: 20-21.22(a) (Violation)
2025-11-03,GARCIA ELEMENTARY SCHOOL,Elementary,grease_trap,9550 ALDINE WESTFIELD HOUSTON TX,77093,OPEN,0,
2025-11-03,E.M. YOUNG ELEMENTARY,Elementary,inspection,3555 BELLFORT HOUSTON TX,77051,OPEN,1,1 Houston Ordinance Violation: 20-21.21(b) (Violation)
2025-11-03,E.M. YOUNG ELEMENTARY,Elementary,inspection,3555 BELLFORT HOUSTON TX,77051,OPEN,2,1 Houston Ordinance Violation: 20-21.10(a) (Violation) | 2 Houston Ordinance Violation: 20-21.23(a) (Violation)
2025-11-03,E.M. YOUNG ELEMENTARY,Elementary,grease_trap,3555 BELLFORT HOUSTON TX,77051,OPEN,0,
2025-11-03,DAVID G. BURNET ELEMENTARY,Elementary,inspection,5403 CANAL HOUSTON TX,77011,OPEN,0,
2025-11-03,DAVID G. BURNET ELEMENTARY,Elementary,grease_trap,5403 CANAL HOUSTON TX,77011,OPEN,0,
2025-11-03,DAVID G. BURNET ELEMENTARY,Elementary,inspection,5403 CANAL HOUSTON TX,77011,OPEN,2,1 Houston Ordinance Violation: 20-21.28(e) (Violation Corrected On Site Repeat) | 2 Houston Ordinance Violation: 20-21.28(a)(01) (Violation Repeat)
2025-11-03,COOP ELEMENTARY,Elementary,inspection,10130 ALDINE WESTFIELD HOUSTON TX,77093,OPEN,5,1 Houston Ordinance Violation: 20-21.10(a) (Violation) | 2 Houston Ordinance Violation: 20-21.20(a)(03) (Violation) | 3 Houston Ordinance Violation: 20-21.23(g) (Violation Repeat) | 4 Houston Ordinance Violation: 20-21.23(a) (Violation) | 5 Houston Ordinance Violation: 20-21.28(e) (Violation)
2025-11-03,COOP ELEMENTARY,Elementary,grease_trap,10130 ALDINE WESTFIELD HOUSTON TX,77093,OPEN,0,
2025-10-31,YES PREP HOBBY ELEMENTARY,Elementary,inspection,7660 HANSEN RD HOUSTON TX,77061,OPEN,0,
2025-10-31,YES PREP HOBBY ELEMENTARY,Elementary,inspection,7660 HANSEN RD HOUSTON TX,77061,OPEN,0,
2025-10-31,HIGH SCHOOL FOR INTERNATIONAL STUDIES,High School,inspection,1810 STUART HOUSTON TX,77004,OPEN,1,1 Houston Ordinance Violation: 20-21.11(a)(07) (Violation)
2025-10-31,HIGH SCHOOL FOR INTERNATIONAL STUDIES,High School,inspection,1810 STUART HOUSTON TX,77004,OPEN,0,
2025-10-31,HIGH SCHOOL FOR INTERNATIONAL STUDIES,High School,grease_trap,1810 STUART HOUSTON TX,77004,OPEN,0,
2025-10-31,BERRY ELEMENTARY,Elementary,inspection,2310 BERRY RD HOUSTON TX,77093,OPEN,3,1 Houston Ordinance Violation: 20-21.10(m) (Violation Repeat) | 2 Houston Ordinance Violation: 20-21.11(a)(07) (Violation) | 3 Houston Ordinance Violation: 20-21.23(g) (Violation Repeat)
2025-10-31,BERRY ELEMENTARY,Elementary,grease_trap,2310 BERRY RD HOUSTON TX,77093,OPEN,0,
2025-10-31,BAYLOR COLLEGE OF MEDICINE ACADEMY @ RYAN,Middle / Jr. High,inspection,2610 ELGIN HOUSTON TX,77004,OPEN,4,1 Houston Ordinance Violation: 20-21.10(m) (Violation) | 2 Houston Ordinance Violation: 20-21.10(a) (Violation) | 3 Houston Ordinance Violation: 20-21.11(a)(02) (Violation Corrected On Site) | 4 Houston Ordinance Violation: 20-21.21(b) (Violation)
2025-10-31,BAYLOR COLLEGE OF MEDICINE ACADEMY @ RYAN,Middle / Jr. High,inspection,2610 ELGIN HOUSTON TX,77004,OPEN,2,1 Houston Ordinance Violation: 20-21.23(a) (Violation) | 2 Houston Ordinance Violation: 20-21.23(g) (Violation)
2025-10-31,BAYLOR COLLEGE OF MEDICINE ACADEMY @ RYAN,Middle / Jr. High,grease_trap,2610 ELGIN HOUSTON TX,77004,OPEN,0,
2025-10-30,WALTRIP HIGH SCHOOL,High School,inspection,1900 W 34TH HOUSTON TX,77018,OPEN,4,1 Houston Ordinance Violation: 20-21.10(m) (Violation) | 2 Houston Ordinance Violation: 20-21.11(a)(08)c[04] (Violation) | 3 Houston Ordinance Violation: 20-21.11(a)(07) (Violation) | 4 Houston Ordinance Violation: 20-21.22(a) (Violation)
2025-10-30,TINA WHIDBY ELEMENTARY,Elementary,inspection,7625 SPRINGHILL HOUSTON TX,77021,OPEN,0,
2025-10-30,TINA WHIDBY ELEMENTARY,Elementary,grease_trap,7625 SPRINGHILL HOUSTON TX,77021,OPEN,0,
2025-10-30,TINA WHIDBY ELEMENTARY,Elementary,inspection,7625 SPRINGHILL HOUSTON TX,77021,OPEN,1,1 Houston Ordinance Violation: 20-21.23(g) (Violation)
2025-10-30,THOMAS HANCOCK ELEMENTARY,Elementary,inspection,9604 MINNESOTA ST HOUSTON TX,77075,OPEN,0,
2025-10-30,THOMAS HANCOCK ELEMENTARY,Elementary,inspection,9604 MINNESOTA ST HOUSTON TX,77075,OPEN,0,
2025-10-30,THOMAS HANCOCK ELEMENTARY,Elementary,grease_trap,9604 MINNESOTA ST HOUSTON TX,77075,OPEN,0,
2025-10-30,ST. THOMAS MORE SCHOOL CAFETERIA,Middle / Jr. High,inspection,5927 WIGTON HOUSTON TX,77096,OPEN,0,
2025-10-30,NAVARRO MS,Middle / Jr. High,inspection,5100 POLK HOUSTON TX,77023,OPEN,1,1 Houston Ordinance Violation: 20-21.23(a) (Violation Repeat)
2025-10-30,NAVARRO MS,Middle / Jr. High,inspection,5100 POLK HOUSTON TX,77023,OPEN,2,1 Houston Ordinance Violation: 20-21.22(a) (Violation) | 2 Houston Ordinance Violation: 20-21.23(a) (Violation)
2025-10-30,NAVARRO MS,Middle / Jr. High,grease_trap,5100 POLK HOUSTON TX,77023,OPEN,0,
2025-10-30,MEMORIAL JR HIGH SCHOOL,Middle / Jr. High,inspection,12550 VINDON DR HOUSTON TX,77024,OPEN,0,
2025-10-30,MEMORIAL JR HIGH SCHOOL,Middle / Jr. High,grease_trap,12550 VINDON DR HOUSTON TX,77024,OPEN,1,1 Houston Ordinance Violation: 47-512(b) (Violation)
2025-10-30,MEMORIAL JR HIGH SCHOOL,Middle / Jr. High,inspection,12550 VINDON DR HOUSTON TX,77024,OPEN,4,1 Houston Ordinance Violation: 20-21.10(m) (Violation) | 2 Houston Ordinance Violation: 20-21.20(a)(03) (Violation) | 3 Houston Ordinance Violation: 20-21.22(a) (Violation Corrected On Site) | 4 Houston Ordinance Violation: 20-21.22(a) (Violation)
2025-10-30,KIPP Intrepid MS,Middle / Jr. High,inspection,5402 LAWNDALE HOUSTON TX,77023,OPEN,0,
2025-10-30,KIPP Intrepid MS,Middle / Jr. High,grease_trap,5402 LAWNDALE HOUSTON TX,77023,OPEN,0,
2025-10-30,KIPP EXPLORE PS,Elementary,grease_trap,5402 LAWNDALE AVE HOUSTON TX,77023,OPEN,0,
2025-10-30,KIPP EXPLORE PS,Elementary,inspection,5402 LAWNDALE AVE HOUSTON TX,77023,OPEN,0,
2025-10-30,KIPP EAST END HS,High School,inspection,5402 LAWNDALE AVE HOUSTON TX,77023,OPEN,0,
2025-10-30,KIPP EAST END HS,High School,grease_trap,5402 LAWNDALE AVE HOUSTON TX,77023,OPEN,0,
2025-10-30,J. FRANK DOBIE HIGH SCHOOL,High School,inspection,10220 BLACKHAWK DR HOUSTON TX,77089,OPEN,1,1 Houston Ordinance Violation: 20-20(c) (Violation Corrected On Site)
2025-10-30,J. FRANK DOBIE HIGH SCHOOL,High School,inspection,10220 BLACKHAWK DR HOUSTON TX,77089,OPEN,0,
2025-10-30,J. FRANK DOBIE HIGH SCHOOL,High School,grease_trap,10220 BLACKHAWK DR HOUSTON TX,77089,OPEN,0,
2025-10-30,CHANCELLOR ELEMENTARY SCHOOL,Elementary,inspection,4350 BOONE HOUSTON TX,77072,OPEN,0,
2025-10-30,CHANCELLOR ELEMENTARY SCHOOL,Elementary,grease_trap,4350 BOONE HOUSTON TX,77072,OPEN,0,
2025-10-30,CHANCELLOR ELEMENTARY SCHOOL,Elementary,inspection,4350 BOONE HOUSTON TX,77072,OPEN,0,
2025-10-30,BURNETT ELEMENTARY SCHOOL,Elementary,inspection,11825 TEANECK HOUSTON TX,77089,OPEN,1,1 Houston Ordinance Violation: 20-20(c) (Violation Corrected On Site)
2025-10-30,BURNETT ELEMENTARY SCHOOL,Elementary,inspection,11825 TEANECK HOUSTON TX,77089,OPEN,0,
2025-10-30,BURNETT ELEMENTARY SCHOOL,Elementary,grease_trap,11825 TEANECK HOUSTON TX,77089,OPEN,0,
2025-10-30,ALIEF LEARNING CENTER,Middle / Jr. High,inspection,4427 BELLE PARK HOUSTON TX,77072,OPEN,0,
2025-10-30,ALIEF LEARNING CENTER,Middle / Jr. High,grease_trap,4427 BELLE PARK HOUSTON TX,77072,OPEN,0,
2025-10-30,ALIEF LEARNING CENTER,Middle / Jr. High,inspection,4427 BELLE PARK HOUSTON TX,77072,OPEN,0,
2025-10-29,SHERMAN ELEMENTARY,Elementary,inspection,1909 MCKEE ST HOUSTON TX,77009,OPEN,1,1 Houston Ordinance Violation: 20-21.23(a) (Violation)
2025-10-29,SHERMAN ELEMENTARY,Elementary,grease_trap,1909 MCKEE ST HOUSTON TX,77009,OPEN,0,
2025-10-29,LANDIS ELEMENTARY SCHOOL,Elementary,inspection,10255 SPICE LN HOUSTON TX,77072,OPEN,0,
2025-10-29,LANDIS ELEMENTARY SCHOOL,Elementary,grease_trap,10255 SPICE LN HOUSTON TX,77072,OPEN,0,
2025-10-29,LANDIS ELEMENTARY SCHOOL,Elementary,inspection,10255 SPICE LN HOUSTON TX,77072,OPEN,0,
2025-10-29,HOUSTON CAN ACADEMY NORTH,High School,inspection,3401 HARDY ST HOUSTON TX,77009,OPEN,0,
2025-10-29,HOUSTON CAN ACADEMY NORTH,High School,grease_trap,3401 HARDY ST HOUSTON TX,77009,OPEN,0,
2025-10-29,HARTSFIELD ELEMENTARY,Elementary,grease_trap,5001 PERRY HOUSTON TX,77021,OPEN,0,
2025-10-29,HARTSFIELD ELEMENTARY,Elementary,inspection,5001 PERRY HOUSTON TX,77021,OPEN,0,
2025-10-29,HARTSFIELD ELEMENTARY,Elementary,inspection,5001 PERRY HOUSTON TX,77021,OPEN,1,1 Houston Ordinance Violation: 20-21.23(g) (Violation Corrected On Site)
2025-10-29,HARPER ALTERNATIVE SCHOOL,Middle / Jr. High,inspection,4425 N SHEPHERD DR HOUSTON TX,77018,OPEN,0,
2025-10-29,HARPER ALTERNATIVE SCHOOL,Middle / Jr. High,grease_trap,4425 N SHEPHERD DR HOUSTON TX,77018,OPEN,0,
2025-10-29,HARPER ALTERNATIVE SCHOOL,Middle / Jr. High,inspection,4425 N SHEPHERD DR HOUSTON TX,77018,OPEN,2,1 Houston Ordinance Violation: 20-21.03(c)(01) (Violation) | 2 Houston Ordinance Violation: 20-21.07(a)(03) (Violation)
2025-10-29,ALBERT THOMAS MIDDLE SCHOOL,Middle / Jr. High,inspection,5655 SELINSKY HOUSTON TX,77048,OPEN,3,1 Houston Ordinance Violation: 20-21.02(a)(01) (Violation Corrected On Site) | 2 Houston Ordinance Violation: 20-21.10(a) (Violation) | 3 Houston Ordinance Violation: 20-21.22(a) (Violation)
2025-10-29,ALBERT THOMAS MIDDLE SCHOOL,Middle / Jr. High,inspection,5655 SELINSKY HOUSTON TX,77048,OPEN,0,
2025-10-29,ALBERT THOMAS MIDDLE SCHOOL,Middle / Jr. High,grease_trap,5655 SELINSKY HOUSTON TX,77048,OPEN,0,
2025-10-28,TANGLEWOOD MS,Middle / Jr. High,inspection,5215 SAN FELIPE HOUSTON TX,77056,OPEN,2,1 Houston Ordinance Violation: 20-21.10(m) (Violation) | 2 Houston Ordinance Violation: 20-21.19(d) (Violation)
2025-10-28,TANGLEWOOD MS,Middle / Jr. High,grease_trap,5215 SAN FELIPE HOUSTON TX,77056,OPEN,0,
2025-10-28,TANGLEWOOD MS,Middle / Jr. High,inspection,5215 SAN FELIPE HOUSTON TX,77056,OPEN,1,1 Houston Ordinance Violation: 20-21.28(e) (Violation)
2025-10-28,MADING ELEMENTARY,Elementary,grease_trap,8511 CRESTMONT HOUSTON TX,77033,OPEN,0,
2025-10-28,MADING ELEMENTARY,Elementary,inspection,8511 CRESTMONT HOUSTON TX,77033,OPEN,0,
2025-10-28,MADING ELEMENTARY,Elementary,inspection,8511 CRESTMONT HOUSTON TX,77033,OPEN,2,1 Houston Ordinance Violation: 20-21.11(a)(07) (Violation Corrected On Site) | 2 Houston Ordinance Violation: 20-21.23(g) (Violation)
2025-10-28,LOCKHART TURNER ELEMENTARY,Elementary,inspection,3200 ROSEDALE HOUSTON TX,77004,OPEN,1,1 Houston Ordinance Violation: 20-21.10(a) (Violation)
2025-10-28,LOCKHART TURNER ELEMENTARY,Elementary,inspection,3200 ROSEDALE HOUSTON TX,77004,OPEN,0,
2025-10-28,LOCKHART TURNER ELEMENTARY,Elementary,grease_trap,3200 ROSEDALE HOUSTON TX,77004,OPEN,0,
2025-10-28,KIPP North HS/MS/PS,Elementary,grease_trap,500 TIDWELL RD HOUSTON TX,77022,OPEN,1,1 Houston Ordinance Violation: 47-522 (Violation)
2025-10-28,KIPP North HS/MS/PS,Elementary,inspection,500 TIDWELL RD HOUSTON TX,77022,OPEN,0,
2025-10-28,KIPP North HS/MS/PS,Elementary,grease_trap,500 TIDWELL RD HOUSTON TX,77022,OPEN,0,
2025-10-28,KIPP North HS/MS/PS,Elementary,inspection,500 TIDWELL RD HOUSTON TX,77022,OPEN,2,1 Houston Ordinance Violation: 20-21.18(c) (Violation) | 2 Houston Ordinance Violation: 20-21.19(b) (Violation)
2025-10-28,KIPP North HS/MS/PS,Elementary,inspection,500 TIDWELL RD HOUSTON TX,77022,OPEN,2,1 Houston Ordinance Violation: 20-21.12(g) (Violation Corrected On Site) | 2 Houston Ordinance Violation: 20-21.20(a)(03) (Violation)
2025-10-28,KIPP North HS/MS/PS,Elementary,grease_trap,500 TIDWELL RD HOUSTON TX,77022,OPEN,0,
2025-10-28,KIPP North HS/MS/PS,Elementary,inspection,500 TIDWELL RD HOUSTON TX,77022,OPEN,1,1 Houston Ordinance Violation: 20-21.10(m) (Violation)
2025-10-28,KELSO ELEMENTARY,Elementary,grease_trap,5800 SOUTHMUND HOUSTON TX,77033,OPEN,0,
2025-10-28,KELSO ELEMENTARY,Elementary,inspection,5800 SOUTHMUND HOUSTON TX,77033,OPEN,0,
2025-10-28,KELSO ELEMENTARY,Elementary,inspection,5800 SOUTHMUND HOUSTON TX,77033,OPEN,2,1 Houston Ordinance Violation: 20-21.10(m) (Violation) | 2 Houston Ordinance Violation: 20-21.23(a) (Violation)
2025-10-28,JACK YATES HIGH SCHOOL,High School,inspection,3650 ALABAMA ST HOUSTON TX,77004,OPEN,8,1 Houston Ordinance Violation: 20-21.08(a) (Violation Corrected On Site) | 2 Houston Ordinance Violation: 20-21.11(a)(08)c[04] (Violation) | 3 Houston Ordinance Violation: 20-21.11(a)(07) (Violation) | 4 Houston Ordinance Violation: 20-21.14(b)(01) (Violation Corrected On Site) | 5 Houston Ordinance Violation: 20-21.20(a)(03) (Violation Corrected On Site) | 6 Houston Ordinance Violation: 20-21.20(a)(03) (Violation) | 7 Houston Ordinance Violation: 20-21.21(b) (Violation) | 8 Houston Ordinance Violation: 20-21.23(g) (Violation)
2025-10-28,JACK YATES HIGH SCHOOL,High School,inspection,3650 ALABAMA ST HOUSTON TX,77004,OPEN,0,
2025-10-28,JACK YATES HIGH SCHOOL,High School,grease_trap,3650 ALABAMA ST HOUSTON TX,77004,OPEN,0,
2025-10-28,ENERGY INSTITUTE HIGH SCHOOL,High School,inspection,3501 SOUTHMORE BLVD HOUSTON TX,77004,OPEN,3,1 Houston Ordinance Violation: 20-21.11(a)(07) (Violation) | 2 Houston Ordinance Violation: 20-21.21(b) (Violation) | 3 Houston Ordinance Violation: 20-21.23(g) (Violation)
2025-10-28,ENERGY INSTITUTE HIGH SCHOOL,High School,inspection,3501 SOUTHMORE BLVD HOUSTON TX,77004,OPEN,0,
2025-10-28,ENERGY INSTITUTE HIGH SCHOOL,High School,grease_trap,3501 SOUTHMORE BLVD HOUSTON TX,77004,OPEN,0,
2025-10-28,CREEKWOOD MIDDLE SCHOOL,Middle / Jr. High,inspection,3603 W LAKE HOUSTON PKWY KINGWOOD TX,77339,OPEN,3,1 Houston Ordinance Violation: 20-21.11(a)(07) (Violation) | 2 Houston Ordinance Violation: 20-21.20(a)(03) (Violation) | 3 Houston Ordinance Violation: 20-21.23(g) (Violation Repeat)
2025-10-28,CREEKWOOD MIDDLE SCHOOL,Middle / Jr. High,grease_trap,3603 W LAKE HOUSTON PKWY KINGWOOD TX,77339,OPEN,1,1 Houston Ordinance Violation: 47-512(b) (Violation)
2025-10-28,BROWNING ELEMENTARY,Elementary,inspection,607 NORTHWOOD HOUSTON TX,77009,OPEN,0,
2025-10-28,BROWNING ELEMENTARY,Elementary,grease_trap,607 NORTHWOOD HOUSTON TX,77009,OPEN,0,
2025-10-28,BEAR BRANCH ELEMENTARY,Elementary,inspection,3500 GARDEN LAKE KINGWOOD TX,77339,OPEN,6,1 Houston Ordinance Violation: 20-21.01(a) (Violation Corrected On Site) | 2 Houston Ordinance Violation: 20-21.03(b)(01) (Violation) | 3 Houston Ordinance Violation: 20-21.03(c)(01) (Violation) | 4 Houston Ordinance Violation: 20-21.21(b) (Violation) | 5 Houston Ordinance Violation: 20-21.22(a) (Violation) | 6 Houston Ordinance Violation: 20-21.23(g) (Violation Repeat)
2025-10-28,BEAR BRANCH ELEMENTARY,Elementary,grease_trap,3500 GARDEN LAKE KINGWOOD TX,77339,OPEN,0,
2025-10-27,YES PREP PUBLIC SCHOOLS - SOUTHSIDE ELEMENTARY,Elementary,inspection,5515 SOUTH LOOP EAST HOUSTON TX,77033,OPEN,0,
2025-10-27,YES PREP PUBLIC SCHOOLS - SOUTHSIDE ELEMENTARY,Elementary,inspection,5515 SOUTH LOOP EAST HOUSTON TX,77033,OPEN,0,
2025-10-27,YES PREP PUBLIC SCHOOLS - SOUTHSIDE ELEMENTARY,Elementary,inspection,5515 SOUTH LOOP EAST HOUSTON TX,77033,OPEN,4,1 Houston Ordinance Violation: 20-21.10(m) (Violation) | 2 Houston Ordinance Violation: 20-21.12(g) (Violation Corrected On Site) | 3 Houston Ordinance Violation: 20-21.20(a)(03) (Violation) | 4 Houston Ordinance Violation: 20-21.23(a) (Violation)
2025-10-27,PEARL HALL ELEMENTARY SCHOOL,Elementary,grease_trap,1504 9TH ST SOUTH HOUSTON TX,77587,OPEN,0,
2025-10-27,PEARL HALL ELEMENTARY SCHOOL,Elementary,inspection,1504 9TH ST SOUTH HOUSTON TX,77587,OPEN,0,
2025-10-24,WINDMILL LAKES HIGH SCHOOL,High School,inspection,9901 WINDMILL LAKES BLVD HOUSTON TX,77075,OPEN,3,1 Houston Ordinance Violation: 20-21.20(a)(03) (Violation) | 2 Houston Ordinance Violation: 20-21.21(b) (Violation Repeat) | 3 Houston Ordinance Violation: 20-21.23(a) (Violation)
2025-10-24,WINDMILL LAKES HIGH SCHOOL,High School,inspection,9901 WINDMILL LAKES BLVD HOUSTON TX,77075,OPEN,1,1 Houston Ordinance Violation: 47-512(b) (Violation)
2025-10-24,WESLEY ELEMENTARY SCHOOL,Elementary,grease_trap,800 DILLARD HOUSTON TX,77091,OPEN,0,
2025-10-24,WESLEY ELEMENTARY SCHOOL,Elementary,inspection,800 DILLARD HOUSTON TX,77091,OPEN,0,
2025-10-24,WESLEY ELEMENTARY SCHOOL,Elementary,inspection,800 DILLARD HOUSTON TX,77091,OPEN,1,1 Houston Ordinance Violation: 20-21.21(b) (Violation Repeat)
2025-10-24,TERRACE ELEMENTARY SCHOOL,Elementary,inspection,10400 ROTHBURY HOUSTON TX,77043,OPEN,2,1 Houston Ordinance Violation: 20-21.03(c)(02) (Violation) | 2 Houston Ordinance Violation: 20-21.22(a) (Violation)
2025-10-24,TERRACE ELEMENTARY SCHOOL,Elementary,grease_trap,10400 ROTHBURY HOUSTON TX,77043,OPEN,0,
2025-10-24,RICK SCHNEIDER MIDDLE SCHOOL,Middle / Jr. High,inspection,8420 EASTHAVEN BLVD HOUSTON TX,77075,OPEN,1,1 Houston Ordinance Violation: 20-21.03(b)(02)a (Violation Corrected On Site)
2025-10-24,RICK SCHNEIDER MIDDLE SCHOOL,Middle / Jr. High,inspection,8420 EASTHAVEN BLVD HOUSTON TX,77075,OPEN,0,
2025-10-24,RICK SCHNEIDER MIDDLE SCHOOL,Middle / Jr. High,grease_trap,8420 EASTHAVEN BLVD HOUSTON TX,77075,OPEN,0,
2025-10-24,LAURA BUSH ELEMENTARY,Elementary,inspection,9100 BLACKHAWK BLVD HOUSTON TX,77075,OPEN,0,
2025-10-24,LAURA BUSH ELEMENTARY,Elementary,inspection,9100 BLACKHAWK BLVD HOUSTON TX,77075,OPEN,0,
2025-10-24,LAURA BUSH ELEMENTARY,Elementary,grease_trap,9100 BLACKHAWK BLVD HOUSTON TX,77075,OPEN,0,
2025-10-24,GENOA ELEMENTARY SCHOOL,Elementary,grease_trap,12900 ALMEDA GENOA RD HOUSTON TX,77034,OPEN,0,
2025-10-24,GENOA ELEMENTARY SCHOOL,Elementary,inspection,12900 ALMEDA GENOA RD HOUSTON TX,77034,OPEN,1,1 Houston Ordinance Violation: 20-21.23(a) (Violation)
2025-10-24,GARFIELD ELEMENTARY,Elementary,grease_trap,10301 HARTSOOK HOUSTON TX,77034,OPEN,0,
2025-10-24,GARFIELD ELEMENTARY,Elementary,inspection,10301 HARTSOOK HOUSTON TX,77034,OPEN,2,1 Houston Ordinance Violation: 20-21.21(b) (Violation Repeat) | 2 Houston Ordinance Violation: 20-21.23(g) (Violation)
2025-10-24,CEDAR BROOK ELEMENTARY SCHOOL,Elementary,inspection,2121 OJEMAN HOUSTON TX,77080,OPEN,0,
2025-10-24,CEDAR BROOK ELEMENTARY SCHOOL,Elementary,inspection,2121 OJEMAN HOUSTON TX,77080,OPEN,0,
2025-10-24,CEDAR BROOK ELEMENTARY SCHOOL,Elementary,grease_trap,2121 OJEMAN HOUSTON TX,77080,OPEN,0,
2025-10-24,BRAEBURN ELEMENTARY SCHOOL,Elementary,inspection,5550 PINE ST HOUSTON TX,77081,OPEN,1,1 Houston Ordinance Violation: 20-21.28(e) (Violation Corrected On Site)
2025-10-24,BRAEBURN ELEMENTARY SCHOOL,Elementary,grease_trap,5550 PINE ST HOUSTON TX,77081,OPEN,0,
2025-10-24,BOOKER T. WASHINGTON HIGH SCHOOL,High School,grease_trap,4204 YALE ST HOUSTON TX,77018,OPEN,0,
2025-10-24,BOOKER T. WASHINGTON HIGH SCHOOL,High School,inspection,4204 YALE ST HOUSTON TX,77018,OPEN,0,
2025-10-24,BOOKER T. WASHINGTON HIGH SCHOOL,High School,inspection,4204 YALE ST HOUSTON TX,77018,OPEN,0,
2025-10-24,ATKINSON ELEMENTARY SCHOOL,Elementary,inspection,9602 KINGSPOINT HOUSTON TX,77075,OPEN,1,1 Houston Ordinance Violation: 20-21.23(b) (Violation Repeat)
2025-10-24,ATKINSON ELEMENTARY SCHOOL,Elementary,inspection,9602 KINGSPOINT HOUSTON TX,77075,OPEN,0,
2025-10-24,ATKINSON ELEMENTARY SCHOOL,Elementary,grease_trap,9602 KINGSPOINT HOUSTON TX,77075,OPEN,0,
2025-10-23,WESTWOOD ELEMENTARY,Elementary,inspection,10595 HAMMERLY BLVD HOUSTON TX,77043,OPEN,0,
2025-10-23,WESTWOOD ELEMENTARY,Elementary,grease_trap,10595 HAMMERLY BLVD HOUSTON TX,77043,OPEN,1,1 Houston Ordinance Violation: 47-522 (Violation)
2025-10-23,WESTWOOD ELEMENTARY,Elementary,inspection,10595 HAMMERLY BLVD HOUSTON TX,77043,OPEN,0,
2025-10-23,STERLING HIGH SCHOOL,Middle / Jr. High,inspection,11625 MARTINDALE HOUSTON TX,77048,OPEN,2,1 Houston Ordinance Violation: 20-20(c) (Violation) | 2 Houston Ordinance Violation: 20-21.05(e) (Violation Corrected On Site)
2025-10-23,STERLING HIGH SCHOOL,Middle / Jr. High,inspection,11625 MARTINDALE HOUSTON TX,77048,OPEN,0,
2025-10-23,STERLING HIGH SCHOOL,Middle / Jr. High,grease_trap,11625 MARTINDALE HOUSTON TX,77048,OPEN,0,
2025-10-23,SPRING WOODS MIDDLE SCHOOL,Middle / Jr. High,grease_trap,9810 NEUENS HOUSTON TX,77080,OPEN,0,
2025-10-23,SPRING WOODS MIDDLE SCHOOL,Middle / Jr. High,inspection,9810 NEUENS HOUSTON TX,77080,OPEN,2,1 Houston Ordinance Violation: 20-21.20(a)(03) (Violation) | 2 Houston Ordinance Violation: 20-21.20(h) (Violation)
2025-10-23,SPRING WOODS MIDDLE SCHOOL,Middle / Jr. High,grease_trap,9810 NEUENS HOUSTON TX,77080,OPEN,0,
2025-10-23,ROBERTS ELEMENTARY,Elementary,inspection,6000 GREENBRIAR HOUSTON TX,77030,OPEN,6,1 Houston Ordinance Violation: 20-21.08(a) (Violation Corrected On Site) | 2 Houston Ordinance Violation: 20-21.10(a) (Violation) | 3 Houston Ordinance Violation: 20-21.11(a)(07) (Violation) | 4 Houston Ordinance Violation: 20-21.14(b)(01) (Violation) | 5 Houston Ordinance Violation: 20-21.21(b) (Violation) | 6 Houston Ordinance Violation: 20-21.23(g) (Violation Repeat)
2025-10-23,ROBERTS ELEMENTARY,Elementary,inspection,6000 GREENBRIAR HOUSTON TX,77030,OPEN,0,
2025-10-23,ROBERTS ELEMENTARY,Elementary,grease_trap,6000 GREENBRIAR HOUSTON TX,77030,OPEN,0,
2025-10-23,PARISH HALL,High School,inspection,7809 SHADYVILLA LN HOUSTON TX,77055,OPEN,1,1 Houston Ordinance Violation: 47-512(b) (Violation)
2025-10-23,PARISH HALL,High School,inspection,7809 SHADYVILLA LN HOUSTON TX,77055,OPEN,6,1 Houston Ordinance Violation: 20-21.12(g) (Violation) | 2 Houston Ordinance Violation: 20-21.14(b)(03) (Violation) | 3 Houston Ordinance Violation: 20-21.19(g) (Violation) | 4 Houston Ordinance Violation: 20-21.20(a)(03) (Violation) | 5 Houston Ordinance Violation: 20-21.20(b)(03) (Violation) | 6 Houston Ordinance Violation: 20-36(a) (Violation)
2025-10-23,MITCHELL ELEMENTARY,Elementary,inspection,8050 SPRINGTIME LN HOUSTON TX,77075,OPEN,1,1 Houston Ordinance Violation: 20-21.23(g) (Violation)
2025-10-23,MITCHELL ELEMENTARY,Elementary,inspection,8050 SPRINGTIME LN HOUSTON TX,77075,OPEN,0,
2025-10-23,MITCHELL ELEMENTARY,Elementary,grease_trap,8050 SPRINGTIME LN HOUSTON TX,77075,OPEN,1,1 Houston Ordinance Violation: 47-512(b) (Violation)
2025-10-23,MEYERLAND MS,Middle / Jr. High,grease_trap,10410 MANHATTAN HOUSTON TX,77096,OPEN,0,
2025-10-23,MEYERLAND MS,Middle / Jr. High,inspection,10410 MANHATTAN HOUSTON TX,77096,OPEN,3,1 Houston Ordinance Violation: 20-21.20(a)(03) (Violation) | 2 Houston Ordinance Violation: 20-21.20(h) (Violation) | 3 Houston Ordinance Violation: 20-21.23(g) (Violation)
2025-10-23,MC WILLIAMS SCHOOL,Middle / Jr. High,inspection,6100 KNOX HOUSTON TX,77091,OPEN,3,1 Houston Ordinance Violation: 20-21.11(a)(07) (Violation) | 2 Houston Ordinance Violation: 20-21.22(a) (Violation) | 3 Houston Ordinance Violation: 20-21.23(g) (Violation)
2025-10-23,MC WILLIAMS SCHOOL,Middle / Jr. High,grease_trap,6100 KNOX HOUSTON TX,77091,OPEN,0,
2025-10-23,MC WILLIAMS SCHOOL,Middle / Jr. High,inspection,6100 KNOX HOUSTON TX,77091,OPEN,0,
2025-10-23,MARSHALL MIDDLE SCHOOL,Middle / Jr. High,inspection,1115 NOBLE HOUSTON TX,77009,OPEN,3,1 Houston Ordinance Violation: 20-21.01(a) (Violation) | 2 Houston Ordinance Violation: 20-21.20(b)(03) (Violation Repeat) | 3 Houston Ordinance Violation: 20-21.23(g) (Violation)
2025-10-23,MARSHALL MIDDLE SCHOOL,Middle / Jr. High,grease_trap,1115 NOBLE HOUSTON TX,77009,OPEN,0,
2025-10-23,MAHANAY ELEMENTARY SCHOOL,Elementary,grease_trap,13215 HIGH STAR HOUSTON TX,77083,OPEN,0,
2025-10-23,MAHANAY ELEMENTARY SCHOOL,Elementary,inspection,13215 HIGH STAR HOUSTON TX,77083,OPEN,2,1 Houston Ordinance Violation: 20-21.19(c) (Violation) | 2 Houston Ordinance Violation: 20-21.21(a) (Violation)
2025-10-23,MAHANAY ELEMENTARY SCHOOL,Elementary,inspection,13215 HIGH STAR HOUSTON TX,77083,OPEN,0,
2025-10-23,LOOSCAN ELEMENTARY,Elementary,grease_trap,3800 ROBERTSON HOUSTON TX,77009,OPEN,0,
2025-10-23,LOOSCAN ELEMENTARY,Elementary,inspection,3800 ROBERTSON HOUSTON TX,77009,OPEN,1,1 Houston Ordinance Violation: 20-21.22(a) (Violation Corrected On Site)
2025-10-23,JEFFERSON ELEMENTARY,Elementary,inspection,5000 SHARMAN HOUSTON TX,77009,OPEN,1,1 Houston Ordinance Violation: 20-21.23(g) (Violation)
2025-10-23,JEFFERSON ELEMENTARY,Elementary,grease_trap,5000 SHARMAN HOUSTON TX,77009,OPEN,0,
2025-10-23,HIGHLAND HEIGHTS ELEMENTARY,Elementary,inspection,865 PAUL QUINN HOUSTON TX,77091,OPEN,2,1 Houston Ordinance Violation: 20-21.10(a) (Violation) | 2 Houston Ordinance Violation: 20-21.11(a)(07) (Violation)
2025-10-23,HIGHLAND HEIGHTS ELEMENTARY,Elementary,inspection,865 PAUL QUINN HOUSTON TX,77091,OPEN,0,
2025-10-23,HIGH SCHOOL AHEAD ACADEMY,Middle / Jr. High,grease_trap,5320 YALE HOUSTON TX,77091,OPEN,0,
2025-10-23,HIGH SCHOOL AHEAD ACADEMY,Middle / Jr. High,inspection,5320 YALE HOUSTON TX,77091,OPEN,0,
2025-10-23,HIGH SCHOOL AHEAD ACADEMY,Middle / Jr. High,inspection,5320 YALE HOUSTON TX,77091,OPEN,2,1 Houston Ordinance Violation: 20-21.10(a) (Violation) | 2 Houston Ordinance Violation: 20-21.21(b) (Violation)
2025-10-23,GARDEN OAKS ELEMENTARY,Middle / Jr. High,grease_trap,901 SUE BARNETT HOUSTON TX,77018,OPEN,0,
2025-10-23,GARDEN OAKS ELEMENTARY,Middle / Jr. High,inspection,901 SUE BARNETT HOUSTON TX,77018,OPEN,0,
2025-10-23,GARDEN OAKS ELEMENTARY,Middle / Jr. High,inspection,901 SUE BARNETT HOUSTON TX,77018,OPEN,2,1 Houston Ordinance Violation: 20-21.20(b)(03) (Violation) | 2 Houston Ordinance Violation: 20-21.28(a)(01) (Violation)
2025-10-23,FROST ELEMENTARY,Elementary,inspection,5002 ALMEDA GENOA HOUSTON TX,77048,OPEN,3,1 Houston Ordinance Violation: 20-20(c) (Violation) | 2 Houston Ordinance Violation: 20-21.21(a) (Violation) | 3 Houston Ordinance Violation: 20-21.21(b) (Violation)
2025-10-23,FROST ELEMENTARY,Elementary,inspection,5002 ALMEDA GENOA HOUSTON TX,77048,OPEN,0,
2025-10-23,FROST ELEMENTARY,Elementary,grease_trap,5002 ALMEDA GENOA HOUSTON TX,77048,OPEN,0,
2025-10-23,FONVILLE MIDDLE,Middle / Jr. High,grease_trap,725 E LITTLE YORK RD HOUSTON TX,77037,OPEN,0,
2025-10-23,FONVILLE MIDDLE,Middle / Jr. High,inspection,725 E LITTLE YORK RD HOUSTON TX,77037,OPEN,0,
2025-10-23,FONVILLE MIDDLE,Middle / Jr. High,inspection,725 E LITTLE YORK RD HOUSTON TX,77037,OPEN,0,
2025-10-23,DEBAKEY HIGH SCHOOL FOR HEALTH PROFESSIONS,High School,inspection,2545 PRESSLER DR HOUSTON TX,77030,OPEN,1,1 Houston Ordinance Violation: 20-53(a) (Violation)
2025-10-23,DEBAKEY HIGH SCHOOL FOR HEALTH PROFESSIONS,High School,inspection,2545 PRESSLER DR HOUSTON TX,77030,OPEN,0,
2025-10-23,DEBAKEY HIGH SCHOOL FOR HEALTH PROFESSIONS,High School,grease_trap,2545 PRESSLER DR HOUSTON TX,77030,OPEN,0,
2025-10-23,CODWELL ELEMENTARY SCHOOL,Elementary,inspection,5225 TAVENOR HOUSTON TX,77048,OPEN,1,1 Houston Ordinance Violation: 20-20(c) (Violation)
2025-10-23,CODWELL ELEMENTARY SCHOOL,Elementary,inspection,5225 TAVENOR HOUSTON TX,77048,OPEN,0,
2025-10-23,CODWELL ELEMENTARY SCHOOL,Elementary,grease_trap,5225 TAVENOR HOUSTON TX,77048,OPEN,0,
2025-10-23,BRAZOS SCHOOL FOR INQUIRY & CREATIVITY,Elementary,inspection,1055 W TIDWELL HOUSTON TX,77091,OPEN,0,
2025-10-23,BRAZOS SCHOOL FOR INQUIRY & CREATIVITY,Elementary,grease_trap,1055 W TIDWELL HOUSTON TX,77091,OPEN,0,
2025-10-22,SMITH ELEMENTARY,Elementary,inspection,5815 W LITTLE YORK RD HOUSTON TX,77091,OPEN,0,
2025-10-22,SCARBOROUGH ELEMENTARY SCHOOL,Elementary,inspection,3030 TRENTON RD HOUSTON TX,77093,OPEN,4,1 Houston Ordinance Violation: 20-21.11(a)(07) (Violation Corrected On Site Repeat) | 2 Houston Ordinance Violation: 20-21.20(a)(03) (Violation) | 3 Houston Ordinance Violation: 20-21.22(a) (Violation) | 4 Houston Ordinance Violation: 20-21.23(g) (Violation)
2025-10-22,MARTIN ELEMENTARY SCHOOL,Elementary,inspection,11718 HENDON HOUSTON TX,77072,OPEN,1,1 Houston Ordinance Violation: 20-21.23(g) (Violation Corrected On Site)
2025-10-22,MARTIN ELEMENTARY SCHOOL,Elementary,inspection,11718 HENDON HOUSTON TX,77072,OPEN,0,
2025-10-22,MARTIN ELEMENTARY SCHOOL,Elementary,grease_trap,11718 HENDON HOUSTON TX,77072,OPEN,0,
2025-10-22,LEWIS ELEMENTARY SCHOOL,Elementary,inspection,6745 TIPPERARY ST HOUSTON TX,77061,OPEN,0,
2025-10-22,LEWIS ELEMENTARY SCHOOL,Elementary,inspection,6745 TIPPERARY ST HOUSTON TX,77061,OPEN,0,
2025-10-22,LEWIS ELEMENTARY SCHOOL,Elementary,grease_trap,6745 TIPPERARY ST HOUSTON TX,77061,OPEN,0,
2025-10-22,LAW ELEMENTARY,Elementary,inspection,12401 S COAST HOUSTON TX,77047,OPEN,4,1 Houston Ordinance Violation: 20-21.10(m) (Violation Repeat) | 2 Houston Ordinance Violation: 20-21.19(b) (Violation) | 3 Houston Ordinance Violation: 20-21.19(d) (Violation) | 4 Houston Ordinance Violation: 20-21.23(a) (Violation Repeat)
2025-10-22,LAW ELEMENTARY,Elementary,inspection,12401 S COAST HOUSTON TX,77047,OPEN,3,1 Houston Ordinance Violation: 20-21.10(a) (Violation) | 2 Houston Ordinance Violation: 20-21.22(f) (Violation) | 3 Houston Ordinance Violation: 20-21.23(a) (Violation)
2025-10-22,LAW ELEMENTARY,Elementary,grease_trap,12401 S COAST HOUSTON TX,77047,OPEN,0,
2025-10-22,KOLTER ELEMTARY SCHOOL,Elementary,grease_trap,9710 RUNNYMEADE DR HOUSTON TX,77096,OPEN,0,
2025-10-22,KOLTER ELEMTARY SCHOOL,Elementary,inspection,9710 RUNNYMEADE DR HOUSTON TX,77096,OPEN,1,1 Houston Ordinance Violation: 20-21.23(g) (Violation)
2025-10-22,JESSUP ELEMENTARY SCHOOL,Elementary,inspection,9301 ALMEDA GENOA HOUSTON TX,77075,OPEN,1,1 Houston Ordinance Violation: 20-21.10(a) (Violation)
2025-10-22,JESSUP ELEMENTARY SCHOOL,Elementary,inspection,9301 ALMEDA GENOA HOUSTON TX,77075,OPEN,0,
2025-10-22,JESSUP ELEMENTARY SCHOOL,Elementary,grease_trap,9301 ALMEDA GENOA HOUSTON TX,77075,OPEN,0,
2025-10-22,JAMES DEANDA ELEMENTARY SCHOOL,Elementary,inspection,7980 ALMEDA GENOA RD HOUSTON TX,77075,OPEN,2,1 Houston Ordinance Violation: 20-21.20(a)(03) (Violation) | 2 Houston Ordinance Violation: 20-21.23(g) (Violation)
2025-10-22,JAMES DEANDA ELEMENTARY SCHOOL,Elementary,inspection,7980 ALMEDA GENOA RD HOUSTON TX,77075,OPEN,0,
2025-10-22,JAMES DEANDA ELEMENTARY SCHOOL,Elementary,grease_trap,7980 ALMEDA GENOA RD HOUSTON TX,77075,OPEN,1,1 Houston Ordinance Violation: 47-512(b) (Violation)
2025-10-22,HOFFMAN MIDDLE SCHOOL,Middle / Jr. High,grease_trap,6101 W LITTLE YORK RD HOUSTON TX,77091,OPEN,0,
2025-10-22,HOFFMAN MIDDLE SCHOOL,Middle / Jr. High,inspection,6101 W LITTLE YORK RD HOUSTON TX,77091,OPEN,0,
2025-10-22,HOFFMAN MIDDLE SCHOOL,Middle / Jr. High,inspection,6101 W LITTLE YORK RD HOUSTON TX,77091,OPEN,2,1 Houston Ordinance Violation: 20-21.11(a)(07) (Violation) | 2 Houston Ordinance Violation: 20-21.11(a)(08)c[04] (Violation Corrected On Site)
2025-10-22,EARLY COLLEGE HIGH SCHOOL- NORTH HOUSTON,High School,inspection,8001 FULTON ST HOUSTON TX,77022,OPEN,0,
2025-10-22,EARLY COLLEGE HIGH SCHOOL- NORTH HOUSTON,High School,grease_trap,8001 FULTON ST HOUSTON TX,77022,OPEN,0,
2025-10-22,EARLY COLLEGE HIGH SCHOOL- NORTH HOUSTON,High School,inspection,8001 FULTON ST HOUSTON TX,77022,OPEN,0,
2025-10-22,EARLY COLLEGE HIGH SCHOOL- NORTH HOUSTON,High School,inspection,8001 FULTON ST HOUSTON TX,77022,OPEN,0,
2025-10-22,EARLY COLLEGE HIGH SCHOOL- NORTH HOUSTON,High School,grease_trap,8001 FULTON ST HOUSTON TX,77022,OPEN,1,1 Houston Ordinance Violation: 47-512(b) (Violation)
2025-10-22,EARLY COLLEGE HIGH SCHOOL- NORTH HOUSTON,High School,inspection,8001 FULTON ST HOUSTON TX,77022,OPEN,0,
2025-10-22,BURBANK JR HIGH,Middle / Jr. High,inspection,315 BERRY HOUSTON TX,77022,OPEN,0,
2025-10-22,BURBANK JR HIGH,Middle / Jr. High,grease_trap,315 BERRY HOUSTON TX,77022,OPEN,0,
2025-10-22,BURBANK JR HIGH,Middle / Jr. High,inspection,315 BERRY HOUSTON TX,77022,OPEN,0,
2025-10-22,BIOTECH ACADEMY AT RUSK MIDDLE SCHOOL,Elementary,inspection,2805 GARROW HOUSTON TX,77003,OPEN,0,
2025-10-22,BIOTECH ACADEMY AT RUSK MIDDLE SCHOOL,Elementary,grease_trap,2805 GARROW HOUSTON TX,77003,OPEN,0,
2025-10-22,BASTIAN ELEMENTARY SCHOOL,Elementary,grease_trap,5051 BELLFORT ST HOUSTON TX,77033,OPEN,0,
2025-10-22,BASTIAN ELEMENTARY SCHOOL,Elementary,inspection,5051 BELLFORT ST HOUSTON TX,77033,OPEN,0,
2025-10-22,BASTIAN ELEMENTARY SCHOOL,Elementary,inspection,5051 BELLFORT ST HOUSTON TX,77033,OPEN,2,1 Houston Ordinance Violation: 20-21.10(m) (Violation) | 2 Houston Ordinance Violation: 20-21.17(a) (Violation)
2025-10-22,ANDERSON ELEMENTARY SCHOOL,Elementary,grease_trap,5727 LUDINGTON HOUSTON TX,77035,OPEN,0,
2025-10-22,ANDERSON ELEMENTARY SCHOOL,Elementary,inspection,5727 LUDINGTON HOUSTON TX,77035,OPEN,0,
2025-10-22,ALCOTT ELEMENTARY SCHOOL,Elementary,inspection,5859 BELLFORT HOUSTON TX,77033,OPEN,0,
2025-10-22,ALCOTT ELEMENTARY SCHOOL,Elementary,grease_trap,5859 BELLFORT HOUSTON TX,77033,OPEN,0,
2025-10-22,ALCOTT ELEMENTARY SCHOOL,Elementary,inspection,5859 BELLFORT HOUSTON TX,77033,OPEN,3,1 Houston Ordinance Violation: 20-21.02(a)(01) (Violation Corrected On Site) | 2 Houston Ordinance Violation: 20-21.10(m) (Violation) | 3 Houston Ordinance Violation: 20-21.23(g) (Violation)
2025-10-21,WOODLAND HILLS ELEMENTARY,Elementary,inspection,2222 TREE LANE HOUSTON TX,77339,OPEN,2,1 Houston Ordinance Violation: 20-21.03(c)(01) (Violation Repeat) | 2 Houston Ordinance Violation: 20-21.23(g) (Violation)
2025-10-21,WOODLAND HILLS ELEMENTARY,Elementary,grease_trap,2222 TREE LANE HOUSTON TX,77339,OPEN,1,1 Houston Ordinance Violation: 47-512(b) (Violation Repeat)
2025-10-21,VARNETT CHARTER SCHOOL,Middle / Jr. High,grease_trap,11203 CLEMATIS HOUSTON TX,77035,OPEN,0,
2025-10-21,VARNETT CHARTER SCHOOL,Middle / Jr. High,inspection,11203 CLEMATIS HOUSTON TX,77035,OPEN,3,1 Houston Ordinance Violation: 20-21.03(b)(01) (Violation) | 2 Houston Ordinance Violation: 20-21.10(a) (Violation) | 3 Houston Ordinance Violation: 20-36(a) (Violation)
2025-10-21,THE DRAW ACADEMY,Elementary,inspection,3920 STONEY BROOK HOUSTON TX,77063,OPEN,2,1 Houston Ordinance Violation: 20-21.19(g) (Violation) | 2 Houston Ordinance Violation: 20-21.23(b) (Violation)
2025-10-21,STOVALL MIDDLE SCHOOL,Middle / Jr. High,inspection,11201 AIRLINE HOUSTON TX,77037,OPEN,0,
2025-10-21,STOVALL MIDDLE SCHOOL,Middle / Jr. High,grease_trap,11201 AIRLINE HOUSTON TX,77037,OPEN,0,
2025-10-21,STOVALL MIDDLE SCHOOL,Middle / Jr. High,inspection,11201 AIRLINE HOUSTON TX,77037,OPEN,1,1 Houston Ordinance Violation: 20-21.03(b)(01) (Violation)
2025-10-21,ST. THOMAS MORE SCHOOL CAFETERIA,Middle / Jr. High,grease_trap,5927 WIGTON HOUSTON TX,77096,OPEN,0,
2025-10-21,ST. THOMAS MORE SCHOOL CAFETERIA,Middle / Jr. High,inspection,5927 WIGTON HOUSTON TX,77096,OPEN,3,1 Houston Ordinance Violation: 20-21.04(i) (Violation) | 2 Houston Ordinance Violation: 20-21.11(a)(08)c[04] (Violation) | 3 Houston Ordinance Violation: 20-21.12(g) (Violation)
2025-10-21,ST. PETER'S CATHOLIC HIGH SCHOOL,Middle / Jr. High,inspection,6220 LA SALETTE DR HOUSTON TX,77021,OPEN,0,
2025-10-21,ST. PETER'S CATHOLIC HIGH SCHOOL,Middle / Jr. High,grease_trap,6220 LA SALETTE DR HOUSTON TX,77021,OPEN,1,1 Houston Ordinance Violation: 47-512(b) (Violation)
2025-10-21,ST. PETER'S CATHOLIC HIGH SCHOOL,Middle / Jr. High,inspection,6220 LA SALETTE DR HOUSTON TX,77021,OPEN,2,1 Houston Ordinance Violation: 20-21.11(a)(07) (Violation) | 2 Houston Ordinance Violation: 20-21.19(g) (Violation)
2025-10-21,SPRING WOODS HIGH SCHOOL,High School,inspection,2045 GESSNER HOUSTON TX,77080,OPEN,0,
2025-10-21,SPRING WOODS HIGH SCHOOL,High School,inspection,2045 GESSNER HOUSTON TX,77080,OPEN,0,
2025-10-21,"SAM HOUSTON MATH, SCIENCE & TECHNOLOGY CENTER",High School,inspection,9400 IRVINGTON BLVD HOUSTON TX,77076,OPEN,0,
2025-10-21,"SAM HOUSTON MATH, SCIENCE & TECHNOLOGY CENTER",High School,grease_trap,9400 IRVINGTON BLVD HOUSTON TX,77076,OPEN,0,
2025-10-21,RUMMEL CREEK ELEMENTARY SCHOOL,Elementary,inspection,625 BRITTMOORE RD HOUSTON TX,77079,OPEN,0,
2025-10-21,RUMMEL CREEK ELEMENTARY SCHOOL,Elementary,grease_trap,625 BRITTMOORE RD HOUSTON TX,77079,OPEN,0,
2025-10-21,RUMMEL CREEK ELEMENTARY SCHOOL,Elementary,inspection,625 BRITTMOORE RD HOUSTON TX,77079,OPEN,0,
2025-10-21,OAK FOREST ELEMENTARY,Elementary,grease_trap,1401 W 43RD HOUSTON TX,77018,OPEN,0,
2025-10-21,OAK FOREST ELEMENTARY,Elementary,inspection,1401 W 43RD HOUSTON TX,77018,OPEN,0,
2025-10-21,OAK FOREST ELEMENTARY,Elementary,inspection,1401 W 43RD HOUSTON TX,77018,OPEN,0,
2025-10-21,KIPP CONNECT PS,Middle / Jr. High,grease_trap,6700 BELLAIRE BLVD HOUSTON TX,77074,OPEN,0,
2025-10-21,KIPP CONNECT PS,Middle / Jr. High,inspection,6700 BELLAIRE BLVD HOUSTON TX,77074,OPEN,0,
2025-10-21,KIPP CONNECT PREP,High School,grease_trap,6700 BELLAIRE BLVD HOUSTON TX,77074,OPEN,0,
2025-10-21,KIPP CONNECT PREP,High School,inspection,6700 BELLAIRE BLVD HOUSTON TX,77074,OPEN,1,1 Houston Ordinance Violation: 20-21.03(b)(09) (Violation Corrected On Site)
2025-10-21,HEIGHTS HS,High School,grease_trap,413 E 13TH ST HOUSTON TX,77008,OPEN,0,
2025-10-21,HEIGHTS HS,High School,inspection,413 E 13TH ST HOUSTON TX,77008,OPEN,1,1 Houston Ordinance Violation: 20-21.20(a)(03) (Violation Corrected On Site Repeat)
2025-10-21,HEIGHTS HS,High School,inspection,413 E 13TH ST HOUSTON TX,77008,OPEN,3,1 Houston Ordinance Violation: 20-21.10(m) (Violation) | 2 Houston Ordinance Violation: 20-21.12(e)(02) (Violation Corrected On Site) | 3 Houston Ordinance Violation: 20-21.20(a)(03) (Violation Corrected On Site)
2025-10-21,ELM GROVE ELEMENTARY,Elementary,inspection,2815 CLEAR RIDGE HUMBLE TX,77339,OPEN,4,1 Houston Ordinance Violation: 20-21.10(a) (Violation) | 2 Houston Ordinance Violation: 20-21.11(c)(03) (Violation Corrected On Site) | 3 Houston Ordinance Violation: 20-21.22(a) (Violation) | 4 Houston Ordinance Violation: 20-21.23(g) (Violation)
2025-10-21,ELM GROVE ELEMENTARY,Elementary,grease_trap,2815 CLEAR RIDGE HUMBLE TX,77339,OPEN,0,
2025-10-21,BLUERIDGE ELEMENTARY SCHOOL,Elementary,inspection,6241 MCHARD HOUSTON TX,77053,OPEN,0,
2025-10-21,AUSTIN HIGH SCHOOL,High School,inspection,1700 DUMBLE HOUSTON TX,77023,OPEN,2,1 Houston Ordinance Violation: 20-21.19(b) (Violation) | 2 Houston Ordinance Violation: 20-21.19(b) (Violation)
2025-10-21,AUSTIN HIGH SCHOOL,High School,grease_trap,1700 DUMBLE HOUSTON TX,77023,OPEN,0,
2025-10-21,ALLEN ALDRIDGE JR. ELEMENTARY SCHOOL,Elementary,inspection,15817 BLUE RIDGE RD MISSOURI CITY TX,77489,OPEN,1,1 Houston Ordinance Violation: 20-21.19(b) (Violation)
2025-10-21,ALLEN ALDRIDGE JR. ELEMENTARY SCHOOL,Elementary,inspection,15817 BLUE RIDGE RD MISSOURI CITY TX,77489,OPEN,2,1 Houston Ordinance Violation: 20-21.20(a)(03) (Violation) | 2 Houston Ordinance Violation: 20-21.21(b) (Violation)
2025-10-21,ALLEN ALDRIDGE JR. ELEMENTARY SCHOOL,Elementary,grease_trap,15817 BLUE RIDGE RD MISSOURI CITY TX,77489,OPEN,0,
2025-10-20,WAINWRIGHT ELEMENTARY SCHOOL,Elementary,inspection,5330 MILWEE HOUSTON TX,77092,OPEN,0,
2025-10-20,WAINWRIGHT ELEMENTARY SCHOOL,Elementary,grease_trap,5330 MILWEE HOUSTON TX,77092,OPEN,0,
2025-10-20,WAINWRIGHT ELEMENTARY SCHOOL,Elementary,inspection,5330 MILWEE HOUSTON TX,77092,OPEN,4,1 Houston Ordinance Violation: 20-21.11(a)(07) (Violation) | 2 Houston Ordinance Violation: 20-21.12(e)(08) (Violation Corrected On Site) | 3 Houston Ordinance Violation: 20-21.23(g) (Violation) | 4 Houston Ordinance Violation: 20-21.23(b) (Violation)
2025-10-20,STEVENS ELEMENTARY,Elementary,grease_trap,1910 LAMONTE HOUSTON TX,77018,OPEN,0,
2025-10-20,STEVENS ELEMENTARY,Elementary,inspection,1910 LAMONTE HOUSTON TX,77018,OPEN,0,
2025-10-20,STEVENS ELEMENTARY,Elementary,inspection,1910 LAMONTE HOUSTON TX,77018,OPEN,0,
2025-10-20,SPRING BRANCH ELEMENTARY SCHOOL,Elementary,inspection,1700 CAMPBELL HOUSTON TX,77080,OPEN,0,
2025-10-20,SPRING BRANCH ELEMENTARY SCHOOL,Elementary,inspection,1700 CAMPBELL HOUSTON TX,77080,OPEN,0,
2025-10-20,SPRING BRANCH ELEMENTARY SCHOOL,Elementary,grease_trap,1700 CAMPBELL HOUSTON TX,77080,OPEN,0,
2025-10-20,SCARBOROUGH HIGH SCHOOL,High School,grease_trap,4141 COSTA RICA HOUSTON TX,77092,OPEN,0,
2025-10-20,SCARBOROUGH HIGH SCHOOL,High School,inspection,4141 COSTA RICA HOUSTON TX,77092,OPEN,0,
2025-10-20,SCARBOROUGH HIGH SCHOOL,High School,inspection,4141 COSTA RICA HOUSTON TX,77092,OPEN,3,1 Houston Ordinance Violation: 20-21.10(a) (Violation) | 2 Houston Ordinance Violation: 20-21.11(a)(07) (Violation) | 3 Houston Ordinance Violation: 20-21.21(b) (Violation)
2025-10-20,SANCHEZ ELEMENTARY,Elementary,inspection,2700 BERKLEY HOUSTON TX,77012,OPEN,5,1 Houston Ordinance Violation: 20-21.10(a) (Violation Repeat) | 2 Houston Ordinance Violation: 20-21.23(a) (Violation) | 3 Houston Ordinance Violation: 20-21.23(a) (Violation Repeat) | 4 Houston Ordinance Violation: 20-21.23(g) (Violation Repeat) | 5 Houston Ordinance Violation: 20-21.28(a)(01) (Violation)
2025-10-20,SANCHEZ ELEMENTARY,Elementary,inspection,2700 BERKLEY HOUSTON TX,77012,OPEN,2,1 Houston Ordinance Violation: 20-21.21(b) (Violation) | 2 Houston Ordinance Violation: 20-21.23(a) (Violation)
2025-10-20,SANCHEZ ELEMENTARY,Elementary,grease_trap,2700 BERKLEY HOUSTON TX,77012,OPEN,0,
2025-10-20,LANDRUM MIDDLE SCHOOL,Middle / Jr. High,grease_trap,2200 RIDGECREST DR HOUSTON TX,77055,OPEN,1,1 Houston Ordinance Violation: 47-512(b) (Violation)
2025-10-20,LANDRUM MIDDLE SCHOOL,Middle / Jr. High,inspection,2200 RIDGECREST DR HOUSTON TX,77055,OPEN,4,1 Houston Ordinance Violation: 20-21.10(a) (Violation Corrected On Site) | 2 Houston Ordinance Violation: 20-21.20(a)(01) (Violation) | 3 Houston Ordinance Violation: 20-21.23(a) (Violation) | 4 Houston Ordinance Violation: 20-36(a) (Violation)
2025-10-20,KIPP NEXUS PS/MS,Middle / Jr. High,grease_trap,4211 WATONGA HOUSTON TX,77092,OPEN,0,
2025-10-20,KIPP NEXUS PS/MS,Middle / Jr. High,inspection,4211 WATONGA HOUSTON TX,77092,OPEN,4,1 Houston Ordinance Violation: 20-21.10(a) (Violation) | 2 Houston Ordinance Violation: 20-21.11(a)(07) (Violation) | 3 Houston Ordinance Violation: 20-21.19(d) (Violation) | 4 Houston Ordinance Violation: 20-21.21(a) (Violation)
2025-10-20,JEAN HINES CALDWELL ELEMENTARY,Elementary,inspection,5515 W OREM HOUSTON TX,77085,OPEN,4,1 Houston Ordinance Violation: 20-21.10(m) (Violation) | 2 Houston Ordinance Violation: 20-21.18(d) (Violation) | 3 Houston Ordinance Violation: 20-21.19(b) (Violation) | 4 Houston Ordinance Violation: 20-21.19(d) (Violation)
2025-10-20,JEAN HINES CALDWELL ELEMENTARY,Elementary,inspection,5515 W OREM HOUSTON TX,77085,OPEN,3,1 Houston Ordinance Violation: 20-21.11(a)(07) (Violation) | 2 Houston Ordinance Violation: 20-21.21(d) (Violation) | 3 Houston Ordinance Violation: 20-21.22(f) (Violation)
2025-10-20,JEAN HINES CALDWELL ELEMENTARY,Elementary,grease_trap,5515 W OREM HOUSTON TX,77085,OPEN,0,
2025-10-20,CROCKETT ELEMENTARY SCHOOL,Elementary,inspection,2112 CROCKETT HOUSTON TX,77007,OPEN,0,
2025-10-20,CROCKETT ELEMENTARY SCHOOL,Elementary,grease_trap,2112 CROCKETT HOUSTON TX,77007,OPEN,0,
2025-10-20,BROOKLINE ELEMENTARY,Elementary,inspection,6301 S 610 LOOP E HOUSTON TX,77087,OPEN,0,
2025-10-20,BROOKLINE ELEMENTARY,Elementary,grease_trap,6301 S 610 LOOP E HOUSTON TX,77087,OPEN,0,
2025-10-20,BROOKLINE ELEMENTARY,Elementary,inspection,6301 S 610 LOOP E HOUSTON TX,77087,OPEN,3,1 Houston Ordinance Violation: 20-21.11(a)(07) (Violation) | 2 Houston Ordinance Violation: 20-21.22(a) (Violation) | 3 Houston Ordinance Violation: 20-21.23(g) (Violation)
2025-10-17,WOODVIEW ELEMENTARY SCHOOL,Elementary,inspection,9749 CEDARDALE DR HOUSTON TX,77055,OPEN,0,
2025-10-17,WOODVIEW ELEMENTARY SCHOOL,Elementary,inspection,9749 CEDARDALE DR HOUSTON TX,77055,OPEN,1,1 Houston Ordinance Violation: 47-512(b) (Violation)
2025-10-17,WOODVIEW ELEMENTARY SCHOOL,Elementary,inspection,9749 CEDARDALE DR HOUSTON TX,77055,OPEN,6,1 Houston Ordinance Violation: 20-21.03(c)(02) (Violation Corrected On Site) | 2 Houston Ordinance Violation: 20-21.03(a)(03) (Violation Corrected On Site) | 3 Houston Ordinance Violation: 20-21.12(g) (Violation) | 4 Houston Ordinance Violation: 20-21.18(c) (Violation Corrected On Site) | 5 Houston Ordinance Violation: 20-21.19(g) (Violation Repeat) | 6 Houston Ordinance Violation: 20-21.20(a)(03) (Violation)
2025-10-17,SINCLAIR ELEMENTARY SCHOOL,Elementary,grease_trap,6410 GROVEWOOD HOUSTON TX,77008,OPEN,0,
2025-10-17,SINCLAIR ELEMENTARY SCHOOL,Elementary,inspection,6410 GROVEWOOD HOUSTON TX,77008,OPEN,4,1 Houston Ordinance Violation: 20-21.11(a)(07) (Violation Repeat) | 2 Houston Ordinance Violation: 20-21.22(a) (Violation) | 3 Houston Ordinance Violation: 20-21.23(g) (Violation Repeat) | 4 Houston Ordinance Violation: 20-21.23(a) (Violation Repeat)
2025-10-17,SINCLAIR ELEMENTARY SCHOOL,Elementary,inspection,6410 GROVEWOOD HOUSTON TX,77008,OPEN,2,1 Houston Ordinance Violation: 20-21.11(a)(08)c[04] (Violation) | 2 Houston Ordinance Violation: 20-21.23(a) (Violation)
2025-10-17,SHADOW OAKS ELEMENTARY,Elementary,inspection,1335 SHADOWDALE DR HOUSTON TX,77043,OPEN,0,
2025-10-17,SHADOW OAKS ELEMENTARY,Elementary,inspection,1335 SHADOWDALE DR HOUSTON TX,77043,OPEN,4,1 Houston Ordinance Violation: 20-21.11(a)(08)c[04] (Violation) | 2 Houston Ordinance Violation: 20-21.12(e)(04) (Violation) | 3 Houston Ordinance Violation: 20-36(a) (Violation) | 4 Houston Ordinance Violation: 20-56(a) (Violation)
2025-10-17,PINEY POINT ELEMENTARY,Elementary,inspection,8921 PAGEWOOD HOUSTON TX,77063,OPEN,0,
2025-10-17,PINEY POINT ELEMENTARY,Elementary,inspection,8921 PAGEWOOD HOUSTON TX,77063,OPEN,1,1 Houston Ordinance Violation: 20-21.19(d) (Violation)
2025-10-17,HOUSMAN ELEMENTARY,Elementary,grease_trap,6705 HOUSMAN HOUSTON TX,77055,OPEN,0,
2025-10-17,HOUSMAN ELEMENTARY,Elementary,inspection,6705 HOUSMAN HOUSTON TX,77055,OPEN,0,
2025-10-17,HOUSMAN ELEMENTARY,Elementary,inspection,6705 HOUSMAN HOUSTON TX,77055,OPEN,1,1 Houston Ordinance Violation: 20-21.14(b)(03) (Violation Corrected On Site)
2025-10-17,CLIFTON MIDDLE SCHOOL,Middle / Jr. High,inspection,6001 GOLDEN FOREST HOUSTON TX,77092,OPEN,5,1 Houston Ordinance Violation: 20-21.11(a)(07) (Violation) | 2 Houston Ordinance Violation: 20-21.12(g) (Violation) | 3 Houston Ordinance Violation: 20-21.23(a) (Violation) | 4 Houston Ordinance Violation: 20-21.23(g) (Violation) | 5 Houston Ordinance Violation: 20-53(b) (Violation)
2025-10-17,BUFFALO CREEK ELEMENTARY,Elementary,inspection,2801 BLALOCK HOUSTON TX,77080,OPEN,0,
2025-10-17,BUFFALO CREEK ELEMENTARY,Elementary,inspection,2801 BLALOCK HOUSTON TX,77080,OPEN,2,1 Houston Ordinance Violation: 20-21.23(g) (Violation) | 2 Houston Ordinance Violation: 20-21.28(e) (Violation)
2025-10-17,BUFFALO CREEK ELEMENTARY,Elementary,grease_trap,2801 BLALOCK HOUSTON TX,77080,OPEN,0,
2025-10-16,THE NEIGHBORHOOD SCHOOL OF SOUTHWEST HOUSTON,Elementary,inspection,10570 WESTPARK DR HOUSTON TX,77042,OPEN,0,
2025-10-16,SPRING FOREST MIDDLE SCHOOL,Middle / Jr. High,inspection,14240 MEMORIAL DR HOUSTON TX,77079,OPEN,0,
2025-10-16,SPRING FOREST MIDDLE SCHOOL,Middle / Jr. High,grease_trap,14240 MEMORIAL DR HOUSTON TX,77079,OPEN,0,
2025-10-16,SPRING FOREST MIDDLE SCHOOL,Middle / Jr. High,inspection,14240 MEMORIAL DR HOUSTON TX,77079,OPEN,1,1 Houston Ordinance Violation: 20-21.19(c) (Violation Corrected On Site)
2025-10-16,LYONS ELEMENTARY,Elementary,grease_trap,800 ROXELLA HOUSTON TX,77076,OPEN,0,
2025-10-16,LYONS ELEMENTARY,Elementary,inspection,800 ROXELLA HOUSTON TX,77076,OPEN,0,
2025-10-16,LYONS ELEMENTARY,Elementary,inspection,800 ROXELLA HOUSTON TX,77076,OPEN,0,
2025-10-16,KLENTZMAN INTERMEDIATE,Middle / Jr. High,grease_trap,11100 STANCLIFF HOUSTON TX,77099,OPEN,0,
2025-10-16,KLENTZMAN INTERMEDIATE,Middle / Jr. High,inspection,11100 STANCLIFF HOUSTON TX,77099,OPEN,0,
2025-10-16,KLENTZMAN INTERMEDIATE,Middle / Jr. High,inspection,11100 STANCLIFF HOUSTON TX,77099,OPEN,0,
2025-10-16,JOE E. MORENO ELEMENTARY SCHOOL,Elementary,grease_trap,620 E CANINO HOUSTON TX,77037,OPEN,0,
2025-10-16,JOE E. MORENO ELEMENTARY SCHOOL,Elementary,inspection,620 E CANINO HOUSTON TX,77037,OPEN,0,
2025-10-16,JOE E. MORENO ELEMENTARY SCHOOL,Elementary,inspection,620 E CANINO HOUSTON TX,77037,OPEN,1,1 Houston Ordinance Violation: 20-21.19(a) (Violation)
2025-10-16,DURHAM ELEMENTARY,Elementary,grease_trap,4803 BRINKMAN HOUSTON TX,77018,OPEN,0,
2025-10-16,DURHAM ELEMENTARY,Elementary,inspection,4803 BRINKMAN HOUSTON TX,77018,OPEN,0,
2025-10-16,DURHAM ELEMENTARY,Elementary,inspection,4803 BRINKMAN HOUSTON TX,77018,OPEN,0,
2025-10-16,DEAN JR HIGH SCHOOL,Middle / Jr. High,inspection,14104 REO HOUSTON TX,77040,OPEN,5,1 Houston Ordinance Violation: 20-21.10(a) (Violation) | 2 Houston Ordinance Violation: 20-21.12(e)(08) (Violation) | 3 Houston Ordinance Violation: 20-21.12(e)(04) (Violation) | 4 Houston Ordinance Violation: 20-21.13(g)(04) (Violation) | 5 Houston Ordinance Violation: 20-21.23(a) (Violation)
2025-10-16,DEAN JR HIGH SCHOOL,Middle / Jr. High,grease_trap,14104 REO HOUSTON TX,77040,OPEN,0,
2025-10-16,BLACK MIDDLE SCHOOL,Middle / Jr. High,grease_trap,1575 CHANTILLY HOUSTON TX,77018,OPEN,0,
2025-10-16,BLACK MIDDLE SCHOOL,Middle / Jr. High,inspection,1575 CHANTILLY HOUSTON TX,77018,OPEN,0,
2025-10-16,BLACK MIDDLE SCHOOL,Middle / Jr. High,inspection,1575 CHANTILLY HOUSTON TX,77018,OPEN,0,
2025-10-16,BANE ELEMENTARY SCHOOL,Elementary,inspection,5805 KAISER HOUSTON TX,77040,OPEN,2,1 Houston Ordinance Violation: 20-21.10(a) (Violation) | 2 Houston Ordinance Violation: 20-21.12(e)(08) (Violation Corrected On Site)
2025-10-16,BANE ELEMENTARY SCHOOL,Elementary,inspection,5805 KAISER HOUSTON TX,77040,OPEN,0,
2025-10-16,BANE ELEMENTARY SCHOOL,Elementary,grease_trap,5805 KAISER HOUSTON TX,77040,OPEN,0,
2025-10-15,STRATFORD SR HIGH SCHOOL,High School,inspection,14555 FERN HOUSTON TX,77079,OPEN,0,
2025-10-15,STRATFORD SR HIGH SCHOOL,High School,inspection,14555 FERN HOUSTON TX,77079,OPEN,0,
2025-10-15,STRATFORD SR HIGH SCHOOL,High School,grease_trap,14555 FERN HOUSTON TX,77079,OPEN,1,1 Houston Ordinance Violation: 47-512(b) (Violation)
2025-10-15,STRATFORD SR HIGH SCHOOL,High School,inspection,14555 FERN HOUSTON TX,77079,OPEN,3,1 Houston Ordinance Violation: 20-21.15(c) (Violation Corrected On Site) | 2 Houston Ordinance Violation: 20-21.19(b) (Violation Corrected On Site) | 3 Houston Ordinance Violation: 20-21.20(f) (Violation Repeat)
2025-10-15,SOUTHWEST MANGUM ELEMENTARY SCHOOL,Elementary,inspection,4515 MANGUM RD HOUSTON TX,77092,OPEN,0,
2025-10-15,LILLIE HOLBROOK SCHOOL,Elementary,inspection,6402 LANGFIELD HOUSTON TX,77092,OPEN,1,1 Houston Ordinance Violation: 20-21.21(b) (Violation)
2025-10-15,LILLIE HOLBROOK SCHOOL,Elementary,grease_trap,6402 LANGFIELD HOUSTON TX,77092,OPEN,1,1 Houston Ordinance Violation: 47-512(b) (Violation)
2025-10-15,LILLIE HOLBROOK SCHOOL,Elementary,inspection,6402 LANGFIELD HOUSTON TX,77092,OPEN,2,1 Houston Ordinance Violation: 20-21.21(b) (Violation) | 2 Houston Ordinance Violation: 20-21.23(g) (Violation)
2025-10-15,KENNEDY ELEMENTARY SCHOOL,Elementary,grease_trap,10200 HUNTINGTON PL HOUSTON TX,77099,OPEN,0,
2025-10-15,KENNEDY ELEMENTARY SCHOOL,Elementary,inspection,10200 HUNTINGTON PL HOUSTON TX,77099,OPEN,0,
2025-10-15,KENNEDY ELEMENTARY SCHOOL,Elementary,inspection,10200 HUNTINGTON PL HOUSTON TX,77099,OPEN,0,
2025-10-15,JAMES HOLUB MIDDLE SCHOOL,Middle / Jr. High,inspection,9515 DAIRY ASHFORD HOUSTON TX,77099,OPEN,0,
2025-10-15,JAMES HOLUB MIDDLE SCHOOL,Middle / Jr. High,grease_trap,9515 DAIRY ASHFORD HOUSTON TX,77099,OPEN,0,
2025-10-15,JAMES HOLUB MIDDLE SCHOOL,Middle / Jr. High,inspection,9515 DAIRY ASHFORD HOUSTON TX,77099,OPEN,0,
2025-10-15,ENERGIZED FOR EXCELLENCE,Elementary,inspection,6201 BISSONNET HOUSTON TX,77081,OPEN,3,1 Houston Ordinance Violation: 20-21.08(a) (Violation) | 2 Houston Ordinance Violation: 20-21.10(a) (Violation) | 3 Houston Ordinance Violation: 20-21.10(m) (Violation)
2025-10-15,BURBANK ELEMENTARY,Elementary,inspection,216 TIDWELL HOUSTON TX,77022,OPEN,0,
2025-10-15,BURBANK ELEMENTARY,Elementary,grease_trap,216 TIDWELL HOUSTON TX,77022,OPEN,0,
2025-10-15,BURBANK ELEMENTARY,Elementary,inspection,216 TIDWELL HOUSTON TX,77022,OPEN,2,1 Houston Ordinance Violation: 20-21.21(b) (Violation) | 2 Houston Ordinance Violation: 20-21.23(a) (Violation)
2025-10-15,ALDINE NINTH GRADE,Middle / Jr. High,grease_trap,10650 NORTH FWY HOUSTON TX,77037,OPEN,0,
2025-10-15,ALDINE NINTH GRADE,Middle / Jr. High,inspection,10650 NORTH FWY HOUSTON TX,77037,OPEN,0,
2025-10-15,ALDINE NINTH GRADE,Middle / Jr. High,inspection,10650 NORTH FWY HOUSTON TX,77037,OPEN,1,1 Houston Ordinance Violation: 20-21.21(b) (Violation)
2025-10-15,ALDINE HIGH SCHOOL,High School,grease_trap,11101 AIRLINE DR HOUSTON TX,77037,OPEN,0,
2025-10-15,ALDINE HIGH SCHOOL,High School,inspection,11101 AIRLINE DR HOUSTON TX,77037,OPEN,0,
2025-10-15,ALDINE HIGH SCHOOL,High School,inspection,11101 AIRLINE DR HOUSTON TX,77037,OPEN,1,1 Houston Ordinance Violation: 20-21.10(a) (Violation)
2025-10-14,RODERICK PAIGE  ELEMENTARY  SCHOOL,Elementary,inspection,7501 CURRY RD HOUSTON TX,77093,OPEN,5,1 Houston Ordinance Violation: 20-21.11(a)(07) (Violation) | 2 Houston Ordinance Violation: 20-21.19(d) (Violation) | 3 Houston Ordinance Violation: 20-21.20(a)(03) (Violation) | 4 Houston Ordinance Violation: 20-21.20(h) (Violation) | 5 Houston Ordinance Violation: 20-21.23(g) (Violation Repeat)
2025-10-14,RODERICK PAIGE  ELEMENTARY  SCHOOL,Elementary,grease_trap,7501 CURRY RD HOUSTON TX,77093,OPEN,0,
2025-10-14,OLLE MIDDLE SCHOOL,Middle / Jr. High,inspection,9200 BOONE HOUSTON TX,77099,OPEN,0,
2025-10-14,OLLE MIDDLE SCHOOL,Middle / Jr. High,grease_trap,9200 BOONE HOUSTON TX,77099,OPEN,0,
2025-10-14,OLLE MIDDLE SCHOOL,Middle / Jr. High,inspection,9200 BOONE HOUSTON TX,77099,OPEN,0,
2025-10-14,MATA INTERMEDIATE SCHOOL,Middle / Jr. High,inspection,9225 S DAIRY ASHFORD HOUSTON TX,77099,OPEN,0,
2025-10-14,MATA INTERMEDIATE SCHOOL,Middle / Jr. High,grease_trap,9225 S DAIRY ASHFORD HOUSTON TX,77099,OPEN,0,
2025-10-14,MATA INTERMEDIATE SCHOOL,Middle / Jr. High,inspection,9225 S DAIRY ASHFORD HOUSTON TX,77099,OPEN,0,
2025-10-14,"FELIX COOK, JR. ELEMENTARY SCHOOL",Elementary,inspection,7115 LOCKWOOD HOUSTON TX,77016,OPEN,3,1 Houston Ordinance Violation: 20-21.11(a)(08)c[04] (Violation Corrected On Site) | 2 Houston Ordinance Violation: 20-21.11(a)(07) (Violation) | 3 Houston Ordinance Violation: 20-21.23(g) (Violation Repeat)
2025-10-14,"FELIX COOK, JR. ELEMENTARY SCHOOL",Elementary,grease_trap,7115 LOCKWOOD HOUSTON TX,77016,OPEN,0,
2025-10-14,CHALLENGE EARLY COLLEGE HIGH SCHOOL,High School,inspection,5601 W 610 LOOP S HOUSTON TX,77081,OPEN,3,1 Houston Ordinance Violation: 20-21.10(m) (Violation Repeat) | 2 Houston Ordinance Violation: 20-21.23(b) (Violation) | 3 Houston Ordinance Violation: 20-53(g) (Violation)
2025-10-14,BOONE ELEMENTARY SCHOOL,Elementary,inspection,11400 BISSONNET HOUSTON TX,77099,OPEN,0,
2025-10-14,BOONE ELEMENTARY SCHOOL,Elementary,grease_trap,11400 BISSONNET HOUSTON TX,77099,OPEN,0,
2025-10-14,BOONE ELEMENTARY SCHOOL,Elementary,inspection,11400 BISSONNET HOUSTON TX,77099,OPEN,1,1 Houston Ordinance Violation: 20-21.03(b)(10)b (Violation Corrected On Site)
2025-10-14,ALEXANDER ELEMENTARY SCHOOL,Elementary,grease_trap,8500 BROOKWULF HOUSTON TX,77099,OPEN,0,
2025-10-14,ALEXANDER ELEMENTARY SCHOOL,Elementary,inspection,8500 BROOKWULF HOUSTON TX,77099,OPEN,0,
2025-10-14,ALEXANDER ELEMENTARY SCHOOL,Elementary,inspection,8500 BROOKWULF HOUSTON TX,77099,OPEN,0,
2025-10-09,NORTHLINE ELEMENTARY,Elementary,inspection,821 E WITCHER HOUSTON TX,77076,OPEN,0,
2025-10-09,NORTHLINE ELEMENTARY,Elementary,grease_trap,821 E WITCHER HOUSTON TX,77076,OPEN,0,
2025-10-09,NORTHLINE ELEMENTARY,Elementary,inspection,821 E WITCHER HOUSTON TX,77076,OPEN,1,1 Houston Ordinance Violation: 20-21.23(a) (Violation)
2025-10-09,MOORE ELEMENTARY,Elementary,inspection,8880 SOUTHBLUFF HOUSTON TX,77089,OPEN,2,1 Houston Ordinance Violation: 20-21.17(a) (Violation) | 2 Houston Ordinance Violation: 20-21.21(b) (Violation)
2025-10-09,MOORE ELEMENTARY,Elementary,grease_trap,8880 SOUTHBLUFF HOUSTON TX,77089,OPEN,0,
2025-10-09,MOORE ELEMENTARY,Elementary,inspection,8880 SOUTHBLUFF HOUSTON TX,77089,OPEN,0,
2025-10-09,DEZAVALA ELEMENTARY,Middle / Jr. High,inspection,7521 AVENUE H HOUSTON TX,77012,OPEN,1,1 Houston Ordinance Violation: 20-21.21(b) (Violation Repeat)
2025-10-09,DEZAVALA ELEMENTARY,Middle / Jr. High,inspection,7521 AVENUE H HOUSTON TX,77012,OPEN,1,1 Houston Ordinance Violation: 20-21.21(b) (Violation)
2025-10-09,DEZAVALA ELEMENTARY,Middle / Jr. High,grease_trap,7521 AVENUE H HOUSTON TX,77012,OPEN,0,
2025-10-08,SUGAR GROVE ACADEMY,Middle / Jr. High,inspection,8405 BONHOMME HOUSTON TX,77074,OPEN,1,1 Houston Ordinance Violation: 20-21.10(a) (Violation)
2025-10-08,SUGAR GROVE ACADEMY,Middle / Jr. High,grease_trap,8405 BONHOMME HOUSTON TX,77074,OPEN,0,
2025-10-08,SUGAR GROVE ACADEMY,Middle / Jr. High,inspection,8405 BONHOMME HOUSTON TX,77074,OPEN,1,1 Houston Ordinance Violation: 20-21.19(c) (Violation)
2025-10-08,SOUTHMAYD ELEM SCHOOL,Elementary,inspection,1800 CORAL HOUSTON TX,77012,OPEN,1,1 Houston Ordinance Violation: 20-21.21(b) (Violation)
2025-10-08,SOUTHMAYD ELEM SCHOOL,Elementary,grease_trap,1800 CORAL HOUSTON TX,77012,OPEN,0,
2025-10-08,SOUTHMAYD ELEM SCHOOL,Elementary,inspection,1800 CORAL HOUSTON TX,77012,OPEN,0,
2025-10-08,JAMES E. STUCHBERY ELEMENTARY,Elementary,inspection,11210 HUGHES HOUSTON TX,77089,OPEN,2,1 Houston Ordinance Violation: 20-21.17(a) (Violation) | 2 Houston Ordinance Violation: 20-21.23(g) (Violation Corrected On Site)
2025-10-08,JAMES E. STUCHBERY ELEMENTARY,Elementary,inspection,11210 HUGHES HOUSTON TX,77089,OPEN,0,
2025-10-08,JAMES E. STUCHBERY ELEMENTARY,Elementary,grease_trap,11210 HUGHES HOUSTON TX,77089,OPEN,0,
2025-10-08,GRISSOM ELEMENTARY SCHOOL,Elementary,inspection,4900 SIMSBROOK HOUSTON TX,77045,OPEN,3,1 Houston Ordinance Violation: 20-21.18(d) (Violation) | 2 Houston Ordinance Violation: 20-21.19(b) (Violation) | 3 Houston Ordinance Violation: 20-21.23(a) (Violation)
2025-10-08,GRISSOM ELEMENTARY SCHOOL,Elementary,inspection,4900 SIMSBROOK HOUSTON TX,77045,OPEN,3,1 Houston Ordinance Violation: 20-21.10(a) (Violation) | 2 Houston Ordinance Violation: 20-21.22(f) (Violation) | 3 Houston Ordinance Violation: 20-21.22(a) (Violation)
2025-10-08,GRISSOM ELEMENTARY SCHOOL,Elementary,grease_trap,4900 SIMSBROOK HOUSTON TX,77045,OPEN,0,
2025-10-08,FRAZIER ELEMENTARY SCHOOL,Elementary,inspection,10503 HUGHES HOUSTON TX,77089,OPEN,1,1 Houston Ordinance Violation: 20-21.23(a) (Violation)
2025-10-08,FRAZIER ELEMENTARY SCHOOL,Elementary,grease_trap,10503 HUGHES HOUSTON TX,77089,OPEN,0,
2025-10-08,FRAZIER ELEMENTARY SCHOOL,Elementary,inspection,10503 HUGHES HOUSTON TX,77089,OPEN,0,
2025-10-08,CLEMENTE MARTINEZ ELEMENTARY,Elementary,inspection,901 HAYS HOUSTON TX,77009,OPEN,0,
2025-10-08,CLEMENTE MARTINEZ ELEMENTARY,Elementary,grease_trap,901 HAYS HOUSTON TX,77009,OPEN,1,1 Houston Ordinance Violation: 47-522 (Violation)
2025-10-08,BONHAM ELEMENTARY SCHOOL,Elementary,inspection,8302 BRAES RIVER HOUSTON TX,77074,OPEN,1,1 Houston Ordinance Violation: 20-21.18(d) (Violation)
2025-10-08,BONHAM ELEMENTARY SCHOOL,Elementary,grease_trap,8302 BRAES RIVER HOUSTON TX,77074,OPEN,0,
2025-10-08,BONHAM ELEMENTARY SCHOOL,Elementary,inspection,8302 BRAES RIVER HOUSTON TX,77074,OPEN,0,
2025-10-08,BILLY R. REAGAN EDUCATION CENTER,Elementary,inspection,4842 ANDERSON HOUSTON TX,77053,OPEN,4,1 Houston Ordinance Violation: 20-21.10(m) (Violation Repeat) | 2 Houston Ordinance Violation: 20-21.18(d) (Violation) | 3 Houston Ordinance Violation: 20-21.19(d) (Violation) | 4 Houston Ordinance Violation: 20-21.19(b) (Violation)
2025-10-08,BILLY R. REAGAN EDUCATION CENTER,Elementary,inspection,4842 ANDERSON HOUSTON TX,77053,OPEN,2,1 Houston Ordinance Violation: 20-21.10(m) (Violation) | 2 Houston Ordinance Violation: 20-21.20(a)(03) (Violation)
2025-10-08,BILLY R. REAGAN EDUCATION CENTER,Elementary,grease_trap,4842 ANDERSON HOUSTON TX,77053,OPEN,0,
2025-10-07,YES PREP PUBLIC SCHOOLS - NORTH FOREST SECONDARY,Middle / Jr. High,inspection,6602 WINFIELD RD HOUSTON TX,77050,OPEN,5,1 Houston Ordinance Violation: 20-21.03(b)(01) (Violation Repeat) | 2 Houston Ordinance Violation: 20-21.11(a)(06) (Violation) | 3 Houston Ordinance Violation: 20-21.20(a)(03) (Violation Repeat) | 4 Houston Ordinance Violation: 20-21.23(g) (Violation) | 5 Houston Ordinance Violation: 20-21.27(b) (Violation Corrected On Site)
2025-10-07,YES PREP PUBLIC SCHOOLS - NORTH FOREST SECONDARY,Middle / Jr. High,inspection,6602 WINFIELD RD HOUSTON TX,77050,OPEN,1,1 Houston Ordinance Violation: 47-512(b) (Violation)
2025-10-07,YES PREP PUBLIC SCHOOLS - NORTH FOREST ELEMENTARY,Elementary,inspection,6602 WINFIELD RD HOUSTON TX,77050,OPEN,4,1 Houston Ordinance Violation: 20-21.03(c)(02) (Violation Corrected On Site Repeat) | 2 Houston Ordinance Violation: 20-21.11(a)(07) (Violation) | 3 Houston Ordinance Violation: 20-21.20(a)(03) (Violation) | 4 Houston Ordinance Violation: 21-244(a) (Violation Repeat)
2025-10-07,YES PREP PUBLIC SCHOOLS - NORTH FOREST ELEMENTARY,Elementary,inspection,6602 WINFIELD RD HOUSTON TX,77050,OPEN,1,1 Houston Ordinance Violation: 47-512(b) (Violation)
2025-10-07,YES PREP EAST END-ELEMENTARY,Elementary,inspection,8329 LAWNDALE ST HOUSTON TX,77012,OPEN,1,1 Houston Ordinance Violation: 20-21.10(a) (Violation)
2025-10-07,YES PREP EAST END-ELEMENTARY,Elementary,inspection,8329 LAWNDALE ST HOUSTON TX,77012,OPEN,0,
2025-10-07,YES PREP EAST END SECONDARY,Middle / Jr. High,inspection,8401 LAWNDALE ST LAWNDALE TX,77012,OPEN,0,
2025-10-07,YES PREP EAST END SECONDARY,Middle / Jr. High,inspection,8401 LAWNDALE ST LAWNDALE TX,77012,OPEN,0,
2025-10-07,THURGOOD MARSHALL ELEMENTARY,Elementary,inspection,6200 WINFIELD RD HOUSTON TX,77050,OPEN,4,1 Houston Ordinance Violation: 20-21.10(m) (Violation) | 2 Houston Ordinance Violation: 20-21.11(a)(07) (Violation Corrected On Site) | 3 Houston Ordinance Violation: 20-21.22(a) (Violation) | 4 Houston Ordinance Violation: 20-21.23(g) (Violation Repeat)
2025-10-07,THURGOOD MARSHALL ELEMENTARY,Elementary,grease_trap,6200 WINFIELD RD HOUSTON TX,77050,OPEN,0,
2025-10-07,KATHERINE SMITH ELEMENTARY,Elementary,inspection,4802 CHRYSTELL HOUSTON TX,77092,OPEN,1,1 Houston Ordinance Violation: 20-21.18(c) (Violation)
2025-10-07,KATHERINE SMITH ELEMENTARY,Elementary,grease_trap,4802 CHRYSTELL HOUSTON TX,77092,OPEN,0,
2025-10-07,KATHERINE SMITH ELEMENTARY,Elementary,inspection,4802 CHRYSTELL HOUSTON TX,77092,OPEN,2,1 Houston Ordinance Violation: 20-21.10(m) (Violation) | 2 Houston Ordinance Violation: 20-21.11(a)(07) (Violation)
2025-10-07,BENBROOK ELEMENTARY SCHOOL,Elementary,grease_trap,4026 BOLIN HOUSTON TX,77092,OPEN,0,
2025-10-07,BENBROOK ELEMENTARY SCHOOL,Elementary,inspection,4026 BOLIN HOUSTON TX,77092,OPEN,1,1 Houston Ordinance Violation: 20-21.23(a) (Violation Repeat)
2025-10-07,BENBROOK ELEMENTARY SCHOOL,Elementary,inspection,4026 BOLIN HOUSTON TX,77092,OPEN,4,1 Houston Ordinance Violation: 20-21.11(a)(07) (Violation) | 2 Houston Ordinance Violation: 20-21.22(a) (Violation) | 3 Houston Ordinance Violation: 20-21.23(a) (Violation) | 4 Houston Ordinance Violation: 20-21.28(a)(01) (Violation)
2025-10-06,ST AUGUSTINE SCHOOL,Middle / Jr. High,inspection,5500 LAUREL CREEK HOUSTON TX,77017,OPEN,3,1 Houston Ordinance Violation: 20-21.21(b) (Violation Repeat) | 2 Houston Ordinance Violation: 20-21.22(a) (Violation) | 3 Houston Ordinance Violation: 20-21.23(a) (Violation Repeat)
2025-10-06,ST AUGUSTINE SCHOOL,Middle / Jr. High,inspection,5500 LAUREL CREEK HOUSTON TX,77017,OPEN,1,1 Houston Ordinance Violation: 20-21.21(b) (Violation)
2025-10-06,ST AUGUSTINE SCHOOL,Middle / Jr. High,grease_trap,5500 LAUREL CREEK HOUSTON TX,77017,OPEN,0,
2025-10-06,PATTERSON ELEMENTARY,Elementary,inspection,5302 ALLENDALE HOUSTON TX,77017,OPEN,3,1 Houston Ordinance Violation: 20-21.17(a) (Violation) | 2 Houston Ordinance Violation: 20-21.22(a) (Violation) | 3 Houston Ordinance Violation: 20-21.23(g) (Violation)
2025-10-06,PATTERSON ELEMENTARY,Elementary,grease_trap,5302 ALLENDALE HOUSTON TX,77017,OPEN,0,
2025-10-06,PATTERSON ELEMENTARY,Elementary,inspection,5302 ALLENDALE HOUSTON TX,77017,OPEN,1,1 Houston Ordinance Violation: 20-21.21(b) (Violation)
2025-10-06,MEADOW WOOD ELEMENTARY,Elementary,inspection,14230 MEMORIAL DR HOUSTON TX,77079,OPEN,0,
2025-10-06,MEADOW WOOD ELEMENTARY,Elementary,grease_trap,14230 MEMORIAL DR HOUSTON TX,77079,OPEN,0,
2025-10-06,MEADOW WOOD ELEMENTARY,Elementary,inspection,14230 MEMORIAL DR HOUSTON TX,77079,OPEN,1,1 Houston Ordinance Violation: 20-21.20(a)(03) (Violation Repeat)
2025-10-06,GOLFCREST ELEMENTARY,Elementary,grease_trap,7414 FAIRWAY HOUSTON TX,77087,OPEN,0,
2025-10-06,GOLFCREST ELEMENTARY,Elementary,inspection,7414 FAIRWAY HOUSTON TX,77087,OPEN,0,
2025-10-06,GOLFCREST ELEMENTARY,Elementary,inspection,7414 FAIRWAY HOUSTON TX,77087,OPEN,5,1 Houston Ordinance Violation: 20-21.10(m) (Violation) | 2 Houston Ordinance Violation: 20-21.18(d) (Violation Corrected On Site Repeat) | 3 Houston Ordinance Violation: 20-21.22(a) (Violation) | 4 Houston Ordinance Violation: 20-21.22(f) (Violation) | 5 Houston Ordinance Violation: 20-21.23(g) (Violation)
2025-10-06,CHAMBERS ELEMENTARY SCHOOL,Elementary,inspection,10700 CARVEL HOUSTON TX,77072,OPEN,1,1 Houston Ordinance Violation: 20-21.18(d) (Violation)
2025-10-06,CHAMBERS ELEMENTARY SCHOOL,Elementary,grease_trap,10700 CARVEL HOUSTON TX,77072,OPEN,0,
2025-10-06,CHAMBERS ELEMENTARY SCHOOL,Elementary,inspection,10700 CARVEL HOUSTON TX,77072,OPEN,0,
2025-10-06,BEATRICE MAYES INSTITUTE,Elementary,inspection,5807 CALHOUN HOUSTON TX,77021,OPEN,0,
2025-10-06,BEATRICE MAYES INSTITUTE,Elementary,inspection,5807 CALHOUN HOUSTON TX,77021,OPEN,1,1 Houston Ordinance Violation: 47-512(b) (Violation)
2025-10-06,BEATRICE MAYES INSTITUTE,Elementary,inspection,5807 CALHOUN HOUSTON TX,77021,OPEN,3,1 Houston Ordinance Violation: 20-21.10(m) (Violation) | 2 Houston Ordinance Violation: 20-21.22(a) (Violation) | 3 Houston Ordinance Violation: 20-53(a) (Violation)
2025-10-01,PERSHING MIDDLE SCHOOL,Middle / Jr. High,grease_trap,3838 BLUEBONNET HOUSTON TX,77025,OPEN,0,
2025-10-01,PERSHING MIDDLE SCHOOL,Middle / Jr. High,inspection,3838 BLUEBONNET HOUSTON TX,77025,OPEN,1,1 Houston Ordinance Violation: 20-21.23(a) (Violation Corrected On Site)
2025-10-01,NOTTINGHAM ELEMENTARY SCHOOL,Elementary,inspection,570 NOTTINGHAM OAKS TRL HOUSTON TX,77079,OPEN,0,
2025-10-01,NOTTINGHAM ELEMENTARY SCHOOL,Elementary,inspection,570 NOTTINGHAM OAKS TRL HOUSTON TX,77079,OPEN,0,
2025-10-01,NOTTINGHAM ELEMENTARY SCHOOL,Elementary,inspection,570 NOTTINGHAM OAKS TRL HOUSTON TX,77079,OPEN,2,1 Houston Ordinance Violation: 20-21.03(b)(01) (Violation) | 2 Houston Ordinance Violation: 20-21.19(g) (Violation)
2025-10-01,LIESTMANN ELEMENTARY SCHOOL,Elementary,inspection,7610 SYNOTT HOUSTON TX,77082,OPEN,0,
2025-10-01,LIESTMANN ELEMENTARY SCHOOL,Elementary,grease_trap,7610 SYNOTT HOUSTON TX,77082,OPEN,0,
2025-10-01,LIESTMANN ELEMENTARY SCHOOL,Elementary,inspection,7610 SYNOTT HOUSTON TX,77082,OPEN,0,
2025-10-01,LANTRIP ELEMENTARY,Elementary,inspection,100 TELEPHONE HOUSTON TX,77023,OPEN,5,1 Houston Ordinance Violation: 20-21.07(a)(03) (Violation) | 2 Houston Ordinance Violation: 20-21.10(a) (Violation Repeat) | 3 Houston Ordinance Violation: 20-21.22(a) (Violation) | 4 Houston Ordinance Violation: 20-21.23(a) (Violation) | 5 Houston Ordinance Violation: 20-21.23(g) (Violation)
2025-10-01,LANTRIP ELEMENTARY,Elementary,grease_trap,100 TELEPHONE HOUSTON TX,77023,OPEN,0,
2025-10-01,LANTRIP ELEMENTARY,Elementary,inspection,100 TELEPHONE HOUSTON TX,77023,OPEN,2,1 Houston Ordinance Violation: 20-21.18(d) (Violation) | 2 Houston Ordinance Violation: 20-21.21(b) (Violation)
2025-10-01,KENNEDY ELEMENTARY,Elementary,grease_trap,400 VICTORIA HOUSTON TX,77022,OPEN,0,
2025-10-01,KENNEDY ELEMENTARY,Elementary,inspection,400 VICTORIA HOUSTON TX,77022,OPEN,0,
2025-10-01,KENNEDY ELEMENTARY,Elementary,inspection,400 VICTORIA HOUSTON TX,77022,OPEN,0,
2025-09-30,WESTCHESTER ACADEMY,Middle / Jr. High,inspection,901 YORKCHESTER HOUSTON TX,77079,OPEN,0,
2025-09-30,WESTCHESTER ACADEMY,Middle / Jr. High,grease_trap,901 YORKCHESTER HOUSTON TX,77079,OPEN,0,
2025-09-30,WESTCHESTER ACADEMY,Middle / Jr. High,inspection,901 YORKCHESTER HOUSTON TX,77079,OPEN,1,1 Houston Ordinance Violation: 20-21.10(a) (Violation)
2025-09-30,WESTCHESTER ACADEMY,Middle / Jr. High,inspection,901 YORKCHESTER HOUSTON TX,77079,OPEN,0,
2025-09-30,TRAVIS ELEMENTARY SCHOOL,Elementary,inspection,3311 BEAUCHAMP HOUSTON TX,77009,OPEN,1,1 Houston Ordinance Violation: 20-21.22(a) (Violation Corrected On Site)
2025-09-30,TRAVIS ELEMENTARY SCHOOL,Elementary,inspection,3311 BEAUCHAMP HOUSTON TX,77009,OPEN,1,1 Houston Ordinance Violation: 20-21.19(d) (Violation)
2025-09-30,TRAVIS ELEMENTARY SCHOOL,Elementary,grease_trap,3311 BEAUCHAMP HOUSTON TX,77009,OPEN,0,
2025-09-30,SHERWOOD ELEMENTARY SCHOOL,Elementary,inspection,1700 SHERWOOD FOREST HOUSTON TX,77043,OPEN,0,
2025-09-30,SHERWOOD ELEMENTARY SCHOOL,Elementary,grease_trap,1700 SHERWOOD FOREST HOUSTON TX,77043,OPEN,0,
2025-09-30,SHERWOOD ELEMENTARY SCHOOL,Elementary,inspection,1700 SHERWOOD FOREST HOUSTON TX,77043,OPEN,1,1 Houston Ordinance Violation: 20-21.20(a)(03) (Violation)
2025-09-30,RUCKER ELEMENTARY SCHOOL,Middle / Jr. High,inspection,5201 VINETT HOUSTON TX,77017,OPEN,2,1 Houston Ordinance Violation: 20-21.17(a) (Violation) | 2 Houston Ordinance Violation: 20-21.21(b) (Violation)
2025-09-30,RUCKER ELEMENTARY SCHOOL,Middle / Jr. High,inspection,5201 VINETT HOUSTON TX,77017,OPEN,3,1 Houston Ordinance Violation: 20-21.10(a) (Violation Repeat) | 2 Houston Ordinance Violation: 20-21.18(d) (Violation) | 3 Houston Ordinance Violation: 20-21.22(a) (Violation Repeat)
2025-09-30,RUCKER ELEMENTARY SCHOOL,Middle / Jr. High,grease_trap,5201 VINETT HOUSTON TX,77017,OPEN,0,
2025-09-30,MANDARIN IMMERSION MAGNATE SCHOOL,Middle / Jr. High,inspection,5445 W ALABAMA ST HOUSTON TX,77056,OPEN,3,1 Houston Ordinance Violation: 20-21.21(b) (Violation) | 2 Houston Ordinance Violation: 20-21.22(a) (Violation) | 3 Houston Ordinance Violation: 20-21.23(a) (Violation)
2025-09-30,MANDARIN IMMERSION MAGNATE SCHOOL,Middle / Jr. High,inspection,5445 W ALABAMA ST HOUSTON TX,77056,OPEN,2,1 Houston Ordinance Violation: 20-21.22(a) (Violation) | 2 Houston Ordinance Violation: 20-21.23(a) (Violation)
2025-09-30,MANDARIN IMMERSION MAGNATE SCHOOL,Middle / Jr. High,grease_trap,5445 W ALABAMA ST HOUSTON TX,77056,OPEN,0,
2025-09-30,KETELSEN ELEMENTARY,Elementary,inspection,600 QUITMAN HOUSTON TX,77009,OPEN,1,1 Houston Ordinance Violation: 20-21.22(f) (Violation Repeat)
2025-09-30,KETELSEN ELEMENTARY,Elementary,grease_trap,600 QUITMAN HOUSTON TX,77009,OPEN,0,
2025-09-30,HELMS ELEMENTARY,Elementary,inspection,503 W 21ST ST HOUSTON TX,77008,OPEN,0,
2025-09-30,BARRICK ELEMENTARY,Elementary,grease_trap,12001 WINFREY HOUSTON TX,77076,OPEN,0,
2025-09-30,BARRICK ELEMENTARY,Elementary,inspection,12001 WINFREY HOUSTON TX,77076,OPEN,0,
2025-09-30,BARRICK ELEMENTARY,Elementary,inspection,12001 WINFREY HOUSTON TX,77076,OPEN,1,1 Houston Ordinance Violation: 20-21.23(a) (Violation)
2025-09-29,YOUENS ELEMENTARY SCHOOL,Elementary,inspection,12141 HIGH STAR HOUSTON TX,77072,OPEN,0,
2025-09-29,YOUENS ELEMENTARY SCHOOL,Elementary,inspection,12141 HIGH STAR HOUSTON TX,77072,OPEN,0,
2025-09-29,YOUENS ELEMENTARY SCHOOL,Elementary,grease_trap,12141 HIGH STAR HOUSTON TX,77072,OPEN,0,
2025-09-29,YES PREP NORTHWEST SECONDARY,Middle / Jr. High,inspection,14741 YORKTOWN PLAZA DR HOUSTON TX,77040,OPEN,0,
2025-09-29,BENDWOOD ELEMENTARY SCHOOL,Elementary,grease_trap,12750 KIMBERLY HOUSTON TX,77024,OPEN,0,
2025-09-29,BENDWOOD ELEMENTARY SCHOOL,Elementary,inspection,12750 KIMBERLY HOUSTON TX,77024,OPEN,3,1 Houston Ordinance Violation: 20-21.17(a) (Violation) | 2 Houston Ordinance Violation: 20-21.19(g) (Violation) | 3 Houston Ordinance Violation: 20-53(f) (Violation)
2025-09-26,YES PREP NORTHWEST SECONDARY,Middle / Jr. High,inspection,14741 YORKTOWN PLAZA DR HOUSTON TX,77040,OPEN,0,
2025-09-25,HELMS ELEMENTARY,Elementary,inspection,503 W 21ST ST HOUSTON TX,77008,OPEN,1,1 Houston Ordinance Violation: 20-21.12(g) (Violation)
2025-09-25,HELMS ELEMENTARY,Elementary,inspection,503 W 21ST ST HOUSTON TX,77008,OPEN,2,1 Houston Ordinance Violation: 20-21.05(f)(02) (Violation) | 2 Houston Ordinance Violation: 20-21.11(a)(08)c[04] (Violation)
2025-09-25,HELMS ELEMENTARY,Elementary,grease_trap,503 W 21ST ST HOUSTON TX,77008,OPEN,0,
2025-09-25,HAMILTON JR HIGH,Middle / Jr. High,grease_trap,139 E 20TH HOUSTON TX,77008,OPEN,0,
2025-09-25,HAMILTON JR HIGH,Middle / Jr. High,inspection,139 E 20TH HOUSTON TX,77008,OPEN,1,1 Houston Ordinance Violation: 20-21.11(a)(07) (Violation Repeat)
2025-09-25,HAMILTON JR HIGH,Middle / Jr. High,inspection,139 E 20TH HOUSTON TX,77008,OPEN,5,1 Houston Ordinance Violation: 20-21.10(a) (Violation) | 2 Houston Ordinance Violation: 20-21.11(a)(08)c[04] (Violation Corrected On Site) | 3 Houston Ordinance Violation: 20-21.11(a)(07) (Violation) | 4 Houston Ordinance Violation: 20-21.23(g) (Violation) | 5 Houston Ordinance Violation: 20-21.23(a) (Violation)
2025-09-24,YES PREP NORTHLINE,Middle / Jr. High,inspection,441 LITTLE YORK RD HOUSTON TX,77076,OPEN,0,
2025-09-24,YES PREP NORTHLINE,Middle / Jr. High,inspection,441 LITTLE YORK RD HOUSTON TX,77076,OPEN,0,
2025-09-24,YES PREP NORTHLINE,Middle / Jr. High,inspection,441 LITTLE YORK RD HOUSTON TX,77076,OPEN,0,
2025-09-24,RIDGECREST ELEMENTARY SCHOOL,Elementary,grease_trap,2015 RIDGECREST HOUSTON TX,77055,OPEN,0,
2025-09-24,RIDGECREST ELEMENTARY SCHOOL,Elementary,inspection,2015 RIDGECREST HOUSTON TX,77055,OPEN,2,1 Houston Ordinance Violation: 20-21.19(b) (Violation) | 2 Houston Ordinance Violation: 20-21.19(g) (Violation)
2025-09-24,BRIARGROVE ELEMENTARY SCHOOL,Elementary,grease_trap,6145 SAN FELIPE HOUSTON TX,77057,OPEN,0,
2025-09-24,BRIARGROVE ELEMENTARY SCHOOL,Elementary,inspection,6145 SAN FELIPE HOUSTON TX,77057,OPEN,2,1 Houston Ordinance Violation: 20-21.10(m) (Violation) | 2 Houston Ordinance Violation: 20-21.19(c) (Violation)
2025-09-24,BRIARGROVE ELEMENTARY SCHOOL,Elementary,inspection,6145 SAN FELIPE HOUSTON TX,77057,OPEN,4,1 Houston Ordinance Violation: 20-21.23(g) (Violation) | 2 Houston Ordinance Violation: 20-21.26(b) (Violation) | 3 Houston Ordinance Violation: 20-53(b) (Violation Corrected On Site) | 4 Houston Ordinance Violation: 20-56(a) (Violation)
2025-09-23,YES PREP AIRLINE ELEMENTARY,Elementary,inspection,5815 AIRLINE DR HOUSTON TX,77076,OPEN,1,1 Houston Ordinance Violation: 47-512(b) (Violation Repeat)
2025-09-23,YES PREP AIRLINE ELEMENTARY,Elementary,inspection,5815 AIRLINE DR HOUSTON TX,77076,OPEN,0,
2025-09-23,YES PREP AIRLINE ELEMENTARY,Elementary,inspection,5815 AIRLINE DR HOUSTON TX,77076,OPEN,3,1 Houston Ordinance Violation: 20-21.10(a) (Violation) | 2 Houston Ordinance Violation: 20-21.19(g) (Violation Repeat) | 3 Houston Ordinance Violation: 20-53(a) (Violation Repeat)
2025-09-23,WILCHESTER ELEMENTARY SCHOOL,Elementary,inspection,13618 SAINT MARY'S HOUSTON TX,77079,OPEN,0,
2025-09-23,WILCHESTER ELEMENTARY SCHOOL,Elementary,grease_trap,13618 SAINT MARY'S HOUSTON TX,77079,OPEN,0,
2025-09-23,WILCHESTER ELEMENTARY SCHOOL,Elementary,inspection,13618 SAINT MARY'S HOUSTON TX,77079,OPEN,2,1 Houston Ordinance Violation: 20-20(c) (Violation) | 2 Houston Ordinance Violation: 20-21.20(a)(03) (Violation)
2025-09-23,SYLVAN RODRIGUEZ ELEM SCHOOL,Elementary,inspection,5858 CHIMNEY ROCK HOUSTON TX,77081,OPEN,3,1 Houston Ordinance Violation: 20-21.10(m) (Violation Repeat) | 2 Houston Ordinance Violation: 20-21.19(d) (Violation) | 3 Houston Ordinance Violation: 20-21.19(c) (Violation)
2025-09-23,SYLVAN RODRIGUEZ ELEM SCHOOL,Elementary,inspection,5858 CHIMNEY ROCK HOUSTON TX,77081,OPEN,2,1 Houston Ordinance Violation: 20-21.10(m) (Violation) | 2 Houston Ordinance Violation: 20-21.17(a) (Violation)
2025-09-23,SYLVAN RODRIGUEZ ELEM SCHOOL,Elementary,grease_trap,5858 CHIMNEY ROCK HOUSTON TX,77081,OPEN,0,
2025-09-23,OUTLEY ELEMENTARY,Elementary,inspection,12355 RICHMOND HOUSTON TX,77082,OPEN,1,1 Houston Ordinance Violation: 20-21.23(g) (Violation)
2025-09-23,OUTLEY ELEMENTARY,Elementary,grease_trap,12355 RICHMOND HOUSTON TX,77082,OPEN,0,
2025-09-23,OUTLEY ELEMENTARY,Elementary,inspection,12355 RICHMOND HOUSTON TX,77082,OPEN,0,
2025-09-23,MARCELLA ELEMENTARY,Middle / Jr. High,inspection,16250 COTILLION DR HOUSTON TX,77060,OPEN,2,1 Houston Ordinance Violation: 20-21.11(a)(07) (Violation) | 2 Houston Ordinance Violation: 20-21.23(g) (Violation)
2025-09-23,MARCELLA ELEMENTARY,Middle / Jr. High,grease_trap,16250 COTILLION DR HOUSTON TX,77060,OPEN,0,
2025-09-23,CAGE ELEMENTARY,Elementary,inspection,4520 LEELAND HOUSTON TX,77023,OPEN,1,1 Houston Ordinance Violation: 20-21.23(a) (Violation Repeat)
2025-09-23,CAGE ELEMENTARY,Elementary,inspection,4520 LEELAND HOUSTON TX,77023,OPEN,6,1 Houston Ordinance Violation: 20-20(c) (Violation) | 2 Houston Ordinance Violation: 20-21.22(a) (Violation) | 3 Houston Ordinance Violation: 20-21.23(a) (Violation) | 4 Houston Ordinance Violation: 20-21.23(g) (Violation) | 5 Houston Ordinance Violation: 20-21.23(a) (Violation) | 6 Houston Ordinance Violation: 20-53(b) (Violation)
2025-09-23,CAGE ELEMENTARY,Elementary,grease_trap,4520 LEELAND HOUSTON TX,77023,OPEN,0,
2025-09-23,BLACK ELEMENTARY,Elementary,inspection,160 MILLSTREAM HOUSTON TX,77060,OPEN,5,1 Houston Ordinance Violation: 20-21.11(a)(07) (Violation) | 2 Houston Ordinance Violation: 20-21.20(a)(03) (Violation Repeat) | 3 Houston Ordinance Violation: 20-21.21(b) (Violation) | 4 Houston Ordinance Violation: 20-21.23(g) (Violation Repeat) | 5 Houston Ordinance Violation: 20-21.28(e) (Violation)
2025-09-23,BLACK ELEMENTARY,Elementary,grease_trap,160 MILLSTREAM HOUSTON TX,77060,OPEN,0,
2025-09-22,ST. MARY'S CATHOLIC CHURCH CAFE',Middle / Jr. High,inspection,3006 ROSEDALE ST HOUSTON TX,77004,OPEN,8,1 Houston Ordinance Violation: 20-21.03(b)(01) (Violation) | 2 Houston Ordinance Violation: 20-21.17(c) (Violation) | 3 Houston Ordinance Violation: 20-21.18(c) (Violation) | 4 Houston Ordinance Violation: 20-21.19(g) (Violation) | 5 Houston Ordinance Violation: 20-21.20(a)(03) (Violation) | 6 Houston Ordinance Violation: 20-21.20(b)(03) (Violation) | 7 Houston Ordinance Violation: 20-21.21(b) (Violation) | 8 Houston Ordinance Violation: 20-21.23(g) (Violation)
2025-09-22,MEMORIAL ELEMENTARY SCHOOL,Middle / Jr. High,inspection,6401 ARNOT HOUSTON TX,77007,OPEN,3,1 Houston Ordinance Violation: 20-21.10(m) (Violation) | 2 Houston Ordinance Violation: 20-21.20(b)(03) (Violation) | 3 Houston Ordinance Violation: 20-21.22(a) (Violation)
2025-09-22,MEMORIAL ELEMENTARY SCHOOL,Middle / Jr. High,inspection,6401 ARNOT HOUSTON TX,77007,OPEN,1,1 Houston Ordinance Violation: 20-21.10(a) (Violation)
2025-09-22,MEMORIAL ELEMENTARY SCHOOL,Middle / Jr. High,grease_trap,6401 ARNOT HOUSTON TX,77007,OPEN,0,
2025-09-19,THE EMERY/WEINER SCHOOL,Middle / Jr. High,inspection,9825 STELLA LINK HOUSTON TX,77025,OPEN,0,
2025-09-19,HERRERA ELEMENTARY SCHOOL,Elementary,grease_trap,525 BENNINGTON HOUSTON TX,77022,OPEN,0,
2025-09-19,HERRERA ELEMENTARY SCHOOL,Elementary,inspection,525 BENNINGTON HOUSTON TX,77022,OPEN,0,
2025-09-19,HERRERA ELEMENTARY SCHOOL,Elementary,inspection,525 BENNINGTON HOUSTON TX,77022,OPEN,2,1 Houston Ordinance Violation: 20-21.21(b) (Violation) | 2 Houston Ordinance Violation: 20-21.21(d) (Violation)
2025-09-17,SHADYDALE ELEMENTARY SCHOOL,Elementary,inspection,5905 TIDWELL RD HOUSTON TX,77016,OPEN,3,1 Houston Ordinance Violation: 20-21.20(a)(03) (Violation) | 2 Houston Ordinance Violation: 20-21.21(d) (Violation Corrected On Site) | 3 Houston Ordinance Violation: 20-21.23(g) (Violation Repeat)
2025-09-17,SHADYDALE ELEMENTARY SCHOOL,Elementary,grease_trap,5905 TIDWELL RD HOUSTON TX,77016,OPEN,0,
2025-09-17,GARDEN VILLAS ELEMENTARY,Elementary,inspection,7185 SANTA FE HOUSTON TX,77061,OPEN,1,1 Houston Ordinance Violation: 20-21.23(a) (Violation)
2025-09-17,GARDEN VILLAS ELEMENTARY,Elementary,inspection,7185 SANTA FE HOUSTON TX,77061,OPEN,0,
2025-09-17,GARDEN VILLAS ELEMENTARY,Elementary,grease_trap,7185 SANTA FE HOUSTON TX,77061,OPEN,0,
2025-09-17,DECHAUMES ELEMENTARY,Elementary,grease_trap,155 COOPER HOUSTON TX,77076,OPEN,0,
2025-09-17,DECHAUMES ELEMENTARY,Elementary,inspection,155 COOPER HOUSTON TX,77076,OPEN,0,
2025-09-17,DECHAUMES ELEMENTARY,Elementary,inspection,155 COOPER HOUSTON TX,77076,OPEN,2,1 Houston Ordinance Violation: 20-21.28(e) (Violation) | 2 Houston Ordinance Violation: 20-53(g) (Violation)
2025-09-16,WEST FORK HIGH SCHOOL,High School,inspection,180 SORTERS MCCLELLAN RD KINGWOOD TX,77339,OPEN,7,1 Houston Ordinance Violation: 20-21.05(f)(02) (Violation) | 2 Houston Ordinance Violation: 20-21.10(a)(07) (Violation Corrected On Site) | 3 Houston Ordinance Violation: 20-21.11(a)(07) (Violation) | 4 Houston Ordinance Violation: 20-21.20(a)(03) (Violation Repeat) | 5 Houston Ordinance Violation: 20-21.22(a) (Violation) | 6 Houston Ordinance Violation: 20-21.23(g) (Violation) | 7 Houston Ordinance Violation: 21-244(a) (Violation Repeat)
2025-09-16,WEST FORK HIGH SCHOOL,High School,inspection,180 SORTERS MCCLELLAN RD KINGWOOD TX,77339,OPEN,0,
2025-09-16,VALLEY OAKS ELEMENTARY,Elementary,grease_trap,8390 WESTVIEW DR HOUSTON TX,77055,OPEN,0,
2025-09-16,VALLEY OAKS ELEMENTARY,Elementary,inspection,8390 WESTVIEW DR HOUSTON TX,77055,OPEN,0,
2025-09-16,THORNWOOD ELEMENTARY SCHOOL,Elementary,inspection,14400 FERN HOUSTON TX,77079,OPEN,0,
2025-09-16,THORNWOOD ELEMENTARY SCHOOL,Elementary,grease_trap,14400 FERN HOUSTON TX,77079,OPEN,0,
2025-09-16,THORNWOOD ELEMENTARY SCHOOL,Elementary,inspection,14400 FERN HOUSTON TX,77079,OPEN,1,1 Houston Ordinance Violation: 20-21.20(a)(03) (Violation)
2025-09-16,THE DREAM CENTER HOUSTON,Middle / Jr. High,inspection,6651 HAWES HOUSTON TX,77396,OPEN,12,1 Houston Ordinance Violation: 20-19(d) (Violation Corrected On Site) | 2 Houston Ordinance Violation: 20-20(c) (Violation) | 3 Houston Ordinance Violation: 20-21.04(j) (Violation Corrected On Site) | 4 Houston Ordinance Violation: 20-21.10(m) (Violation) | 5 Houston Ordinance Violation: 20-21.19(c) (Violation) | 6 Houston Ordinance Violation: 20-21.19(c) (Violation Repeat) | 7 Houston Ordinance Violation: 20-21.20(a)(03) (Violation Repeat) | 8 Houston Ordinance Violation: 20-21.22(a) (Violation Repeat) | 9 Houston Ordinance Violation: 20-26(c) (Violation Repeat) | 10 Houston Ordinance Violation: 20-36(a) (Violation Repeat) | 11 Houston Ordinance Violation: 20-56(a) (Violation Repeat) | 12 Houston Ordinance Violation: 21-244(a) (Violation)
2025-09-16,THE DREAM CENTER HOUSTON,Middle / Jr. High,inspection,6651 HAWES HOUSTON TX,77396,OPEN,0,
2025-09-16,LOVE ELEMENTARY,Elementary,grease_trap,1120 W 13TH HOUSTON TX,77008,OPEN,0,
2025-09-16,LOVE ELEMENTARY,Elementary,inspection,1120 W 13TH HOUSTON TX,77008,OPEN,3,1 Houston Ordinance Violation: 20-21.19(d) (Violation) | 2 Houston Ordinance Violation: 20-21.22(a) (Violation) | 3 Houston Ordinance Violation: 20-21.23(g) (Violation Repeat)
2025-09-16,LOVE ELEMENTARY,Elementary,inspection,1120 W 13TH HOUSTON TX,77008,OPEN,1,1 Houston Ordinance Violation: 20-21.23(g) (Violation)
2025-09-16,FIELD ELEMENTARY,Elementary,inspection,703 E 17TH HOUSTON TX,77008,OPEN,4,1 Houston Ordinance Violation: 20-21.10(m) (Violation) | 2 Houston Ordinance Violation: 20-21.18(d) (Violation) | 3 Houston Ordinance Violation: 20-21.20(a)(03) (Violation) | 4 Houston Ordinance Violation: 20-21.23(g) (Violation)
2025-09-16,FIELD ELEMENTARY,Elementary,grease_trap,703 E 17TH HOUSTON TX,77008,OPEN,0,
2025-09-16,FIELD ELEMENTARY,Elementary,inspection,703 E 17TH HOUSTON TX,77008,OPEN,5,1 Houston Ordinance Violation: 20-21.11(a)(07) (Violation) | 2 Houston Ordinance Violation: 20-21.20(a)(03) (Violation) | 3 Houston Ordinance Violation: 20-21.22(a) (Violation) | 4 Houston Ordinance Violation: 20-21.23(g) (Violation) | 5 Houston Ordinance Violation: 20-21.23(a) (Violation)
2025-09-16,BUSSEY ELEMENTARY,Elementary,grease_trap,11555 AIRLINE DR HOUSTON TX,77037,OPEN,0,
2025-09-16,BUSSEY ELEMENTARY,Elementary,inspection,11555 AIRLINE DR HOUSTON TX,77037,OPEN,0,
2025-09-16,BUSSEY ELEMENTARY,Elementary,inspection,11555 AIRLINE DR HOUSTON TX,77037,OPEN,2,1 Houston Ordinance Violation: 20-21.10(a) (Violation) | 2 Houston Ordinance Violation: 20-21.20(a)(03) (Violation)
2025-09-16,ASKEW ELEMENTARY,Elementary,grease_trap,11200 WOOD LODGE HOUSTON TX,77077,OPEN,0,
2025-09-16,ASKEW ELEMENTARY,Elementary,inspection,11200 WOOD LODGE HOUSTON TX,77077,OPEN,0,
2025-09-16,ASKEW ELEMENTARY,Elementary,inspection,11200 WOOD LODGE HOUSTON TX,77077,OPEN,0,
2025-09-15,WOLFE ELEMENTARY SCHOOL,Elementary,inspection,502 ADDICKS HOWELL RD HOUSTON TX,77079,OPEN,0,
2025-09-15,WOLFE ELEMENTARY SCHOOL,Elementary,grease_trap,502 ADDICKS HOWELL RD HOUSTON TX,77079,OPEN,0,
2025-09-15,WOLFE ELEMENTARY SCHOOL,Elementary,inspection,502 ADDICKS HOWELL RD HOUSTON TX,77079,OPEN,1,1 Houston Ordinance Violation: 20-21.21(b) (Violation)
2025-09-15,CORNELIUS ELEMENTARY,Elementary,inspection,7475 WESTOVER HOUSTON TX,77087,OPEN,0,
2025-09-15,CORNELIUS ELEMENTARY,Elementary,grease_trap,7475 WESTOVER HOUSTON TX,77087,OPEN,0,
2025-09-15,CORNELIUS ELEMENTARY,Elementary,inspection,7475 WESTOVER HOUSTON TX,77087,OPEN,2,1 Houston Ordinance Violation: 20-21.11(a)(07) (Violation) | 2 Houston Ordinance Violation: 20-21.22(a) (Violation)
2025-09-12,RED ELEMENTARY,Elementary,grease_trap,4520 TONAWANDA HOUSTON TX,77035,OPEN,0,
2025-09-12,RED ELEMENTARY,Elementary,inspection,4520 TONAWANDA HOUSTON TX,77035,OPEN,2,1 Houston Ordinance Violation: 20-21.19(d) (Violation) | 2 Houston Ordinance Violation: 20-21.21(a) (Violation)
2025-09-12,MARK TWAIN ELEMENTARY,Elementary,grease_trap,7500 BRAES BLVD HOUSTON TX,77025,OPEN,0,
2025-09-12,MARK TWAIN ELEMENTARY,Elementary,inspection,7500 BRAES BLVD HOUSTON TX,77025,OPEN,1,1 Houston Ordinance Violation: 20-21.20(h) (Violation)
2025-09-12,AMIGOS POR VIDA,Middle / Jr. High,inspection,5503 EL CAMINO DEL REY ST HOUSTON TX,77081,OPEN,4,1 Houston Ordinance Violation: 20-19(d) (Violation) | 2 Houston Ordinance Violation: 20-21.07(a)(03) (Violation) | 3 Houston Ordinance Violation: 20-21.10(a) (Violation Repeat) | 4 Houston Ordinance Violation: 20-21.27(b) (Violation Corrected On Site)
2025-09-11,DAILY ELEMENTARY,Elementary,grease_trap,12909 BRIAR FOREST DR HOUSTON TX,77077,OPEN,0,
2025-09-11,DAILY ELEMENTARY,Elementary,inspection,12909 BRIAR FOREST DR HOUSTON TX,77077,OPEN,0,
2025-09-11,DAILY ELEMENTARY,Elementary,inspection,12909 BRIAR FOREST DR HOUSTON TX,77077,OPEN,0,
2025-09-11,BUSH ELEMENTARY,Elementary,inspection,9730 STROUD HOUSTON TX,77036,OPEN,0,
2025-09-11,BUSH ELEMENTARY,Elementary,grease_trap,9730 STROUD HOUSTON TX,77036,OPEN,0,
2025-09-11,BUSH ELEMENTARY,Elementary,inspection,9730 STROUD HOUSTON TX,77036,OPEN,1,1 Houston Ordinance Violation: 20-21.14(b)(02) (Violation Corrected On Site)
2025-09-10,FOERSTER ELEMENTARY SCHOOL,Elementary,grease_trap,14200 FONMEADOW HOUSTON TX,77035,OPEN,0,
2025-09-10,FOERSTER ELEMENTARY SCHOOL,Elementary,inspection,14200 FONMEADOW HOUSTON TX,77035,OPEN,2,1 Houston Ordinance Violation: 20-21.07(a)(03) (Violation) | 2 Houston Ordinance Violation: 20-21.19(d) (Violation)
2025-09-09,SHADOWBRIAR SCHOOL,Elementary,grease_trap,2650 SHADOWBRIAR HOUSTON TX,77077,OPEN,0,
2025-09-09,SHADOWBRIAR SCHOOL,Elementary,inspection,2650 SHADOWBRIAR HOUSTON TX,77077,OPEN,2,1 Houston Ordinance Violation: 20-21.20(a)(03) (Violation) | 2 Houston Ordinance Violation: 20-21.20(a)(03) (Violation)
2025-09-09,SHADOWBRIAR SCHOOL,Elementary,inspection,2650 SHADOWBRIAR HOUSTON TX,77077,OPEN,0,
2025-09-09,BETTY BEST ELEMENTARY SCHOOL,Elementary,inspection,10000 CENTRE PKWY HOUSTON TX,77036,OPEN,0,
2025-09-09,BETTY BEST ELEMENTARY SCHOOL,Elementary,grease_trap,10000 CENTRE PKWY HOUSTON TX,77036,OPEN,0,
2025-09-09,BETTY BEST ELEMENTARY SCHOOL,Elementary,inspection,10000 CENTRE PKWY HOUSTON TX,77036,OPEN,0,
2025-09-08,THOMPSON ELEMENTARY,Elementary,inspection,220 CASA GRANDE HOUSTON TX,77060,OPEN,5,1 Houston Ordinance Violation: 20-21.10(a) (Violation Repeat) | 2 Houston Ordinance Violation: 20-21.10(m) (Violation) | 4 Houston Ordinance Violation: 20-21.20(a)(03) (Violation Repeat) | 5 Houston Ordinance Violation: 20-21.21(b) (Violation) | 6 Houston Ordinance Violation: 20-21.23(g) (Violation)
2025-09-08,THOMPSON ELEMENTARY,Elementary,grease_trap,220 CASA GRANDE HOUSTON TX,77060,OPEN,0,
2025-09-08,SHARPSTOWN  INTERNATIONAL,Middle / Jr. High,inspection,8330 TRIOLA HOUSTON TX,77036,OPEN,0,
2025-09-08,SHARPSTOWN  INTERNATIONAL,Middle / Jr. High,grease_trap,8330 TRIOLA HOUSTON TX,77036,OPEN,0,
2025-09-08,SHARPSTOWN  INTERNATIONAL,Middle / Jr. High,inspection,8330 TRIOLA HOUSTON TX,77036,OPEN,3,1 Houston Ordinance Violation: 20-21.10(a) (Violation) | 2 Houston Ordinance Violation: 20-21.10(a) (Violation) | 3 Houston Ordinance Violation: 20-21.24(a) (Violation)
2025-09-08,NORTHSIDE HS,High School,inspection,1101 QUITMAN HOUSTON TX,77009,OPEN,1,1 Houston Ordinance Violation: 20-21.20(b)(02) (Violation)
2025-09-08,NORTHSIDE HS,High School,grease_trap,1101 QUITMAN HOUSTON TX,77009,OPEN,0,
2025-09-08,ASHFORD ELEMENTARY,Elementary,grease_trap,1815 SHANNON VALLEY HOUSTON TX,77077,OPEN,0,
2025-09-08,ASHFORD ELEMENTARY,Elementary,inspection,1815 SHANNON VALLEY HOUSTON TX,77077,OPEN,0,
2025-09-08,ASHFORD ELEMENTARY,Elementary,inspection,1815 SHANNON VALLEY HOUSTON TX,77077,OPEN,0,
2025-09-04,LOVETT ELEMENTARY,Elementary,grease_trap,8814 S RICE BLVD HOUSTON TX,77096,OPEN,0,
2025-09-04,LOVETT ELEMENTARY,Elementary,inspection,8814 S RICE BLVD HOUSTON TX,77096,OPEN,0,
2025-09-04,HEROD ELEMENTARY,Elementary,grease_trap,5627 JASON ST HOUSTON TX,77096,OPEN,0,
2025-09-04,HEROD ELEMENTARY,Elementary,inspection,5627 JASON ST HOUSTON TX,77096,OPEN,2,1 Houston Ordinance Violation: 20-21.20(a)(03) (Violation) | 2 Houston Ordinance Violation: 20-21.23(a) (Violation)
2025-09-04,ELROD ELEMENTARY SCHOOL,Elementary,grease_trap,6230 DUMFRIES HOUSTON TX,77096,OPEN,0,
2025-09-04,ELROD ELEMENTARY SCHOOL,Elementary,inspection,6230 DUMFRIES HOUSTON TX,77096,OPEN,2,1 Houston Ordinance Violation: 20-21.19(d) (Violation) | 2 Houston Ordinance Violation: 20-21.21(b) (Violation)
2025-09-04,COLLINS ELEMENTARY SCHOOL,Elementary,inspection,9829 TOWN PARK HOUSTON TX,77036,OPEN,0,
2025-09-04,COLLINS ELEMENTARY SCHOOL,Elementary,inspection,9829 TOWN PARK HOUSTON TX,77036,OPEN,0,
2025-09-04,COLLINS ELEMENTARY SCHOOL,Elementary,grease_trap,9829 TOWN PARK HOUSTON TX,77036,OPEN,0,
2025-09-04,BARBARA BUSH ELEMENTARY SCHOOL,Elementary,grease_trap,13800 WESTERLOCH HOUSTON TX,77077,OPEN,0,
2025-09-04,BARBARA BUSH ELEMENTARY SCHOOL,Elementary,inspection,13800 WESTERLOCH HOUSTON TX,77077,OPEN,0,
2025-09-04,BARBARA BUSH ELEMENTARY SCHOOL,Elementary,inspection,13800 WESTERLOCH HOUSTON TX,77077,OPEN,0,
2025-09-03,WHITE ELEMENTARY SCHOOL,Elementary,inspection,9001 TRIOLA HOUSTON TX,77036,OPEN,0,
2025-09-03,WHITE ELEMENTARY SCHOOL,Elementary,grease_trap,9001 TRIOLA HOUSTON TX,77036,OPEN,0,
2025-09-03,WHITE ELEMENTARY SCHOOL,Elementary,inspection,9001 TRIOLA HOUSTON TX,77036,OPEN,1,1 Houston Ordinance Violation: 20-21.23(g) (Violation)
2025-09-03,PECK ELEMENTARY SCHOOL,Elementary,inspection,5001 MARTIN LUTHER KING JR BLVD HOUSTON TX,77021,OPEN,0,
2025-09-03,PECK ELEMENTARY SCHOOL,Elementary,grease_trap,5001 MARTIN LUTHER KING JR BLVD HOUSTON TX,77021,OPEN,0,
2025-09-03,PECK ELEMENTARY SCHOOL,Elementary,inspection,5001 MARTIN LUTHER KING JR BLVD HOUSTON TX,77021,OPEN,1,1 Houston Ordinance Violation: 20-21.22(a) (Violation Corrected On Site)
2025-09-03,NEFF ELEMENTARY SCHOOL,Elementary,inspection,8301 NEFF HOUSTON TX,77036,OPEN,0,
2025-09-03,NEFF ELEMENTARY SCHOOL,Elementary,grease_trap,8301 NEFF HOUSTON TX,77036,OPEN,0,
2025-09-03,NEFF ELEMENTARY SCHOOL,Elementary,inspection,8301 NEFF HOUSTON TX,77036,OPEN,2,1 Houston Ordinance Violation: 20-21.10(a) (Violation) | 2 Houston Ordinance Violation: 20-21.23(b) (Violation Repeat)
2025-09-03,LONGFELLOW ELEMENTARY SCHOOL,Elementary,grease_trap,3617 NORRIS DR HOUSTON TX,77025,OPEN,0,
2025-09-03,LONGFELLOW ELEMENTARY SCHOOL,Elementary,inspection,3617 NORRIS DR HOUSTON TX,77025,OPEN,0,
2025-09-03,FRANCIS ELEMENTARY,Elementary,inspection,6525 GREENS RD HUMBLE TX,77396,OPEN,5,1 Houston Ordinance Violation: 20-21.03(a)(02) (Violation) | 2 Houston Ordinance Violation: 20-21.10(m) (Violation) | 3 Houston Ordinance Violation: 20-21.11(a)(07) (Violation Repeat) | 4 Houston Ordinance Violation: 20-21.19(d) (Violation) | 5 Houston Ordinance Violation: 20-21.20(a)(03) (Violation Repeat)
2025-09-03,FRANCIS ELEMENTARY,Elementary,grease_trap,6525 GREENS RD HUMBLE TX,77396,OPEN,0,
2025-09-03,ERMEL ELEMENTARY,Elementary,inspection,7103 WOODSMAN TRAIL HOUSTON TX,77040,OPEN,5,1 Houston Ordinance Violation: 20-21.10(a) (Violation) | 2 Houston Ordinance Violation: 20-21.11(a)(07) (Violation) | 3 Houston Ordinance Violation: 20-21.11(a)(02) (Violation Corrected On Site) | 4 Houston Ordinance Violation: 20-21.12(e)(08) (Violation) | 5 Houston Ordinance Violation: 20-21.21(b) (Violation)
2025-09-03,ERMEL ELEMENTARY,Elementary,grease_trap,7103 WOODSMAN TRAIL HOUSTON TX,77040,OPEN,0,
2025-09-02,QUEENS INTERMEDIATE,Middle / Jr. High,inspection,1452 QUEENS RD HOUSTON TX,77017,OPEN,1,1 Houston Ordinance Violation: 20-21.21(b) (Violation Repeat)
2025-09-02,QUEENS INTERMEDIATE,Middle / Jr. High,inspection,1452 QUEENS RD HOUSTON TX,77017,OPEN,2,1 Houston Ordinance Violation: 20-21.10(m) (Violation) | 2 Houston Ordinance Violation: 20-21.21(b) (Violation)
2025-09-02,QUEENS INTERMEDIATE,Middle / Jr. High,grease_trap,1452 QUEENS RD HOUSTON TX,77017,OPEN,0,
2025-09-02,NEFF EARLY LEARNING CENTER,Elementary,inspection,8200 CARVEL HOUSTON TX,77036,OPEN,0,
2025-09-02,NEFF EARLY LEARNING CENTER,Elementary,grease_trap,8200 CARVEL HOUSTON TX,77036,OPEN,0,
2025-09-02,NEFF EARLY LEARNING CENTER,Elementary,inspection,8200 CARVEL HOUSTON TX,77036,OPEN,1,1 Houston Ordinance Violation: 20-21.21(b) (Violation)
2025-09-02,MARTINEZ EARLY LEARNING CENTER,Elementary,inspection,10807 BOONE LOOP RD HOUSTON TX,77099,OPEN,0,
2025-09-02,MARTINEZ EARLY LEARNING CENTER,Elementary,inspection,10807 BOONE LOOP RD HOUSTON TX,77099,OPEN,0,
2025-09-02,GLADYS BIRDWELL-HORN ELEMENTARY SCHOOL,Elementary,grease_trap,10734 BISSONNET ST HOUSTON TX,77099,OPEN,0,
2025-09-02,GLADYS BIRDWELL-HORN ELEMENTARY SCHOOL,Elementary,inspection,10734 BISSONNET ST HOUSTON TX,77099,OPEN,0,
2025-09-02,GLADYS BIRDWELL-HORN ELEMENTARY SCHOOL,Elementary,inspection,10734 BISSONNET ST HOUSTON TX,77099,OPEN,1,1 Houston Ordinance Violation: 20-21.03(c)(02) (Violation Corrected On Site)
2025-09-02,DREW ACADEMY,Middle / Jr. High,inspection,1910 W LITTLE YORK RD HOUSTON TX,77091,OPEN,1,1 Houston Ordinance Violation: 20-21.21(b) (Violation)
2025-09-02,DREW ACADEMY,Middle / Jr. High,grease_trap,1910 W LITTLE YORK RD HOUSTON TX,77091,OPEN,0,
2025-08-29,WOODLAND ACRES ELEMENTARY SCHOOL,Elementary,inspection,12936 SARAHS LN HOUSTON TX,77015,OPEN,1,1 Houston Ordinance Violation: 20-21.11(a)(07) (Violation)
2025-08-29,WOODLAND ACRES ELEMENTARY SCHOOL,Elementary,inspection,12936 SARAHS LN HOUSTON TX,77015,OPEN,0,
2025-08-29,WOODLAND ACRES ELEMENTARY SCHOOL,Elementary,grease_trap,12936 SARAHS LN HOUSTON TX,77015,OPEN,0,
2025-08-29,PARKER ELEMENTARY SCHOOL,Elementary,grease_trap,10632 ATWELL HOUSTON TX,77096,OPEN,0,
2025-08-29,PARKER ELEMENTARY SCHOOL,Elementary,inspection,10632 ATWELL HOUSTON TX,77096,OPEN,2,1 Houston Ordinance Violation: 20-21.10(m) (Violation) | 2 Houston Ordinance Violation: 20-21.23(a) (Violation)
2025-08-29,HENRY MIDDLE SCHOOL,Middle / Jr. High,grease_trap,10702 E HARDY HOUSTON TX,77093,OPEN,0,
2025-08-29,HENRY MIDDLE SCHOOL,Middle / Jr. High,inspection,10702 E HARDY HOUSTON TX,77093,OPEN,2,1 Houston Ordinance Violation: 20-21.23(g) (Violation Repeat) | 2 Houston Ordinance Violation: 20-21.23(a) (Violation Corrected On Site Repeat)
2025-08-29,ELEANOR TINSLEY ELEMENTARY,Elementary,grease_trap,11035 BOB WHITE HOUSTON TX,77096,OPEN,0,
2025-08-29,ELEANOR TINSLEY ELEMENTARY,Elementary,inspection,11035 BOB WHITE HOUSTON TX,77096,OPEN,2,1 Houston Ordinance Violation: 20-21.20(a)(03) (Violation) | 2 Houston Ordinance Violation: 20-21.23(a) (Violation)
2025-08-29,ANDERSON ACADEMY,Elementary,inspection,7401 WHEATLEY HOUSTON TX,77088,OPEN,2,1 Houston Ordinance Violation: 20-21.12(e)(08) (Violation) | 2 Houston Ordinance Violation: 20-21.20(a)(03) (Violation Repeat)
2025-08-29,ANDERSON ACADEMY,Elementary,grease_trap,7401 WHEATLEY HOUSTON TX,77088,OPEN,0,
2025-08-28,SEGUIN ELEMENTARY SCHOOL,Elementary,grease_trap,5905 WALTRIP HOUSTON TX,77087,OPEN,0,
2025-08-28,SEGUIN ELEMENTARY SCHOOL,Elementary,inspection,5905 WALTRIP HOUSTON TX,77087,OPEN,0,
2025-08-28,SEGUIN ELEMENTARY SCHOOL,Elementary,inspection,5905 WALTRIP HOUSTON TX,77087,OPEN,3,1 Houston Ordinance Violation: 20-20(c) (Violation) | 2 Houston Ordinance Violation: 20-21.20(a)(03) (Violation) | 3 Houston Ordinance Violation: 20-21.22(a) (Violation)
2025-08-28,NORTHBROOK MIDDLE SCHOOL,Middle / Jr. High,inspection,3030 ROSEFIELD HOUSTON TX,77080,OPEN,0,
2025-08-28,NORTHBROOK MIDDLE SCHOOL,Middle / Jr. High,grease_trap,3030 ROSEFIELD HOUSTON TX,77080,OPEN,0,
2025-08-28,NORTHBROOK MIDDLE SCHOOL,Middle / Jr. High,inspection,3030 ROSEFIELD HOUSTON TX,77080,OPEN,0,
2025-08-28,GREGG ELEMENTARY,Elementary,inspection,6701 ROXBURY HOUSTON TX,77087,OPEN,0,
2025-08-28,GREGG ELEMENTARY,Elementary,grease_trap,6701 ROXBURY HOUSTON TX,77087,OPEN,0,
2025-08-28,GREGG ELEMENTARY,Elementary,inspection,6701 ROXBURY HOUSTON TX,77087,OPEN,1,1 Houston Ordinance Violation: 20-21.23(g) (Violation Repeat)
2025-08-28,DANIEL ORTIZ MIDDLE SCHOOL,Middle / Jr. High,inspection,6767 TELEPHONE HOUSTON TX,77061,OPEN,2,1 Houston Ordinance Violation: 20-21.20(a)(03) (Violation) | 2 Houston Ordinance Violation: 20-21.23(a) (Violation)
2025-08-28,DANIEL ORTIZ MIDDLE SCHOOL,Middle / Jr. High,grease_trap,6767 TELEPHONE HOUSTON TX,77061,OPEN,1,1 Houston Ordinance Violation: 47-512(b) (Violation)
2025-08-28,DANIEL ORTIZ MIDDLE SCHOOL,Middle / Jr. High,inspection,6767 TELEPHONE HOUSTON TX,77061,OPEN,0,
2025-08-28,CARRILLO ELEMENTARY,Middle / Jr. High,inspection,960 S WAYSIDE HOUSTON TX,77023,OPEN,1,1 Houston Ordinance Violation: 20-21.21(b) (Violation)
2025-08-28,CARRILLO ELEMENTARY,Middle / Jr. High,inspection,960 S WAYSIDE HOUSTON TX,77023,OPEN,3,1 Houston Ordinance Violation: 20-21.23(g) (Violation) | 2 Houston Ordinance Violation: 20-21.23(a) (Violation) | 3 Houston Ordinance Violation: 20-21.28(a)(01) (Violation)
2025-08-28,CARRILLO ELEMENTARY,Middle / Jr. High,grease_trap,960 S WAYSIDE HOUSTON TX,77023,OPEN,0,
2025-08-27,SER-NINOS,High School,inspection,5803 GLENMONT DR HOUSTON TX,77081,OPEN,2,1 Houston Ordinance Violation: 20-21.10(m) (Violation Repeat) | 2 Houston Ordinance Violation: 20-21.10(a)(07) (Violation Corrected On Site Repeat)
2025-08-27,MACGREGOR ELEMENTARY,Elementary,grease_trap,4801 LA BRANCH HOUSTON TX,77004,OPEN,1,1 Houston Ordinance Violation: 47-512(b) (Violation)
2025-08-27,MACGREGOR ELEMENTARY,Elementary,inspection,4801 LA BRANCH HOUSTON TX,77004,OPEN,2,1 Houston Ordinance Violation: 20-21.18(c) (Violation Repeat) | 2 Houston Ordinance Violation: 20-21.22(a) (Violation)
2025-08-26,HARRIS ACADEMY,Elementary,inspection,3130 HOLDER FOREST DR HOUSTON TX,77088,OPEN,3,1 Houston Ordinance Violation: 20-21.01(a) (Violation) | 2 Houston Ordinance Violation: 20-21.03(b)(10)b (Violation) | 3 Houston Ordinance Violation: 20-21.05(a) (Violation)
2025-08-26,HARRIS ACADEMY,Elementary,grease_trap,3130 HOLDER FOREST DR HOUSTON TX,77088,OPEN,0,
2025-08-26,CRESPO ELEMENTARY,Elementary,inspection,7500 OFFICE CITY DR HOUSTON TX,77087,OPEN,0,
2025-08-26,CRESPO ELEMENTARY,Elementary,inspection,7500 OFFICE CITY DR HOUSTON TX,77087,OPEN,0,
2025-08-26,CRESPO ELEMENTARY,Elementary,inspection,7500 OFFICE CITY DR HOUSTON TX,77087,OPEN,3,1 Houston Ordinance Violation: 20-21.23(g) (Violation Repeat) | 2 Houston Ordinance Violation: 20-21.23(a) (Violation Repeat) | 3 Houston Ordinance Violation: 20-53(g) (Violation)
2025-08-26,BONNER ELEMENTARY SCHOOL,Elementary,grease_trap,8100 ELROD HOUSTON TX,77017,OPEN,0,
2025-08-26,BONNER ELEMENTARY SCHOOL,Elementary,inspection,8100 ELROD HOUSTON TX,77017,OPEN,2,1 Houston Ordinance Violation: 20-21.17(a) (Violation) | 2 Houston Ordinance Violation: 20-21.21(b) (Violation)
2025-08-26,BONNER ELEMENTARY SCHOOL,Elementary,inspection,8100 ELROD HOUSTON TX,77017,OPEN,2,1 Houston Ordinance Violation: 20-21.10(a) (Violation) | 2 Houston Ordinance Violation: 20-21.23(a) (Violation)
2025-08-26,BLACKSHEAR ELEMENTARY,Elementary,inspection,2900 HOLMAN HOUSTON TX,77004,OPEN,4,1 Houston Ordinance Violation: 20-21.10(a) (Violation) | 2 Houston Ordinance Violation: 20-21.11(a)(07) (Violation) | 3 Houston Ordinance Violation: 20-21.23(g) (Violation) | 4 Houston Ordinance Violation: 20-21.23(a) (Violation)
2025-08-25,PARK PLACE ELEMENTARY,Elementary,inspection,8235 PARK PLACE HOUSTON TX,77017,OPEN,2,1 Houston Ordinance Violation: 20-21.21(b) (Violation) | 2 Houston Ordinance Violation: 20-21.23(g) (Violation)
2025-08-25,PARK PLACE ELEMENTARY,Elementary,inspection,8235 PARK PLACE HOUSTON TX,77017,OPEN,5,1 Houston Ordinance Violation: 20-21.10(m) (Violation) | 2 Houston Ordinance Violation: 20-21.22(f) (Violation) | 3 Houston Ordinance Violation: 20-21.23(h) (Violation) | 4 Houston Ordinance Violation: 20-21.23(g) (Violation) | 5 Houston Ordinance Violation: 20-21.23(a) (Violation)
2025-08-25,PARK PLACE ELEMENTARY,Elementary,grease_trap,8235 PARK PLACE HOUSTON TX,77017,OPEN,0,
2025-08-25,HOUSTON ACADEMY,Middle / Jr. High,inspection,8103 CARVER HOUSTON TX,77088,OPEN,3,1 Houston Ordinance Violation: 20-21.03(b)(10)b (Violation Corrected On Site) | 2 Houston Ordinance Violation: 20-21.05(a) (Violation Corrected On Site) | 3 Houston Ordinance Violation: 20-21.11(a)(07) (Violation)
2025-08-25,HOUSTON ACADEMY,Middle / Jr. High,grease_trap,8103 CARVER HOUSTON TX,77088,OPEN,0,
2025-08-22,WESTSIDE HIGH SCHOOL,High School,grease_trap,14201 BRIAR FOREST DR HOUSTON TX,77077,OPEN,0,
2025-08-22,WESTSIDE HIGH SCHOOL,High School,inspection,14201 BRIAR FOREST DR HOUSTON TX,77077,OPEN,0,
2025-08-22,WESTSIDE HIGH SCHOOL,High School,inspection,14201 BRIAR FOREST DR HOUSTON TX,77077,OPEN,0,
2025-08-22,PROVISION MIDDLE SCHOOL,Middle / Jr. High,inspection,4590 WILMINGTON HOUSTON TX,77051,OPEN,0,
2025-08-22,LEARNER SUPPORT CENTER,Middle / Jr. High,inspection,2903 FALCON PASS HOUSTON TX,77058,OPEN,1,1 Houston Ordinance Violation: 20-21.23(g) (Violation Corrected On Site)
2025-08-22,CIMARRON ELEMENTARY,Elementary,inspection,816 CIMARRON HOUSTON TX,77015,OPEN,1,1 Houston Ordinance Violation: 20-21.19(c) (Violation)
2025-08-22,CIMARRON ELEMENTARY,Elementary,inspection,816 CIMARRON HOUSTON TX,77015,OPEN,0,
2025-08-22,CIMARRON ELEMENTARY,Elementary,grease_trap,816 CIMARRON HOUSTON TX,77015,OPEN,0,
2025-08-21,THOMPSON ELEMENTARY SCHOOL,Elementary,inspection,6121 TIERWESTER HOUSTON TX,77021,OPEN,0,
2025-08-21,THOMPSON ELEMENTARY SCHOOL,Elementary,grease_trap,6121 TIERWESTER HOUSTON TX,77021,OPEN,1,1 Houston Ordinance Violation: 47-512(b) (Violation)
2025-08-21,THOMPSON ELEMENTARY SCHOOL,Elementary,inspection,6121 TIERWESTER HOUSTON TX,77021,OPEN,3,1 Houston Ordinance Violation: 20-21.21(d) (Violation) | 2 Houston Ordinance Violation: 20-21.23(a) (Violation Repeat) | 3 Houston Ordinance Violation: 20-56(a) (Violation)
2025-08-21,"HENDERSON ELEMENTARY, J.P.",Middle / Jr. High,inspection,1800 DISMUKE HOUSTON TX,77023,OPEN,1,1 Houston Ordinance Violation: 20-21.10(a) (Violation)
2025-08-21,"HENDERSON ELEMENTARY, J.P.",Middle / Jr. High,grease_trap,1800 DISMUKE HOUSTON TX,77023,OPEN,0,
2025-08-21,"HENDERSON ELEMENTARY, J.P.",Middle / Jr. High,inspection,1800 DISMUKE HOUSTON TX,77023,OPEN,1,1 Houston Ordinance Violation: 20-21.21(b) (Violation)
2025-08-21,FOSTER ELEMENTARY SCHOOL,Elementary,inspection,3919 WARD HOUSTON TX,77021,OPEN,0,
2025-08-21,FOSTER ELEMENTARY SCHOOL,Elementary,grease_trap,3919 WARD HOUSTON TX,77021,OPEN,0,
2025-08-21,FOSTER ELEMENTARY SCHOOL,Elementary,inspection,3919 WARD HOUSTON TX,77021,OPEN,2,1 Houston Ordinance Violation: 20-21.10(m) (Violation) | 2 Houston Ordinance Violation: 20-21.11(a)(07) (Violation)
2025-08-21,EISENHOWER HIGH SCHOOL,High School,inspection,7922 ANTOINE HOUSTON TX,77088,OPEN,1,1 Houston Ordinance Violation: 20-21.20(a)(03) (Violation)
2025-08-21,EISENHOWER HIGH SCHOOL,High School,grease_trap,7922 ANTOINE HOUSTON TX,77088,OPEN,0,
2025-08-21,EASTWOOD ACADEMY,Middle / Jr. High,inspection,1315 DUMBLE ST HOUSTON TX,77023,OPEN,1,1 Houston Ordinance Violation: 20-21.21(b) (Violation)
2025-08-21,EASTWOOD ACADEMY,Middle / Jr. High,grease_trap,1315 DUMBLE ST HOUSTON TX,77023,OPEN,0,
2025-08-21,EASTWOOD ACADEMY,Middle / Jr. High,inspection,1315 DUMBLE ST HOUSTON TX,77023,OPEN,3,1 Houston Ordinance Violation: 20-21.10(m) (Violation) | 2 Houston Ordinance Violation: 20-21.21(b) (Violation) | 3 Houston Ordinance Violation: 20-21.23(a) (Violation)
2025-08-21,DURKEE ELEMENTARY,Elementary,inspection,7301 NORDLING HOUSTON TX,77076,OPEN,0,
2025-08-21,DURKEE ELEMENTARY,Elementary,grease_trap,7301 NORDLING HOUSTON TX,77076,OPEN,0,
2025-08-21,DURKEE ELEMENTARY,Elementary,inspection,7301 NORDLING HOUSTON TX,77076,OPEN,2,1 Houston Ordinance Violation: 20-21.10(a) (Violation) | 2 Houston Ordinance Violation: 20-21.19(d) (Violation)
2025-08-21,A.A.M.A'S GEORGE I SANCHEZ H.S,Middle / Jr. High,inspection,6001 GULF FWY HOUSTON TX,77023,OPEN,2,1 Houston Ordinance Violation: 20-21.23(a) (Violation) | 2 Houston Ordinance Violation: 20-21.23(g) (Violation)
2025-08-21,A.A.M.A'S GEORGE I SANCHEZ H.S,Middle / Jr. High,inspection,6001 GULF FWY HOUSTON TX,77023,OPEN,1,1 Houston Ordinance Violation: 20-21.21(b) (Violation)
2025-08-21,A.A.M.A'S GEORGE I SANCHEZ H.S,Middle / Jr. High,grease_trap,6001 GULF FWY HOUSTON TX,77023,OPEN,0,
2025-08-20,YOUNG WOMEN'S COLLEGE PREP ACADEMY,Middle / Jr. High,grease_trap,1906 CLEBURNE ST HOUSTON TX,77004,OPEN,0,
2025-08-20,YOUNG WOMEN'S COLLEGE PREP ACADEMY,Middle / Jr. High,inspection,1906 CLEBURNE ST HOUSTON TX,77004,OPEN,0,
2025-08-20,YOUNG WOMEN'S COLLEGE PREP ACADEMY,Middle / Jr. High,inspection,1906 CLEBURNE ST HOUSTON TX,77004,OPEN,2,1 Houston Ordinance Violation: 20-21.10(a) (Violation Repeat) | 2 Houston Ordinance Violation: 20-21.11(a)(07) (Violation)
2025-08-20,WHARTON ELEMENTARY SCHOOL,Elementary,inspection,900 W GRAY ST HOUSTON TX,77019,OPEN,0,
2025-08-20,WHARTON ELEMENTARY SCHOOL,Elementary,grease_trap,900 W GRAY ST HOUSTON TX,77019,OPEN,0,
2025-08-20,WHARTON ELEMENTARY SCHOOL,Elementary,inspection,900 W GRAY ST HOUSTON TX,77019,OPEN,0,
2025-08-20,LEARNER SUPPORT CENTER,Middle / Jr. High,inspection,2903 FALCON PASS HOUSTON TX,77058,OPEN,3,1 Houston Ordinance Violation: 20-21.10(a) (Violation) | 2 Houston Ordinance Violation: 20-21.10(g) (Violation) | 3 Houston Ordinance Violation: 20-21.17(f) (Violation)
2025-08-20,"HARRIS ELEMENTARY, JR.",Elementary,inspection,801 BROADWAY HOUSTON TX,77012,OPEN,3,1 Houston Ordinance Violation: 20-21.10(a) (Violation) | 2 Houston Ordinance Violation: 20-21.28(a)(01) (Violation Repeat) | 3 Houston Ordinance Violation: 20-53(g) (Violation)
2025-08-20,"HARRIS ELEMENTARY, JR.",Elementary,inspection,801 BROADWAY HOUSTON TX,77012,OPEN,3,1 Houston Ordinance Violation: 20-21.21(b) (Violation) | 2 Houston Ordinance Violation: 20-21.22(a) (Violation) | 3 Houston Ordinance Violation: 20-21.23(a) (Violation)
2025-08-20,"HARRIS ELEMENTARY, JR.",Elementary,grease_trap,801 BROADWAY HOUSTON TX,77012,OPEN,0,
2025-08-20,DAVILA ELEMENTARY,Elementary,grease_trap,7610 DAHLIA HOUSTON TX,77012,OPEN,0,
2025-08-20,DAVILA ELEMENTARY,Elementary,inspection,7610 DAHLIA HOUSTON TX,77012,OPEN,2,1 Houston Ordinance Violation: 20-21.17(a) (Violation) | 2 Houston Ordinance Violation: 20-21.22(a) (Violation)
2025-08-20,DAVILA ELEMENTARY,Elementary,inspection,7610 DAHLIA HOUSTON TX,77012,OPEN,1,1 Houston Ordinance Violation: 20-21.21(b) (Violation)
2025-08-19,WEST BRIAR MIDDLE SCHOOL,Middle / Jr. High,grease_trap,13733 BRIMHURST DR HOUSTON TX,77077,OPEN,0,
2025-08-19,WEST BRIAR MIDDLE SCHOOL,Middle / Jr. High,inspection,13733 BRIMHURST DR HOUSTON TX,77077,OPEN,0,
2025-08-19,WEST BRIAR MIDDLE SCHOOL,Middle / Jr. High,inspection,13733 BRIMHURST DR HOUSTON TX,77077,OPEN,0,
2025-08-19,STOVALL PRIMARY,Elementary,inspection,3025 ELLINGTON HOUSTON TX,77088,OPEN,0,
2025-08-19,HUFFMAN ELEMENTARY SCHOOL,Elementary,inspection,24405 E LAKE HOUSTON PKWY HUFFMAN TX,77336,OPEN,8,1 Houston Ordinance Violation: 20-21.03(a)(02)c (Violation) | 2 Houston Ordinance Violation: 20-21.11(a)(06) (Violation Corrected On Site) | 3 Houston Ordinance Violation: 20-21.11(c)(03) (Violation Corrected On Site) | 4 Houston Ordinance Violation: 20-21.19(c) (Violation Corrected On Site) | 5 Houston Ordinance Violation: 20-21.22(a) (Violation) | 6 Houston Ordinance Violation: 20-21.23(a) (Violation) | 7 Houston Ordinance Violation: 20-21.28(e) (Violation) | 8 Houston Ordinance Violation: 20-56(a) (Violation Repeat)
2025-08-19,HUFFMAN ELEMENTARY SCHOOL,Elementary,grease_trap,24405 E LAKE HOUSTON PKWY HUFFMAN TX,77336,OPEN,1,1 Houston Ordinance Violation: 47-512(b) (Violation)
2025-08-19,GREGORY-LINCOLN EDUCATION CENTER,Middle / Jr. High,inspection,1101 TAFT HOUSTON TX,77019,OPEN,0,
2025-08-19,GREGORY-LINCOLN EDUCATION CENTER,Middle / Jr. High,grease_trap,1101 TAFT HOUSTON TX,77019,OPEN,1,1 Houston Ordinance Violation: 47-512(b) (Violation)
2025-08-19,GREGORY-LINCOLN EDUCATION CENTER,Middle / Jr. High,inspection,1101 TAFT HOUSTON TX,77019,OPEN,0,
2025-08-19,CARAWAY ELEMENTARY,Middle / Jr. High,inspection,3031 ELLINGTON HOUSTON TX,77088,OPEN,5,1 Houston Ordinance Violation: 20-21.10(m) (Violation) | 2 Houston Ordinance Violation: 20-21.11(a)(07) (Violation) | 3 Houston Ordinance Violation: 20-21.20(a)(03) (Violation) | 4 Houston Ordinance Violation: 20-21.23(a) (Violation) | 5 Houston Ordinance Violation: 20-21.23(g) (Violation)
2025-08-19,CARAWAY ELEMENTARY,Middle / Jr. High,grease_trap,3031 ELLINGTON HOUSTON TX,77088,OPEN,0,
2025-08-19,BURRUS ELEMENTARY,Elementary,grease_trap,701 33RD RD E HOUSTON TX,77022,OPEN,0,
2025-08-19,BURRUS ELEMENTARY,Elementary,inspection,701 33RD RD E HOUSTON TX,77022,OPEN,0,
2025-08-19,BURRUS ELEMENTARY,Elementary,inspection,701 33RD RD E HOUSTON TX,77022,OPEN,2,1 Houston Ordinance Violation: 20-21.20(a)(03) (Violation) | 2 Houston Ordinance Violation: 20-21.23(g) (Violation)
2025-08-15,INTERNATIONAL LEADERSHIP OF TEXAS,Middle / Jr. High,inspection,9898 WINDMILL LAKES BLVD HOUSTON TX,77075,OPEN,8,1 Houston Ordinance Violation: 20-21.03(b)(09) (Violation Corrected On Site) | 2 Houston Ordinance Violation: 20-21.10(a) (Violation) | 3 Houston Ordinance Violation: 20-21.17(a) (Violation) | 4 Houston Ordinance Violation: 20-21.18(d) (Violation Repeat) | 5 Houston Ordinance Violation: 20-21.19(d) (Violation) | 6 Houston Ordinance Violation: 20-21.20(a)(03) (Violation Repeat) | 7 Houston Ordinance Violation: 20-21.21(d) (Violation) | 8 Houston Ordinance Violation: 21-244(a) (Violation)
2025-08-15,INTERNATIONAL LEADERSHIP OF TEXAS,Middle / Jr. High,grease_trap,9898 WINDMILL LAKES BLVD HOUSTON TX,77075,OPEN,0,
2025-08-14,PROVISION MIDDLE SCHOOL,Middle / Jr. High,inspection,4590 WILMINGTON HOUSTON TX,77051,OPEN,10,1 Houston Ordinance Violation: 20-21.03(a)(02)c (Violation) | 2 Houston Ordinance Violation: 20-21.12(g) (Violation) | 3 Houston Ordinance Violation: 20-21.15(c) (Violation) | 4 Houston Ordinance Violation: 20-21.19(b) (Violation) | 5 Houston Ordinance Violation: 20-21.19(c) (Violation) | 6 Houston Ordinance Violation: 20-21.22(a) (Violation) | 7 Houston Ordinance Violation: 20-21.23(g) (Violation) | 8 Houston Ordinance Violation: 20-21.23(a) (Violation) | 9 Houston Ordinance Violation: 20-21.28(a)(01) (Violation) | 10 Houston Ordinance Violation: 20-53(g) (Violation)
2025-08-14,PROVISION MIDDLE SCHOOL,Middle / Jr. High,inspection,4590 WILMINGTON HOUSTON TX,77051,OPEN,1,1 Houston Ordinance Violation: 20-21.21(b) (Violation)
2025-08-14,PROVISION MIDDLE SCHOOL,Middle / Jr. High,grease_trap,4590 WILMINGTON HOUSTON TX,77051,OPEN,1,1 Houston Ordinance Violation: 47-512(b) (Violation)
2025-08-14,OSBORNE ELEMENTARY,Elementary,inspection,800 RINGOLD ST HOUSTON TX,77088,OPEN,1,1 Houston Ordinance Violation: 20-21.03(a)(03) (Violation Repeat)
2025-08-14,OSBORNE ELEMENTARY,Elementary,grease_trap,800 RINGOLD ST HOUSTON TX,77088,OPEN,0,
2025-08-14,JANOWSKI ELEMENTARY SCHOOL,Elementary,inspection,7500 BAUMAN HOUSTON TX,77022,OPEN,0,
2025-08-14,JANOWSKI ELEMENTARY SCHOOL,Elementary,grease_trap,7500 BAUMAN HOUSTON TX,77022,OPEN,0,
2025-08-14,JANOWSKI ELEMENTARY SCHOOL,Elementary,inspection,7500 BAUMAN HOUSTON TX,77022,OPEN,1,1 Houston Ordinance Violation: 20-21.10(a) (Violation)
2025-08-14,FONDREN SW 7TH DAY ADVENTIST,Middle / Jr. High,inspection,7950 W FUQUA MISSOURI CITY TX,77489,OPEN,0,
2025-08-14,FONDREN ELEMENTARY SCHOOL,Elementary,inspection,12405 CARLSBAD HOUSTON TX,77085,OPEN,3,1 Houston Ordinance Violation: 20-21.21(b) (Violation) | 2 Houston Ordinance Violation: 20-21.23(a) (Violation) | 3 Houston Ordinance Violation: 20-21.23(g) (Violation)
2025-08-14,FONDREN ELEMENTARY SCHOOL,Elementary,inspection,12405 CARLSBAD HOUSTON TX,77085,OPEN,0,
2025-08-14,FONDREN ELEMENTARY SCHOOL,Elementary,grease_trap,12405 CARLSBAD HOUSTON TX,77085,OPEN,0,
2025-08-13,WAINWRIGHT ELEMENTARY SCHOOL,Elementary,grease_trap,5330 MILWEE HOUSTON TX,77092,OPEN,0,
2025-08-13,WAINWRIGHT ELEMENTARY SCHOOL,Elementary,inspection,5330 MILWEE HOUSTON TX,77092,OPEN,0,
2025-08-13,WAINWRIGHT ELEMENTARY SCHOOL,Elementary,inspection,5330 MILWEE HOUSTON TX,77092,OPEN,1,1 Houston Ordinance Violation: 20-21.23(a) (Violation)
2025-08-13,ROOSEVELT ELEMENTARY SCHOOL,Elementary,grease_trap,6700 FULTON ST HOUSTON TX,77022,OPEN,0,
2025-08-13,ROOSEVELT ELEMENTARY SCHOOL,Elementary,inspection,6700 FULTON ST HOUSTON TX,77022,OPEN,0,
2025-08-13,ROOSEVELT ELEMENTARY SCHOOL,Elementary,inspection,6700 FULTON ST HOUSTON TX,77022,OPEN,1,1 Houston Ordinance Violation: 20-21.03(c)(01) (Violation)
2025-08-12,SPRING WOODS HIGH SCHOOL,High School,inspection,2045 GESSNER HOUSTON TX,77080,OPEN,0,
2025-08-12,GOODMAN ELEMENTARY,Elementary,inspection,9325 DEER TRAIL HOUSTON TX,77088,OPEN,3,1 Houston Ordinance Violation: 20-21.05(a) (Violation) | 2 Houston Ordinance Violation: 20-21.11(a)(07) (Violation) | 3 Houston Ordinance Violation: 20-21.25(b)(03) (Violation)
2025-08-12,GOODMAN ELEMENTARY,Elementary,grease_trap,9325 DEER TRAIL HOUSTON TX,77088,OPEN,0,
2025-08-11,WORTHING HIGH SCHOOL-NUTRITION SERVICES,High School,inspection,9215 SCOTT ST HOUSTON TX,77051,OPEN,0,
2025-08-11,SOUTH EARLY COLLEGE HIGH SCHOOL,High School,inspection,1930 AIRPORT BLVD HOUSTON TX,77051,OPEN,0,
2025-08-10,A NEW EARLY CHILDHOOD CENTER #1,Elementary,inspection,10807 BOONE LOOP RD HOUSTON TX,77099,OPEN,0,
2025-08-04,ALLEN ALDRIDGE JR. ELEMENTARY SCHOOL,Elementary,inspection,15817 BLUE RIDGE RD MISSOURI CITY TX,77489,OPEN,2,1 Houston Ordinance Violation: 20-21.18(c) (Violation) | 2 Houston Ordinance Violation: 20-21.23(a) (Violation)
2025-08-04,ALLEN ALDRIDGE JR. ELEMENTARY SCHOOL,Elementary,grease_trap,15817 BLUE RIDGE RD MISSOURI CITY TX,77489,OPEN,0,
2025-07-24,ERMEL ELEMENTARY,Elementary,inspection,7103 WOODSMAN TRAIL HOUSTON TX,77040,OPEN,1,1 Houston Ordinance Violation: 20-21.10(a) (Violation)
2025-07-22,DEAR MAMA SUSIE'S,High School,inspection,2101 W LITTLE YORK RD HOUSTON TX,77091,OPEN,0,
2025-07-21,PARISH HALL,High School,inspection,7809 SHADYVILLA LN HOUSTON TX,77055,OPEN,0,
2025-07-21,PARISH HALL,High School,inspection,7809 SHADYVILLA LN HOUSTON TX,77055,OPEN,0,
2025-07-16,VARNETT CHARTER SCHOOL,Elementary,inspection,8311 MESA DR HOUSTON TX,77028,OPEN,0,
2025-07-16,VARNETT CHARTER SCHOOL,Elementary,inspection,8311 MESA DR HOUSTON TX,77028,OPEN,0,
2025-07-16,VARNETT CHARTER SCHOOL,Elementary,grease_trap,8311 MESA DR HOUSTON TX,77028,OPEN,0,
2025-07-16,VARNETT CHARTER SCHOOL,Elementary,grease_trap,8311 MESA DR HOUSTON TX,77028,OPEN,0,
2025-07-07,WEST FORK HIGH SCHOOL,High School,inspection,180 SORTERS MCCLELLAN RD KINGWOOD TX,77339,OPEN,2,1 Houston Ordinance Violation: 20-21.19(f) (Violation) | 2 Houston Ordinance Violation: 20-21.19(g) (Violation)
